USE gradehubdb;

-- Ngành và chuyên ngành
INSERT INTO nganh (ma_nganh, ten_nganh) VALUES ('CNTT', 'Công nghệ thông tin');
INSERT INTO chuyen_nganh (ma_chuyen_nganh, ma_nganh, ten_chuyen_nganh) VALUES ('CNTT1', 'CNTT', 'Kỹ thuật phần mềm');
INSERT INTO chuyen_nganh (ma_chuyen_nganh, ma_nganh, ten_chuyen_nganh) VALUES ('CNTT2', 'CNTT', 'Khoa học máy tính');
INSERT INTO nganh (ma_nganh, ten_nganh) VALUES ('NNA', 'Ngôn ngữ Anh');
INSERT INTO chuyen_nganh (ma_chuyen_nganh, ma_nganh, ten_chuyen_nganh) VALUES ('NNA1', 'NNA', 'Biên phiên dịch');
INSERT INTO chuyen_nganh (ma_chuyen_nganh, ma_nganh, ten_chuyen_nganh) VALUES ('NNA2', 'NNA', 'Giảng dạy tiếng Anh');
INSERT INTO nganh (ma_nganh, ten_nganh) VALUES ('QHQT', 'Quan hệ quốc tế');
INSERT INTO chuyen_nganh (ma_chuyen_nganh, ma_nganh, ten_chuyen_nganh) VALUES ('QHQT1', 'QHQT', 'Quan hệ chính trị');
INSERT INTO chuyen_nganh (ma_chuyen_nganh, ma_nganh, ten_chuyen_nganh) VALUES ('QHQT2', 'QHQT', 'Quan hệ kinh tế');
INSERT INTO nganh (ma_nganh, ten_nganh) VALUES ('NNTQ', 'Ngôn ngữ Trung Quốc');
INSERT INTO chuyen_nganh (ma_chuyen_nganh, ma_nganh, ten_chuyen_nganh) VALUES ('NNTQ1', 'NNTQ', 'Biên phiên dịch');
INSERT INTO chuyen_nganh (ma_chuyen_nganh, ma_nganh, ten_chuyen_nganh) VALUES ('NNTQ2', 'NNTQ', 'Hán ngữ thương mại');
INSERT INTO nganh (ma_nganh, ten_nganh) VALUES ('QTKD', 'Quản trị kinh doanh');
INSERT INTO chuyen_nganh (ma_chuyen_nganh, ma_nganh, ten_chuyen_nganh) VALUES ('QTKD1', 'QTKD', 'Quản trị nhân sự');
INSERT INTO chuyen_nganh (ma_chuyen_nganh, ma_nganh, ten_chuyen_nganh) VALUES ('QTKD2', 'QTKD', 'Marketing');
INSERT INTO nganh (ma_nganh, ten_nganh) VALUES ('LUAT', 'Luật');
INSERT INTO chuyen_nganh (ma_chuyen_nganh, ma_nganh, ten_chuyen_nganh) VALUES ('LUAT1', 'LUAT', 'Luật dân sự');
INSERT INTO chuyen_nganh (ma_chuyen_nganh, ma_nganh, ten_chuyen_nganh) VALUES ('LUAT2', 'LUAT', 'Luật hình sự');
INSERT INTO nganh (ma_nganh, ten_nganh) VALUES ('TCNH', 'Tài chính ngân hàng');
INSERT INTO chuyen_nganh (ma_chuyen_nganh, ma_nganh, ten_chuyen_nganh) VALUES ('TCNH1', 'TCNH', 'Ngân hàng');
INSERT INTO chuyen_nganh (ma_chuyen_nganh, ma_nganh, ten_chuyen_nganh) VALUES ('TCNH2', 'TCNH', 'Tài chính doanh nghiệp');
INSERT INTO nganh (ma_nganh, ten_nganh) VALUES ('KETOAN', 'Kế toán');
INSERT INTO chuyen_nganh (ma_chuyen_nganh, ma_nganh, ten_chuyen_nganh) VALUES ('KETOAN1', 'KETOAN', 'Kế toán kiểm toán');
INSERT INTO chuyen_nganh (ma_chuyen_nganh, ma_nganh, ten_chuyen_nganh) VALUES ('KETOAN2', 'KETOAN', 'Kế toán quản trị');
INSERT INTO nganh (ma_nganh, ten_nganh) VALUES ('QTKS', 'Quản trị khách sạn');
INSERT INTO chuyen_nganh (ma_chuyen_nganh, ma_nganh, ten_chuyen_nganh) VALUES ('QTKS1', 'QTKS', 'Khách sạn - Nhà hàng');
INSERT INTO chuyen_nganh (ma_chuyen_nganh, ma_nganh, ten_chuyen_nganh) VALUES ('QTKS2', 'QTKS', 'Dịch vụ lưu trú');
INSERT INTO nganh (ma_nganh, ten_nganh) VALUES ('DPH', 'Đông phương học');
INSERT INTO chuyen_nganh (ma_chuyen_nganh, ma_nganh, ten_chuyen_nganh) VALUES ('DPH1', 'DPH', 'Hàn Quốc học');
INSERT INTO chuyen_nganh (ma_chuyen_nganh, ma_nganh, ten_chuyen_nganh) VALUES ('DPH2', 'DPH', 'Nhật Bản học');

-- Người dùng, sinh viên, giảng viên
INSERT INTO nguoi_dung (email, mat_khau_hash, vai_tro) VALUES ('sv1@gmail.com', '123456', 'sinh_vien');
INSERT INTO sinh_vien (ma_sinh_vien, id_nguoi_dung, ho_ten, ngay_sinh, gioi_tinh, ma_nganh, ma_chuyen_nganh) VALUES ('SV0001', 1, 'Jeffrey Wilson', '2001-07-23', 'nu', 'CNTT', 'CNTT1');
INSERT INTO nguoi_dung (email, mat_khau_hash, vai_tro) VALUES ('sv2@gmail.com', '123456', 'sinh_vien');
INSERT INTO sinh_vien (ma_sinh_vien, id_nguoi_dung, ho_ten, ngay_sinh, gioi_tinh, ma_nganh, ma_chuyen_nganh) VALUES ('SV0002', 2, 'Katherine Brooks', '2007-06-17', 'nam', 'CNTT', 'CNTT1');
INSERT INTO nguoi_dung (email, mat_khau_hash, vai_tro) VALUES ('sv3@gmail.com', '123456', 'sinh_vien');
INSERT INTO sinh_vien (ma_sinh_vien, id_nguoi_dung, ho_ten, ngay_sinh, gioi_tinh, ma_nganh, ma_chuyen_nganh) VALUES ('SV0003', 3, 'Emily Barry MD', '2001-09-01', 'nam', 'CNTT', 'CNTT1');
INSERT INTO nguoi_dung (email, mat_khau_hash, vai_tro) VALUES ('sv4@gmail.com', '123456', 'sinh_vien');
INSERT INTO sinh_vien (ma_sinh_vien, id_nguoi_dung, ho_ten, ngay_sinh, gioi_tinh, ma_nganh, ma_chuyen_nganh) VALUES ('SV0004', 4, 'Anita Johnson', '2004-09-28', 'nu', 'CNTT', 'CNTT1');
INSERT INTO nguoi_dung (email, mat_khau_hash, vai_tro) VALUES ('sv5@gmail.com', '123456', 'sinh_vien');
INSERT INTO sinh_vien (ma_sinh_vien, id_nguoi_dung, ho_ten, ngay_sinh, gioi_tinh, ma_nganh, ma_chuyen_nganh) VALUES ('SV0005', 5, 'Bradley Hawkins', '2002-10-17', 'nam', 'CNTT', 'CNTT1');
INSERT INTO nguoi_dung (email, mat_khau_hash, vai_tro) VALUES ('sv6@gmail.com', '123456', 'sinh_vien');
INSERT INTO sinh_vien (ma_sinh_vien, id_nguoi_dung, ho_ten, ngay_sinh, gioi_tinh, ma_nganh, ma_chuyen_nganh) VALUES ('SV0006', 6, 'Laura Larsen', '2004-09-25', 'nu', 'CNTT', 'CNTT1');
INSERT INTO nguoi_dung (email, mat_khau_hash, vai_tro) VALUES ('sv7@gmail.com', '123456', 'sinh_vien');
INSERT INTO sinh_vien (ma_sinh_vien, id_nguoi_dung, ho_ten, ngay_sinh, gioi_tinh, ma_nganh, ma_chuyen_nganh) VALUES ('SV0007', 7, 'Yvonne Molina', '2004-11-27', 'nu', 'CNTT', 'CNTT1');
INSERT INTO nguoi_dung (email, mat_khau_hash, vai_tro) VALUES ('sv8@gmail.com', '123456', 'sinh_vien');
INSERT INTO sinh_vien (ma_sinh_vien, id_nguoi_dung, ho_ten, ngay_sinh, gioi_tinh, ma_nganh, ma_chuyen_nganh) VALUES ('SV0008', 8, 'Sylvia Hardy', '2005-07-13', 'nu', 'CNTT', 'CNTT2');
INSERT INTO nguoi_dung (email, mat_khau_hash, vai_tro) VALUES ('sv9@gmail.com', '123456', 'sinh_vien');
INSERT INTO sinh_vien (ma_sinh_vien, id_nguoi_dung, ho_ten, ngay_sinh, gioi_tinh, ma_nganh, ma_chuyen_nganh) VALUES ('SV0009', 9, 'Samuel Gonzales', '2002-07-03', 'nu', 'CNTT', 'CNTT2');
INSERT INTO nguoi_dung (email, mat_khau_hash, vai_tro) VALUES ('sv10@gmail.com', '123456', 'sinh_vien');
INSERT INTO sinh_vien (ma_sinh_vien, id_nguoi_dung, ho_ten, ngay_sinh, gioi_tinh, ma_nganh, ma_chuyen_nganh) VALUES ('SV0010', 10, 'Bradley Barnett', '2001-10-03', 'nu', 'CNTT', 'CNTT2');
INSERT INTO nguoi_dung (email, mat_khau_hash, vai_tro) VALUES ('sv11@gmail.com', '123456', 'sinh_vien');
INSERT INTO sinh_vien (ma_sinh_vien, id_nguoi_dung, ho_ten, ngay_sinh, gioi_tinh, ma_nganh, ma_chuyen_nganh) VALUES ('SV0011', 11, 'Sheri Miller', '2006-12-11', 'nam', 'CNTT', 'CNTT2');
INSERT INTO nguoi_dung (email, mat_khau_hash, vai_tro) VALUES ('sv12@gmail.com', '123456', 'sinh_vien');
INSERT INTO sinh_vien (ma_sinh_vien, id_nguoi_dung, ho_ten, ngay_sinh, gioi_tinh, ma_nganh, ma_chuyen_nganh) VALUES ('SV0012', 12, 'Linda Reynolds', '2005-02-25', 'nu', 'CNTT', 'CNTT2');
INSERT INTO nguoi_dung (email, mat_khau_hash, vai_tro) VALUES ('sv13@gmail.com', '123456', 'sinh_vien');
INSERT INTO sinh_vien (ma_sinh_vien, id_nguoi_dung, ho_ten, ngay_sinh, gioi_tinh, ma_nganh, ma_chuyen_nganh) VALUES ('SV0013', 13, 'Scott Wells', '2003-11-10', 'nu', 'CNTT', 'CNTT1');
INSERT INTO nguoi_dung (email, mat_khau_hash, vai_tro) VALUES ('sv14@gmail.com', '123456', 'sinh_vien');
INSERT INTO sinh_vien (ma_sinh_vien, id_nguoi_dung, ho_ten, ngay_sinh, gioi_tinh, ma_nganh, ma_chuyen_nganh) VALUES ('SV0014', 14, 'Chase Adams', '2001-11-30', 'nam', 'CNTT', 'CNTT1');
INSERT INTO nguoi_dung (email, mat_khau_hash, vai_tro) VALUES ('sv15@gmail.com', '123456', 'sinh_vien');
INSERT INTO sinh_vien (ma_sinh_vien, id_nguoi_dung, ho_ten, ngay_sinh, gioi_tinh, ma_nganh, ma_chuyen_nganh) VALUES ('SV0015', 15, 'Stephanie Griffin', '2006-07-18', 'nu', 'CNTT', 'CNTT1');
INSERT INTO nguoi_dung (email, mat_khau_hash, vai_tro) VALUES ('sv16@gmail.com', '123456', 'sinh_vien');
INSERT INTO sinh_vien (ma_sinh_vien, id_nguoi_dung, ho_ten, ngay_sinh, gioi_tinh, ma_nganh, ma_chuyen_nganh) VALUES ('SV0016', 16, 'Christopher Robinson', '2003-08-11', 'nu', 'CNTT', 'CNTT2');
INSERT INTO nguoi_dung (email, mat_khau_hash, vai_tro) VALUES ('sv17@gmail.com', '123456', 'sinh_vien');
INSERT INTO sinh_vien (ma_sinh_vien, id_nguoi_dung, ho_ten, ngay_sinh, gioi_tinh, ma_nganh, ma_chuyen_nganh) VALUES ('SV0017', 17, 'Jennifer Cox', '2003-01-19', 'nu', 'CNTT', 'CNTT2');
INSERT INTO nguoi_dung (email, mat_khau_hash, vai_tro) VALUES ('sv18@gmail.com', '123456', 'sinh_vien');
INSERT INTO sinh_vien (ma_sinh_vien, id_nguoi_dung, ho_ten, ngay_sinh, gioi_tinh, ma_nganh, ma_chuyen_nganh) VALUES ('SV0018', 18, 'James Castillo', '2005-01-24', 'nu', 'CNTT', 'CNTT2');
INSERT INTO nguoi_dung (email, mat_khau_hash, vai_tro) VALUES ('sv19@gmail.com', '123456', 'sinh_vien');
INSERT INTO sinh_vien (ma_sinh_vien, id_nguoi_dung, ho_ten, ngay_sinh, gioi_tinh, ma_nganh, ma_chuyen_nganh) VALUES ('SV0019', 19, 'Samuel Petersen', '2005-10-27', 'nu', 'CNTT', 'CNTT2');
INSERT INTO nguoi_dung (email, mat_khau_hash, vai_tro) VALUES ('sv20@gmail.com', '123456', 'sinh_vien');
INSERT INTO sinh_vien (ma_sinh_vien, id_nguoi_dung, ho_ten, ngay_sinh, gioi_tinh, ma_nganh, ma_chuyen_nganh) VALUES ('SV0020', 20, 'Veronica Orr', '2005-09-12', 'nu', 'CNTT', 'CNTT2');
INSERT INTO nguoi_dung (email, mat_khau_hash, vai_tro) VALUES ('gv1@gmail.com', '123456', 'giang_vien');
INSERT INTO giang_vien (ma_giang_vien, id_nguoi_dung, ho_ten, bo_mon, ma_nganh) VALUES ('GV0001', 21, 'Nicole Lopez', 'Bộ môn cơ sở ngành', 'CNTT');
INSERT INTO nguoi_dung (email, mat_khau_hash, vai_tro) VALUES ('gv2@gmail.com', '123456', 'giang_vien');
INSERT INTO giang_vien (ma_giang_vien, id_nguoi_dung, ho_ten, bo_mon, ma_nganh) VALUES ('GV0002', 22, 'Matthew Lewis', 'Bộ môn cơ sở ngành', 'CNTT');
INSERT INTO nguoi_dung (email, mat_khau_hash, vai_tro) VALUES ('gv3@gmail.com', '123456', 'giang_vien');
INSERT INTO giang_vien (ma_giang_vien, id_nguoi_dung, ho_ten, bo_mon, ma_nganh) VALUES ('GV0003', 23, 'Caitlin Taylor', 'Bộ môn cơ sở ngành', 'CNTT');
INSERT INTO nguoi_dung (email, mat_khau_hash, vai_tro) VALUES ('gv4@gmail.com', '123456', 'giang_vien');
INSERT INTO giang_vien (ma_giang_vien, id_nguoi_dung, ho_ten, bo_mon, ma_nganh) VALUES ('GV0004', 24, 'Joseph Hughes', 'Bộ môn cơ sở ngành', 'CNTT');
INSERT INTO nguoi_dung (email, mat_khau_hash, vai_tro) VALUES ('gv5@gmail.com', '123456', 'giang_vien');
INSERT INTO giang_vien (ma_giang_vien, id_nguoi_dung, ho_ten, bo_mon, ma_nganh) VALUES ('GV0005', 25, 'Anita Martin', 'Bộ môn cơ sở ngành', 'CNTT');
INSERT INTO nguoi_dung (email, mat_khau_hash, vai_tro) VALUES ('gv6@gmail.com', '123456', 'giang_vien');
INSERT INTO giang_vien (ma_giang_vien, id_nguoi_dung, ho_ten, bo_mon, ma_nganh) VALUES ('GV0006', 26, 'Ryan Nelson', 'Bộ môn cơ sở ngành', 'CNTT');
INSERT INTO nguoi_dung (email, mat_khau_hash, vai_tro) VALUES ('gv7@gmail.com', '123456', 'giang_vien');
INSERT INTO giang_vien (ma_giang_vien, id_nguoi_dung, ho_ten, bo_mon, ma_nganh) VALUES ('GV0007', 27, 'Michael Petersen', 'Bộ môn cơ sở ngành', 'CNTT');
INSERT INTO nguoi_dung (email, mat_khau_hash, vai_tro) VALUES ('gv8@gmail.com', '123456', 'giang_vien');
INSERT INTO giang_vien (ma_giang_vien, id_nguoi_dung, ho_ten, bo_mon, ma_nganh) VALUES ('GV0008', 28, 'Jacqueline Oconnor', 'Bộ môn cơ sở ngành', 'CNTT');
INSERT INTO nguoi_dung (email, mat_khau_hash, vai_tro) VALUES ('gv9@gmail.com', '123456', 'giang_vien');
INSERT INTO giang_vien (ma_giang_vien, id_nguoi_dung, ho_ten, bo_mon, ma_nganh) VALUES ('GV0009', 29, 'Richard Lopez', 'Bộ môn cơ sở ngành', 'CNTT');
INSERT INTO nguoi_dung (email, mat_khau_hash, vai_tro) VALUES ('gv10@gmail.com', '123456', 'giang_vien');
INSERT INTO giang_vien (ma_giang_vien, id_nguoi_dung, ho_ten, bo_mon, ma_nganh) VALUES ('GV0010', 30, 'Steven Payne', 'Bộ môn cơ sở ngành', 'CNTT');
INSERT INTO nguoi_dung (email, mat_khau_hash, vai_tro) VALUES ('sv21@gmail.com', '123456', 'sinh_vien');
INSERT INTO sinh_vien (ma_sinh_vien, id_nguoi_dung, ho_ten, ngay_sinh, gioi_tinh, ma_nganh, ma_chuyen_nganh) VALUES ('SV0021', 31, 'Mr. Trevor Moore PhD', '2001-12-24', 'nam', 'NNA', 'NNA1');
INSERT INTO nguoi_dung (email, mat_khau_hash, vai_tro) VALUES ('sv22@gmail.com', '123456', 'sinh_vien');
INSERT INTO sinh_vien (ma_sinh_vien, id_nguoi_dung, ho_ten, ngay_sinh, gioi_tinh, ma_nganh, ma_chuyen_nganh) VALUES ('SV0022', 32, 'Noah Turner', '2003-01-19', 'nu', 'NNA', 'NNA2');
INSERT INTO nguoi_dung (email, mat_khau_hash, vai_tro) VALUES ('sv23@gmail.com', '123456', 'sinh_vien');
INSERT INTO sinh_vien (ma_sinh_vien, id_nguoi_dung, ho_ten, ngay_sinh, gioi_tinh, ma_nganh, ma_chuyen_nganh) VALUES ('SV0023', 33, 'Taylor Smith', '2006-09-13', 'nam', 'NNA', 'NNA1');
INSERT INTO nguoi_dung (email, mat_khau_hash, vai_tro) VALUES ('sv24@gmail.com', '123456', 'sinh_vien');
INSERT INTO sinh_vien (ma_sinh_vien, id_nguoi_dung, ho_ten, ngay_sinh, gioi_tinh, ma_nganh, ma_chuyen_nganh) VALUES ('SV0024', 34, 'Grace Ellis', '2006-10-06', 'nu', 'NNA', 'NNA2');
INSERT INTO nguoi_dung (email, mat_khau_hash, vai_tro) VALUES ('sv25@gmail.com', '123456', 'sinh_vien');
INSERT INTO sinh_vien (ma_sinh_vien, id_nguoi_dung, ho_ten, ngay_sinh, gioi_tinh, ma_nganh, ma_chuyen_nganh) VALUES ('SV0025', 35, 'Matthew Durham', '2003-03-27', 'nu', 'NNA', 'NNA1');
INSERT INTO nguoi_dung (email, mat_khau_hash, vai_tro) VALUES ('sv26@gmail.com', '123456', 'sinh_vien');
INSERT INTO sinh_vien (ma_sinh_vien, id_nguoi_dung, ho_ten, ngay_sinh, gioi_tinh, ma_nganh, ma_chuyen_nganh) VALUES ('SV0026', 36, 'Stephanie Palmer', '2004-04-03', 'nu', 'NNA', 'NNA2');
INSERT INTO nguoi_dung (email, mat_khau_hash, vai_tro) VALUES ('sv27@gmail.com', '123456', 'sinh_vien');
INSERT INTO sinh_vien (ma_sinh_vien, id_nguoi_dung, ho_ten, ngay_sinh, gioi_tinh, ma_nganh, ma_chuyen_nganh) VALUES ('SV0027', 37, 'Jesse Morgan', '2007-04-08', 'nu', 'NNA', 'NNA2');
INSERT INTO nguoi_dung (email, mat_khau_hash, vai_tro) VALUES ('sv28@gmail.com', '123456', 'sinh_vien');
INSERT INTO sinh_vien (ma_sinh_vien, id_nguoi_dung, ho_ten, ngay_sinh, gioi_tinh, ma_nganh, ma_chuyen_nganh) VALUES ('SV0028', 38, 'Keith Choi', '2004-07-27', 'nam', 'NNA', 'NNA1');
INSERT INTO nguoi_dung (email, mat_khau_hash, vai_tro) VALUES ('sv29@gmail.com', '123456', 'sinh_vien');
INSERT INTO sinh_vien (ma_sinh_vien, id_nguoi_dung, ho_ten, ngay_sinh, gioi_tinh, ma_nganh, ma_chuyen_nganh) VALUES ('SV0029', 39, 'Jennifer Mcintyre', '2003-01-08', 'nu', 'NNA', 'NNA2');
INSERT INTO nguoi_dung (email, mat_khau_hash, vai_tro) VALUES ('sv30@gmail.com', '123456', 'sinh_vien');
INSERT INTO sinh_vien (ma_sinh_vien, id_nguoi_dung, ho_ten, ngay_sinh, gioi_tinh, ma_nganh, ma_chuyen_nganh) VALUES ('SV0030', 40, 'Rebecca Beasley', '2006-05-09', 'nu', 'NNA', 'NNA1');
INSERT INTO nguoi_dung (email, mat_khau_hash, vai_tro) VALUES ('sv31@gmail.com', '123456', 'sinh_vien');
INSERT INTO sinh_vien (ma_sinh_vien, id_nguoi_dung, ho_ten, ngay_sinh, gioi_tinh, ma_nganh, ma_chuyen_nganh) VALUES ('SV0031', 41, 'Chad Wright', '2003-10-14', 'nam', 'NNA', 'NNA1');
INSERT INTO nguoi_dung (email, mat_khau_hash, vai_tro) VALUES ('sv32@gmail.com', '123456', 'sinh_vien');
INSERT INTO sinh_vien (ma_sinh_vien, id_nguoi_dung, ho_ten, ngay_sinh, gioi_tinh, ma_nganh, ma_chuyen_nganh) VALUES ('SV0032', 42, 'Nicole Mathews', '2003-05-19', 'nam', 'NNA', 'NNA1');
INSERT INTO nguoi_dung (email, mat_khau_hash, vai_tro) VALUES ('sv33@gmail.com', '123456', 'sinh_vien');
INSERT INTO sinh_vien (ma_sinh_vien, id_nguoi_dung, ho_ten, ngay_sinh, gioi_tinh, ma_nganh, ma_chuyen_nganh) VALUES ('SV0033', 43, 'Felicia Gonzalez', '2003-08-23', 'nu', 'NNA', 'NNA2');
INSERT INTO nguoi_dung (email, mat_khau_hash, vai_tro) VALUES ('sv34@gmail.com', '123456', 'sinh_vien');
INSERT INTO sinh_vien (ma_sinh_vien, id_nguoi_dung, ho_ten, ngay_sinh, gioi_tinh, ma_nganh, ma_chuyen_nganh) VALUES ('SV0034', 44, 'Allison Guerrero', '2005-12-25', 'nam', 'NNA', 'NNA2');
INSERT INTO nguoi_dung (email, mat_khau_hash, vai_tro) VALUES ('sv35@gmail.com', '123456', 'sinh_vien');
INSERT INTO sinh_vien (ma_sinh_vien, id_nguoi_dung, ho_ten, ngay_sinh, gioi_tinh, ma_nganh, ma_chuyen_nganh) VALUES ('SV0035', 45, 'Tammy Chambers', '2003-01-13', 'nam', 'NNA', 'NNA2');
INSERT INTO nguoi_dung (email, mat_khau_hash, vai_tro) VALUES ('sv36@gmail.com', '123456', 'sinh_vien');
INSERT INTO sinh_vien (ma_sinh_vien, id_nguoi_dung, ho_ten, ngay_sinh, gioi_tinh, ma_nganh, ma_chuyen_nganh) VALUES ('SV0036', 46, 'Deanna Huber', '2006-06-14', 'nu', 'NNA', 'NNA1');
INSERT INTO nguoi_dung (email, mat_khau_hash, vai_tro) VALUES ('sv37@gmail.com', '123456', 'sinh_vien');
INSERT INTO sinh_vien (ma_sinh_vien, id_nguoi_dung, ho_ten, ngay_sinh, gioi_tinh, ma_nganh, ma_chuyen_nganh) VALUES ('SV0037', 47, 'Mariah Baker', '2001-08-30', 'nam', 'NNA', 'NNA2');
INSERT INTO nguoi_dung (email, mat_khau_hash, vai_tro) VALUES ('sv38@gmail.com', '123456', 'sinh_vien');
INSERT INTO sinh_vien (ma_sinh_vien, id_nguoi_dung, ho_ten, ngay_sinh, gioi_tinh, ma_nganh, ma_chuyen_nganh) VALUES ('SV0038', 48, 'Rebecca Thornton', '2005-10-03', 'nu', 'NNA', 'NNA2');
INSERT INTO nguoi_dung (email, mat_khau_hash, vai_tro) VALUES ('sv39@gmail.com', '123456', 'sinh_vien');
INSERT INTO sinh_vien (ma_sinh_vien, id_nguoi_dung, ho_ten, ngay_sinh, gioi_tinh, ma_nganh, ma_chuyen_nganh) VALUES ('SV0039', 49, 'Scott Graves', '2003-05-13', 'nam', 'NNA', 'NNA2');
INSERT INTO nguoi_dung (email, mat_khau_hash, vai_tro) VALUES ('sv40@gmail.com', '123456', 'sinh_vien');
INSERT INTO sinh_vien (ma_sinh_vien, id_nguoi_dung, ho_ten, ngay_sinh, gioi_tinh, ma_nganh, ma_chuyen_nganh) VALUES ('SV0040', 50, 'Jasmine Sanchez', '2002-09-06', 'nu', 'NNA', 'NNA2');
INSERT INTO nguoi_dung (email, mat_khau_hash, vai_tro) VALUES ('gv11@gmail.com', '123456', 'giang_vien');
INSERT INTO giang_vien (ma_giang_vien, id_nguoi_dung, ho_ten, bo_mon, ma_nganh) VALUES ('GV0011', 51, 'Christina Sutton', 'Bộ môn cơ sở ngành', 'NNA');
INSERT INTO nguoi_dung (email, mat_khau_hash, vai_tro) VALUES ('gv12@gmail.com', '123456', 'giang_vien');
INSERT INTO giang_vien (ma_giang_vien, id_nguoi_dung, ho_ten, bo_mon, ma_nganh) VALUES ('GV0012', 52, 'Jacob Franklin', 'Bộ môn cơ sở ngành', 'NNA');
INSERT INTO nguoi_dung (email, mat_khau_hash, vai_tro) VALUES ('gv13@gmail.com', '123456', 'giang_vien');
INSERT INTO giang_vien (ma_giang_vien, id_nguoi_dung, ho_ten, bo_mon, ma_nganh) VALUES ('GV0013', 53, 'Clarence Novak', 'Bộ môn cơ sở ngành', 'NNA');
INSERT INTO nguoi_dung (email, mat_khau_hash, vai_tro) VALUES ('gv14@gmail.com', '123456', 'giang_vien');
INSERT INTO giang_vien (ma_giang_vien, id_nguoi_dung, ho_ten, bo_mon, ma_nganh) VALUES ('GV0014', 54, 'Michelle Stephens', 'Bộ môn cơ sở ngành', 'NNA');
INSERT INTO nguoi_dung (email, mat_khau_hash, vai_tro) VALUES ('gv15@gmail.com', '123456', 'giang_vien');
INSERT INTO giang_vien (ma_giang_vien, id_nguoi_dung, ho_ten, bo_mon, ma_nganh) VALUES ('GV0015', 55, 'Devin Ramos', 'Bộ môn cơ sở ngành', 'NNA');
INSERT INTO nguoi_dung (email, mat_khau_hash, vai_tro) VALUES ('gv16@gmail.com', '123456', 'giang_vien');
INSERT INTO giang_vien (ma_giang_vien, id_nguoi_dung, ho_ten, bo_mon, ma_nganh) VALUES ('GV0016', 56, 'Donna Bell', 'Bộ môn cơ sở ngành', 'NNA');
INSERT INTO nguoi_dung (email, mat_khau_hash, vai_tro) VALUES ('gv17@gmail.com', '123456', 'giang_vien');
INSERT INTO giang_vien (ma_giang_vien, id_nguoi_dung, ho_ten, bo_mon, ma_nganh) VALUES ('GV0017', 57, 'Nathaniel Cameron', 'Bộ môn cơ sở ngành', 'NNA');
INSERT INTO nguoi_dung (email, mat_khau_hash, vai_tro) VALUES ('gv18@gmail.com', '123456', 'giang_vien');
INSERT INTO giang_vien (ma_giang_vien, id_nguoi_dung, ho_ten, bo_mon, ma_nganh) VALUES ('GV0018', 58, 'Brian Munoz', 'Bộ môn cơ sở ngành', 'NNA');
INSERT INTO nguoi_dung (email, mat_khau_hash, vai_tro) VALUES ('gv19@gmail.com', '123456', 'giang_vien');
INSERT INTO giang_vien (ma_giang_vien, id_nguoi_dung, ho_ten, bo_mon, ma_nganh) VALUES ('GV0019', 59, 'Jennifer Watkins', 'Bộ môn cơ sở ngành', 'NNA');
INSERT INTO nguoi_dung (email, mat_khau_hash, vai_tro) VALUES ('gv20@gmail.com', '123456', 'giang_vien');
INSERT INTO giang_vien (ma_giang_vien, id_nguoi_dung, ho_ten, bo_mon, ma_nganh) VALUES ('GV0020', 60, 'Terry Shepard', 'Bộ môn cơ sở ngành', 'NNA');
INSERT INTO nguoi_dung (email, mat_khau_hash, vai_tro) VALUES ('sv41@gmail.com', '123456', 'sinh_vien');
INSERT INTO sinh_vien (ma_sinh_vien, id_nguoi_dung, ho_ten, ngay_sinh, gioi_tinh, ma_nganh, ma_chuyen_nganh) VALUES ('SV0041', 61, 'Dennis Nunez', '2002-12-11', 'nu', 'QHQT', 'QHQT2');
INSERT INTO nguoi_dung (email, mat_khau_hash, vai_tro) VALUES ('sv42@gmail.com', '123456', 'sinh_vien');
INSERT INTO sinh_vien (ma_sinh_vien, id_nguoi_dung, ho_ten, ngay_sinh, gioi_tinh, ma_nganh, ma_chuyen_nganh) VALUES ('SV0042', 62, 'Michael Burns', '2005-05-11', 'nam', 'QHQT', 'QHQT1');
INSERT INTO nguoi_dung (email, mat_khau_hash, vai_tro) VALUES ('sv43@gmail.com', '123456', 'sinh_vien');
INSERT INTO sinh_vien (ma_sinh_vien, id_nguoi_dung, ho_ten, ngay_sinh, gioi_tinh, ma_nganh, ma_chuyen_nganh) VALUES ('SV0043', 63, 'Melissa Castro', '2002-04-03', 'nam', 'QHQT', 'QHQT1');
INSERT INTO nguoi_dung (email, mat_khau_hash, vai_tro) VALUES ('sv44@gmail.com', '123456', 'sinh_vien');
INSERT INTO sinh_vien (ma_sinh_vien, id_nguoi_dung, ho_ten, ngay_sinh, gioi_tinh, ma_nganh, ma_chuyen_nganh) VALUES ('SV0044', 64, 'David Brooks', '2005-07-25', 'nu', 'QHQT', 'QHQT1');
INSERT INTO nguoi_dung (email, mat_khau_hash, vai_tro) VALUES ('sv45@gmail.com', '123456', 'sinh_vien');
INSERT INTO sinh_vien (ma_sinh_vien, id_nguoi_dung, ho_ten, ngay_sinh, gioi_tinh, ma_nganh, ma_chuyen_nganh) VALUES ('SV0045', 65, 'Amber Davidson', '2002-01-01', 'nu', 'QHQT', 'QHQT1');
INSERT INTO nguoi_dung (email, mat_khau_hash, vai_tro) VALUES ('sv46@gmail.com', '123456', 'sinh_vien');
INSERT INTO sinh_vien (ma_sinh_vien, id_nguoi_dung, ho_ten, ngay_sinh, gioi_tinh, ma_nganh, ma_chuyen_nganh) VALUES ('SV0046', 66, 'Sara Black', '2002-02-27', 'nam', 'QHQT', 'QHQT1');
INSERT INTO nguoi_dung (email, mat_khau_hash, vai_tro) VALUES ('sv47@gmail.com', '123456', 'sinh_vien');
INSERT INTO sinh_vien (ma_sinh_vien, id_nguoi_dung, ho_ten, ngay_sinh, gioi_tinh, ma_nganh, ma_chuyen_nganh) VALUES ('SV0047', 67, 'Jessica Mathis', '2006-11-06', 'nu', 'QHQT', 'QHQT2');
INSERT INTO nguoi_dung (email, mat_khau_hash, vai_tro) VALUES ('sv48@gmail.com', '123456', 'sinh_vien');
INSERT INTO sinh_vien (ma_sinh_vien, id_nguoi_dung, ho_ten, ngay_sinh, gioi_tinh, ma_nganh, ma_chuyen_nganh) VALUES ('SV0048', 68, 'Courtney Smith', '2003-03-07', 'nu', 'QHQT', 'QHQT1');
INSERT INTO nguoi_dung (email, mat_khau_hash, vai_tro) VALUES ('sv49@gmail.com', '123456', 'sinh_vien');
INSERT INTO sinh_vien (ma_sinh_vien, id_nguoi_dung, ho_ten, ngay_sinh, gioi_tinh, ma_nganh, ma_chuyen_nganh) VALUES ('SV0049', 69, 'James Gordon', '2006-07-27', 'nu', 'QHQT', 'QHQT2');
INSERT INTO nguoi_dung (email, mat_khau_hash, vai_tro) VALUES ('sv50@gmail.com', '123456', 'sinh_vien');
INSERT INTO sinh_vien (ma_sinh_vien, id_nguoi_dung, ho_ten, ngay_sinh, gioi_tinh, ma_nganh, ma_chuyen_nganh) VALUES ('SV0050', 70, 'Linda Herring', '2004-02-12', 'nu', 'QHQT', 'QHQT2');
INSERT INTO nguoi_dung (email, mat_khau_hash, vai_tro) VALUES ('sv51@gmail.com', '123456', 'sinh_vien');
INSERT INTO sinh_vien (ma_sinh_vien, id_nguoi_dung, ho_ten, ngay_sinh, gioi_tinh, ma_nganh, ma_chuyen_nganh) VALUES ('SV0051', 71, 'Kirk Massey', '2002-04-10', 'nu', 'QHQT', 'QHQT2');
INSERT INTO nguoi_dung (email, mat_khau_hash, vai_tro) VALUES ('sv52@gmail.com', '123456', 'sinh_vien');
INSERT INTO sinh_vien (ma_sinh_vien, id_nguoi_dung, ho_ten, ngay_sinh, gioi_tinh, ma_nganh, ma_chuyen_nganh) VALUES ('SV0052', 72, 'Jennifer Montoya', '2004-08-23', 'nu', 'QHQT', 'QHQT1');
INSERT INTO nguoi_dung (email, mat_khau_hash, vai_tro) VALUES ('sv53@gmail.com', '123456', 'sinh_vien');
INSERT INTO sinh_vien (ma_sinh_vien, id_nguoi_dung, ho_ten, ngay_sinh, gioi_tinh, ma_nganh, ma_chuyen_nganh) VALUES ('SV0053', 73, 'Wayne Murphy', '2006-02-14', 'nu', 'QHQT', 'QHQT2');
INSERT INTO nguoi_dung (email, mat_khau_hash, vai_tro) VALUES ('sv54@gmail.com', '123456', 'sinh_vien');
INSERT INTO sinh_vien (ma_sinh_vien, id_nguoi_dung, ho_ten, ngay_sinh, gioi_tinh, ma_nganh, ma_chuyen_nganh) VALUES ('SV0054', 74, 'Summer Ford', '2005-07-07', 'nam', 'QHQT', 'QHQT2');
INSERT INTO nguoi_dung (email, mat_khau_hash, vai_tro) VALUES ('sv55@gmail.com', '123456', 'sinh_vien');
INSERT INTO sinh_vien (ma_sinh_vien, id_nguoi_dung, ho_ten, ngay_sinh, gioi_tinh, ma_nganh, ma_chuyen_nganh) VALUES ('SV0055', 75, 'Lisa Johnson', '2003-01-10', 'nu', 'QHQT', 'QHQT2');
INSERT INTO nguoi_dung (email, mat_khau_hash, vai_tro) VALUES ('sv56@gmail.com', '123456', 'sinh_vien');
INSERT INTO sinh_vien (ma_sinh_vien, id_nguoi_dung, ho_ten, ngay_sinh, gioi_tinh, ma_nganh, ma_chuyen_nganh) VALUES ('SV0056', 76, 'Sarah Norman MD', '2005-12-20', 'nu', 'QHQT', 'QHQT2');
INSERT INTO nguoi_dung (email, mat_khau_hash, vai_tro) VALUES ('sv57@gmail.com', '123456', 'sinh_vien');
INSERT INTO sinh_vien (ma_sinh_vien, id_nguoi_dung, ho_ten, ngay_sinh, gioi_tinh, ma_nganh, ma_chuyen_nganh) VALUES ('SV0057', 77, 'Jacqueline Yu', '2001-10-05', 'nam', 'QHQT', 'QHQT1');
INSERT INTO nguoi_dung (email, mat_khau_hash, vai_tro) VALUES ('sv58@gmail.com', '123456', 'sinh_vien');
INSERT INTO sinh_vien (ma_sinh_vien, id_nguoi_dung, ho_ten, ngay_sinh, gioi_tinh, ma_nganh, ma_chuyen_nganh) VALUES ('SV0058', 78, 'Angela Hunter', '2002-11-13', 'nu', 'QHQT', 'QHQT1');
INSERT INTO nguoi_dung (email, mat_khau_hash, vai_tro) VALUES ('sv59@gmail.com', '123456', 'sinh_vien');
INSERT INTO sinh_vien (ma_sinh_vien, id_nguoi_dung, ho_ten, ngay_sinh, gioi_tinh, ma_nganh, ma_chuyen_nganh) VALUES ('SV0059', 79, 'Amy Cox', '2005-06-07', 'nu', 'QHQT', 'QHQT2');
INSERT INTO nguoi_dung (email, mat_khau_hash, vai_tro) VALUES ('sv60@gmail.com', '123456', 'sinh_vien');
INSERT INTO sinh_vien (ma_sinh_vien, id_nguoi_dung, ho_ten, ngay_sinh, gioi_tinh, ma_nganh, ma_chuyen_nganh) VALUES ('SV0060', 80, 'Dylan Ryan', '2005-01-04', 'nu', 'QHQT', 'QHQT2');
INSERT INTO nguoi_dung (email, mat_khau_hash, vai_tro) VALUES ('gv21@gmail.com', '123456', 'giang_vien');
INSERT INTO giang_vien (ma_giang_vien, id_nguoi_dung, ho_ten, bo_mon, ma_nganh) VALUES ('GV0021', 81, 'Ryan Graham', 'Bộ môn cơ sở ngành', 'QHQT');
INSERT INTO nguoi_dung (email, mat_khau_hash, vai_tro) VALUES ('gv22@gmail.com', '123456', 'giang_vien');
INSERT INTO giang_vien (ma_giang_vien, id_nguoi_dung, ho_ten, bo_mon, ma_nganh) VALUES ('GV0022', 82, 'Susan Roberts', 'Bộ môn cơ sở ngành', 'QHQT');
INSERT INTO nguoi_dung (email, mat_khau_hash, vai_tro) VALUES ('gv23@gmail.com', '123456', 'giang_vien');
INSERT INTO giang_vien (ma_giang_vien, id_nguoi_dung, ho_ten, bo_mon, ma_nganh) VALUES ('GV0023', 83, 'Seth Ward', 'Bộ môn cơ sở ngành', 'QHQT');
INSERT INTO nguoi_dung (email, mat_khau_hash, vai_tro) VALUES ('gv24@gmail.com', '123456', 'giang_vien');
INSERT INTO giang_vien (ma_giang_vien, id_nguoi_dung, ho_ten, bo_mon, ma_nganh) VALUES ('GV0024', 84, 'Mark Goodman', 'Bộ môn cơ sở ngành', 'QHQT');
INSERT INTO nguoi_dung (email, mat_khau_hash, vai_tro) VALUES ('gv25@gmail.com', '123456', 'giang_vien');
INSERT INTO giang_vien (ma_giang_vien, id_nguoi_dung, ho_ten, bo_mon, ma_nganh) VALUES ('GV0025', 85, 'Kristina Steele', 'Bộ môn cơ sở ngành', 'QHQT');
INSERT INTO nguoi_dung (email, mat_khau_hash, vai_tro) VALUES ('gv26@gmail.com', '123456', 'giang_vien');
INSERT INTO giang_vien (ma_giang_vien, id_nguoi_dung, ho_ten, bo_mon, ma_nganh) VALUES ('GV0026', 86, 'Andrew Cardenas', 'Bộ môn cơ sở ngành', 'QHQT');
INSERT INTO nguoi_dung (email, mat_khau_hash, vai_tro) VALUES ('gv27@gmail.com', '123456', 'giang_vien');
INSERT INTO giang_vien (ma_giang_vien, id_nguoi_dung, ho_ten, bo_mon, ma_nganh) VALUES ('GV0027', 87, 'Angie Anderson', 'Bộ môn cơ sở ngành', 'QHQT');
INSERT INTO nguoi_dung (email, mat_khau_hash, vai_tro) VALUES ('gv28@gmail.com', '123456', 'giang_vien');
INSERT INTO giang_vien (ma_giang_vien, id_nguoi_dung, ho_ten, bo_mon, ma_nganh) VALUES ('GV0028', 88, 'Erika Ryan', 'Bộ môn cơ sở ngành', 'QHQT');
INSERT INTO nguoi_dung (email, mat_khau_hash, vai_tro) VALUES ('gv29@gmail.com', '123456', 'giang_vien');
INSERT INTO giang_vien (ma_giang_vien, id_nguoi_dung, ho_ten, bo_mon, ma_nganh) VALUES ('GV0029', 89, 'Brian Garcia', 'Bộ môn cơ sở ngành', 'QHQT');
INSERT INTO nguoi_dung (email, mat_khau_hash, vai_tro) VALUES ('gv30@gmail.com', '123456', 'giang_vien');
INSERT INTO giang_vien (ma_giang_vien, id_nguoi_dung, ho_ten, bo_mon, ma_nganh) VALUES ('GV0030', 90, 'Michael Hughes', 'Bộ môn cơ sở ngành', 'QHQT');
INSERT INTO nguoi_dung (email, mat_khau_hash, vai_tro) VALUES ('sv61@gmail.com', '123456', 'sinh_vien');
INSERT INTO sinh_vien (ma_sinh_vien, id_nguoi_dung, ho_ten, ngay_sinh, gioi_tinh, ma_nganh, ma_chuyen_nganh) VALUES ('SV0061', 91, 'David Wood', '2004-05-03', 'nu', 'NNTQ', 'NNTQ1');
INSERT INTO nguoi_dung (email, mat_khau_hash, vai_tro) VALUES ('sv62@gmail.com', '123456', 'sinh_vien');
INSERT INTO sinh_vien (ma_sinh_vien, id_nguoi_dung, ho_ten, ngay_sinh, gioi_tinh, ma_nganh, ma_chuyen_nganh) VALUES ('SV0062', 92, 'Jeremiah Garcia', '2001-08-08', 'nam', 'NNTQ', 'NNTQ1');
INSERT INTO nguoi_dung (email, mat_khau_hash, vai_tro) VALUES ('sv63@gmail.com', '123456', 'sinh_vien');
INSERT INTO sinh_vien (ma_sinh_vien, id_nguoi_dung, ho_ten, ngay_sinh, gioi_tinh, ma_nganh, ma_chuyen_nganh) VALUES ('SV0063', 93, 'Shawn Shaw', '2004-12-13', 'nam', 'NNTQ', 'NNTQ1');
INSERT INTO nguoi_dung (email, mat_khau_hash, vai_tro) VALUES ('sv64@gmail.com', '123456', 'sinh_vien');
INSERT INTO sinh_vien (ma_sinh_vien, id_nguoi_dung, ho_ten, ngay_sinh, gioi_tinh, ma_nganh, ma_chuyen_nganh) VALUES ('SV0064', 94, 'Rachel Martin', '2005-08-07', 'nam', 'NNTQ', 'NNTQ2');
INSERT INTO nguoi_dung (email, mat_khau_hash, vai_tro) VALUES ('sv65@gmail.com', '123456', 'sinh_vien');
INSERT INTO sinh_vien (ma_sinh_vien, id_nguoi_dung, ho_ten, ngay_sinh, gioi_tinh, ma_nganh, ma_chuyen_nganh) VALUES ('SV0065', 95, 'Michael Rice', '2003-02-14', 'nam', 'NNTQ', 'NNTQ2');
INSERT INTO nguoi_dung (email, mat_khau_hash, vai_tro) VALUES ('sv66@gmail.com', '123456', 'sinh_vien');
INSERT INTO sinh_vien (ma_sinh_vien, id_nguoi_dung, ho_ten, ngay_sinh, gioi_tinh, ma_nganh, ma_chuyen_nganh) VALUES ('SV0066', 96, 'Cory Haley', '2005-03-15', 'nam', 'NNTQ', 'NNTQ1');
INSERT INTO nguoi_dung (email, mat_khau_hash, vai_tro) VALUES ('sv67@gmail.com', '123456', 'sinh_vien');
INSERT INTO sinh_vien (ma_sinh_vien, id_nguoi_dung, ho_ten, ngay_sinh, gioi_tinh, ma_nganh, ma_chuyen_nganh) VALUES ('SV0067', 97, 'Matthew Smith Jr.', '2006-09-25', 'nu', 'NNTQ', 'NNTQ1');
INSERT INTO nguoi_dung (email, mat_khau_hash, vai_tro) VALUES ('sv68@gmail.com', '123456', 'sinh_vien');
INSERT INTO sinh_vien (ma_sinh_vien, id_nguoi_dung, ho_ten, ngay_sinh, gioi_tinh, ma_nganh, ma_chuyen_nganh) VALUES ('SV0068', 98, 'Erin Glass', '2003-09-08', 'nam', 'NNTQ', 'NNTQ1');
INSERT INTO nguoi_dung (email, mat_khau_hash, vai_tro) VALUES ('sv69@gmail.com', '123456', 'sinh_vien');
INSERT INTO sinh_vien (ma_sinh_vien, id_nguoi_dung, ho_ten, ngay_sinh, gioi_tinh, ma_nganh, ma_chuyen_nganh) VALUES ('SV0069', 99, 'Samantha Hernandez', '2001-11-26', 'nu', 'NNTQ', 'NNTQ1');
INSERT INTO nguoi_dung (email, mat_khau_hash, vai_tro) VALUES ('sv70@gmail.com', '123456', 'sinh_vien');
INSERT INTO sinh_vien (ma_sinh_vien, id_nguoi_dung, ho_ten, ngay_sinh, gioi_tinh, ma_nganh, ma_chuyen_nganh) VALUES ('SV0070', 100, 'Keith Sheppard', '2003-08-17', 'nam', 'NNTQ', 'NNTQ2');
INSERT INTO nguoi_dung (email, mat_khau_hash, vai_tro) VALUES ('sv71@gmail.com', '123456', 'sinh_vien');
INSERT INTO sinh_vien (ma_sinh_vien, id_nguoi_dung, ho_ten, ngay_sinh, gioi_tinh, ma_nganh, ma_chuyen_nganh) VALUES ('SV0071', 101, 'Angela Gill', '2005-12-29', 'nam', 'NNTQ', 'NNTQ1');
INSERT INTO nguoi_dung (email, mat_khau_hash, vai_tro) VALUES ('sv72@gmail.com', '123456', 'sinh_vien');
INSERT INTO sinh_vien (ma_sinh_vien, id_nguoi_dung, ho_ten, ngay_sinh, gioi_tinh, ma_nganh, ma_chuyen_nganh) VALUES ('SV0072', 102, 'Wendy Kelly', '2006-11-29', 'nu', 'NNTQ', 'NNTQ1');
INSERT INTO nguoi_dung (email, mat_khau_hash, vai_tro) VALUES ('sv73@gmail.com', '123456', 'sinh_vien');
INSERT INTO sinh_vien (ma_sinh_vien, id_nguoi_dung, ho_ten, ngay_sinh, gioi_tinh, ma_nganh, ma_chuyen_nganh) VALUES ('SV0073', 103, 'James Moore', '2006-01-16', 'nam', 'NNTQ', 'NNTQ2');
INSERT INTO nguoi_dung (email, mat_khau_hash, vai_tro) VALUES ('sv74@gmail.com', '123456', 'sinh_vien');
INSERT INTO sinh_vien (ma_sinh_vien, id_nguoi_dung, ho_ten, ngay_sinh, gioi_tinh, ma_nganh, ma_chuyen_nganh) VALUES ('SV0074', 104, 'Jennifer Alexander', '2006-01-07', 'nu', 'NNTQ', 'NNTQ2');
INSERT INTO nguoi_dung (email, mat_khau_hash, vai_tro) VALUES ('sv75@gmail.com', '123456', 'sinh_vien');
INSERT INTO sinh_vien (ma_sinh_vien, id_nguoi_dung, ho_ten, ngay_sinh, gioi_tinh, ma_nganh, ma_chuyen_nganh) VALUES ('SV0075', 105, 'Joshua Garrett', '2003-01-29', 'nu', 'NNTQ', 'NNTQ2');
INSERT INTO nguoi_dung (email, mat_khau_hash, vai_tro) VALUES ('sv76@gmail.com', '123456', 'sinh_vien');
INSERT INTO sinh_vien (ma_sinh_vien, id_nguoi_dung, ho_ten, ngay_sinh, gioi_tinh, ma_nganh, ma_chuyen_nganh) VALUES ('SV0076', 106, 'Amanda Payne', '2002-10-26', 'nu', 'NNTQ', 'NNTQ2');
INSERT INTO nguoi_dung (email, mat_khau_hash, vai_tro) VALUES ('sv77@gmail.com', '123456', 'sinh_vien');
INSERT INTO sinh_vien (ma_sinh_vien, id_nguoi_dung, ho_ten, ngay_sinh, gioi_tinh, ma_nganh, ma_chuyen_nganh) VALUES ('SV0077', 107, 'Steven Gibson', '2001-11-06', 'nam', 'NNTQ', 'NNTQ1');
INSERT INTO nguoi_dung (email, mat_khau_hash, vai_tro) VALUES ('sv78@gmail.com', '123456', 'sinh_vien');
INSERT INTO sinh_vien (ma_sinh_vien, id_nguoi_dung, ho_ten, ngay_sinh, gioi_tinh, ma_nganh, ma_chuyen_nganh) VALUES ('SV0078', 108, 'James Williams', '2005-02-25', 'nam', 'NNTQ', 'NNTQ1');
INSERT INTO nguoi_dung (email, mat_khau_hash, vai_tro) VALUES ('sv79@gmail.com', '123456', 'sinh_vien');
INSERT INTO sinh_vien (ma_sinh_vien, id_nguoi_dung, ho_ten, ngay_sinh, gioi_tinh, ma_nganh, ma_chuyen_nganh) VALUES ('SV0079', 109, 'Cynthia Miller', '2006-04-09', 'nu', 'NNTQ', 'NNTQ2');
INSERT INTO nguoi_dung (email, mat_khau_hash, vai_tro) VALUES ('sv80@gmail.com', '123456', 'sinh_vien');
INSERT INTO sinh_vien (ma_sinh_vien, id_nguoi_dung, ho_ten, ngay_sinh, gioi_tinh, ma_nganh, ma_chuyen_nganh) VALUES ('SV0080', 110, 'Jeffrey Kelley', '2005-04-10', 'nu', 'NNTQ', 'NNTQ2');
INSERT INTO nguoi_dung (email, mat_khau_hash, vai_tro) VALUES ('gv31@gmail.com', '123456', 'giang_vien');
INSERT INTO giang_vien (ma_giang_vien, id_nguoi_dung, ho_ten, bo_mon, ma_nganh) VALUES ('GV0031', 111, 'Katherine Allen', 'Bộ môn cơ sở ngành', 'NNTQ');
INSERT INTO nguoi_dung (email, mat_khau_hash, vai_tro) VALUES ('gv32@gmail.com', '123456', 'giang_vien');
INSERT INTO giang_vien (ma_giang_vien, id_nguoi_dung, ho_ten, bo_mon, ma_nganh) VALUES ('GV0032', 112, 'David Rogers', 'Bộ môn cơ sở ngành', 'NNTQ');
INSERT INTO nguoi_dung (email, mat_khau_hash, vai_tro) VALUES ('gv33@gmail.com', '123456', 'giang_vien');
INSERT INTO giang_vien (ma_giang_vien, id_nguoi_dung, ho_ten, bo_mon, ma_nganh) VALUES ('GV0033', 113, 'Jake Simmons', 'Bộ môn cơ sở ngành', 'NNTQ');
INSERT INTO nguoi_dung (email, mat_khau_hash, vai_tro) VALUES ('gv34@gmail.com', '123456', 'giang_vien');
INSERT INTO giang_vien (ma_giang_vien, id_nguoi_dung, ho_ten, bo_mon, ma_nganh) VALUES ('GV0034', 114, 'Gerald Chavez', 'Bộ môn cơ sở ngành', 'NNTQ');
INSERT INTO nguoi_dung (email, mat_khau_hash, vai_tro) VALUES ('gv35@gmail.com', '123456', 'giang_vien');
INSERT INTO giang_vien (ma_giang_vien, id_nguoi_dung, ho_ten, bo_mon, ma_nganh) VALUES ('GV0035', 115, 'Jose Howard', 'Bộ môn cơ sở ngành', 'NNTQ');
INSERT INTO nguoi_dung (email, mat_khau_hash, vai_tro) VALUES ('gv36@gmail.com', '123456', 'giang_vien');
INSERT INTO giang_vien (ma_giang_vien, id_nguoi_dung, ho_ten, bo_mon, ma_nganh) VALUES ('GV0036', 116, 'Connie Nielsen', 'Bộ môn cơ sở ngành', 'NNTQ');
INSERT INTO nguoi_dung (email, mat_khau_hash, vai_tro) VALUES ('gv37@gmail.com', '123456', 'giang_vien');
INSERT INTO giang_vien (ma_giang_vien, id_nguoi_dung, ho_ten, bo_mon, ma_nganh) VALUES ('GV0037', 117, 'Shawn Harrison', 'Bộ môn cơ sở ngành', 'NNTQ');
INSERT INTO nguoi_dung (email, mat_khau_hash, vai_tro) VALUES ('gv38@gmail.com', '123456', 'giang_vien');
INSERT INTO giang_vien (ma_giang_vien, id_nguoi_dung, ho_ten, bo_mon, ma_nganh) VALUES ('GV0038', 118, 'Melissa Johnson', 'Bộ môn cơ sở ngành', 'NNTQ');
INSERT INTO nguoi_dung (email, mat_khau_hash, vai_tro) VALUES ('gv39@gmail.com', '123456', 'giang_vien');
INSERT INTO giang_vien (ma_giang_vien, id_nguoi_dung, ho_ten, bo_mon, ma_nganh) VALUES ('GV0039', 119, 'Stephanie Jimenez', 'Bộ môn cơ sở ngành', 'NNTQ');
INSERT INTO nguoi_dung (email, mat_khau_hash, vai_tro) VALUES ('gv40@gmail.com', '123456', 'giang_vien');
INSERT INTO giang_vien (ma_giang_vien, id_nguoi_dung, ho_ten, bo_mon, ma_nganh) VALUES ('GV0040', 120, 'Jessica Owens', 'Bộ môn cơ sở ngành', 'NNTQ');
INSERT INTO nguoi_dung (email, mat_khau_hash, vai_tro) VALUES ('sv81@gmail.com', '123456', 'sinh_vien');
INSERT INTO sinh_vien (ma_sinh_vien, id_nguoi_dung, ho_ten, ngay_sinh, gioi_tinh, ma_nganh, ma_chuyen_nganh) VALUES ('SV0081', 121, 'Andrea Walker', '2007-03-25', 'nu', 'QTKD', 'QTKD2');
INSERT INTO nguoi_dung (email, mat_khau_hash, vai_tro) VALUES ('sv82@gmail.com', '123456', 'sinh_vien');
INSERT INTO sinh_vien (ma_sinh_vien, id_nguoi_dung, ho_ten, ngay_sinh, gioi_tinh, ma_nganh, ma_chuyen_nganh) VALUES ('SV0082', 122, 'Angela Sanchez', '2006-06-17', 'nam', 'QTKD', 'QTKD2');
INSERT INTO nguoi_dung (email, mat_khau_hash, vai_tro) VALUES ('sv83@gmail.com', '123456', 'sinh_vien');
INSERT INTO sinh_vien (ma_sinh_vien, id_nguoi_dung, ho_ten, ngay_sinh, gioi_tinh, ma_nganh, ma_chuyen_nganh) VALUES ('SV0083', 123, 'Eric Lara', '2005-03-18', 'nu', 'QTKD', 'QTKD2');
INSERT INTO nguoi_dung (email, mat_khau_hash, vai_tro) VALUES ('sv84@gmail.com', '123456', 'sinh_vien');
INSERT INTO sinh_vien (ma_sinh_vien, id_nguoi_dung, ho_ten, ngay_sinh, gioi_tinh, ma_nganh, ma_chuyen_nganh) VALUES ('SV0084', 124, 'Stephanie Garrett', '2001-11-27', 'nu', 'QTKD', 'QTKD1');
INSERT INTO nguoi_dung (email, mat_khau_hash, vai_tro) VALUES ('sv85@gmail.com', '123456', 'sinh_vien');
INSERT INTO sinh_vien (ma_sinh_vien, id_nguoi_dung, ho_ten, ngay_sinh, gioi_tinh, ma_nganh, ma_chuyen_nganh) VALUES ('SV0085', 125, 'Eric Franco', '2003-01-25', 'nam', 'QTKD', 'QTKD2');
INSERT INTO nguoi_dung (email, mat_khau_hash, vai_tro) VALUES ('sv86@gmail.com', '123456', 'sinh_vien');
INSERT INTO sinh_vien (ma_sinh_vien, id_nguoi_dung, ho_ten, ngay_sinh, gioi_tinh, ma_nganh, ma_chuyen_nganh) VALUES ('SV0086', 126, 'Nicole Kelly', '2007-04-29', 'nam', 'QTKD', 'QTKD1');
INSERT INTO nguoi_dung (email, mat_khau_hash, vai_tro) VALUES ('sv87@gmail.com', '123456', 'sinh_vien');
INSERT INTO sinh_vien (ma_sinh_vien, id_nguoi_dung, ho_ten, ngay_sinh, gioi_tinh, ma_nganh, ma_chuyen_nganh) VALUES ('SV0087', 127, 'Michael Martin', '2002-12-27', 'nam', 'QTKD', 'QTKD1');
INSERT INTO nguoi_dung (email, mat_khau_hash, vai_tro) VALUES ('sv88@gmail.com', '123456', 'sinh_vien');
INSERT INTO sinh_vien (ma_sinh_vien, id_nguoi_dung, ho_ten, ngay_sinh, gioi_tinh, ma_nganh, ma_chuyen_nganh) VALUES ('SV0088', 128, 'Deanna Wright', '2001-09-12', 'nu', 'QTKD', 'QTKD1');
INSERT INTO nguoi_dung (email, mat_khau_hash, vai_tro) VALUES ('sv89@gmail.com', '123456', 'sinh_vien');
INSERT INTO sinh_vien (ma_sinh_vien, id_nguoi_dung, ho_ten, ngay_sinh, gioi_tinh, ma_nganh, ma_chuyen_nganh) VALUES ('SV0089', 129, 'Ashley Davis', '2006-09-19', 'nu', 'QTKD', 'QTKD2');
INSERT INTO nguoi_dung (email, mat_khau_hash, vai_tro) VALUES ('sv90@gmail.com', '123456', 'sinh_vien');
INSERT INTO sinh_vien (ma_sinh_vien, id_nguoi_dung, ho_ten, ngay_sinh, gioi_tinh, ma_nganh, ma_chuyen_nganh) VALUES ('SV0090', 130, 'Joe Nunez', '2003-05-31', 'nam', 'QTKD', 'QTKD2');
INSERT INTO nguoi_dung (email, mat_khau_hash, vai_tro) VALUES ('sv91@gmail.com', '123456', 'sinh_vien');
INSERT INTO sinh_vien (ma_sinh_vien, id_nguoi_dung, ho_ten, ngay_sinh, gioi_tinh, ma_nganh, ma_chuyen_nganh) VALUES ('SV0091', 131, 'Kelly Wilson III', '2007-04-12', 'nam', 'QTKD', 'QTKD2');
INSERT INTO nguoi_dung (email, mat_khau_hash, vai_tro) VALUES ('sv92@gmail.com', '123456', 'sinh_vien');
INSERT INTO sinh_vien (ma_sinh_vien, id_nguoi_dung, ho_ten, ngay_sinh, gioi_tinh, ma_nganh, ma_chuyen_nganh) VALUES ('SV0092', 132, 'Erin Clements', '2002-01-31', 'nu', 'QTKD', 'QTKD1');
INSERT INTO nguoi_dung (email, mat_khau_hash, vai_tro) VALUES ('sv93@gmail.com', '123456', 'sinh_vien');
INSERT INTO sinh_vien (ma_sinh_vien, id_nguoi_dung, ho_ten, ngay_sinh, gioi_tinh, ma_nganh, ma_chuyen_nganh) VALUES ('SV0093', 133, 'Ana Jones DVM', '2005-03-10', 'nam', 'QTKD', 'QTKD1');
INSERT INTO nguoi_dung (email, mat_khau_hash, vai_tro) VALUES ('sv94@gmail.com', '123456', 'sinh_vien');
INSERT INTO sinh_vien (ma_sinh_vien, id_nguoi_dung, ho_ten, ngay_sinh, gioi_tinh, ma_nganh, ma_chuyen_nganh) VALUES ('SV0094', 134, 'Kyle Gomez', '2001-07-03', 'nam', 'QTKD', 'QTKD2');
INSERT INTO nguoi_dung (email, mat_khau_hash, vai_tro) VALUES ('sv95@gmail.com', '123456', 'sinh_vien');
INSERT INTO sinh_vien (ma_sinh_vien, id_nguoi_dung, ho_ten, ngay_sinh, gioi_tinh, ma_nganh, ma_chuyen_nganh) VALUES ('SV0095', 135, 'Anne Porter', '2003-09-03', 'nam', 'QTKD', 'QTKD1');
INSERT INTO nguoi_dung (email, mat_khau_hash, vai_tro) VALUES ('sv96@gmail.com', '123456', 'sinh_vien');
INSERT INTO sinh_vien (ma_sinh_vien, id_nguoi_dung, ho_ten, ngay_sinh, gioi_tinh, ma_nganh, ma_chuyen_nganh) VALUES ('SV0096', 136, 'Colleen Wilson', '2005-03-16', 'nu', 'QTKD', 'QTKD2');
INSERT INTO nguoi_dung (email, mat_khau_hash, vai_tro) VALUES ('sv97@gmail.com', '123456', 'sinh_vien');
INSERT INTO sinh_vien (ma_sinh_vien, id_nguoi_dung, ho_ten, ngay_sinh, gioi_tinh, ma_nganh, ma_chuyen_nganh) VALUES ('SV0097', 137, 'Jennifer Kelly', '2002-03-03', 'nam', 'QTKD', 'QTKD2');
INSERT INTO nguoi_dung (email, mat_khau_hash, vai_tro) VALUES ('sv98@gmail.com', '123456', 'sinh_vien');
INSERT INTO sinh_vien (ma_sinh_vien, id_nguoi_dung, ho_ten, ngay_sinh, gioi_tinh, ma_nganh, ma_chuyen_nganh) VALUES ('SV0098', 138, 'Sarah Johnson', '2005-09-14', 'nam', 'QTKD', 'QTKD2');
INSERT INTO nguoi_dung (email, mat_khau_hash, vai_tro) VALUES ('sv99@gmail.com', '123456', 'sinh_vien');
INSERT INTO sinh_vien (ma_sinh_vien, id_nguoi_dung, ho_ten, ngay_sinh, gioi_tinh, ma_nganh, ma_chuyen_nganh) VALUES ('SV0099', 139, 'Andrea Chang', '2006-11-12', 'nam', 'QTKD', 'QTKD2');
INSERT INTO nguoi_dung (email, mat_khau_hash, vai_tro) VALUES ('sv100@gmail.com', '123456', 'sinh_vien');
INSERT INTO sinh_vien (ma_sinh_vien, id_nguoi_dung, ho_ten, ngay_sinh, gioi_tinh, ma_nganh, ma_chuyen_nganh) VALUES ('SV0100', 140, 'Lindsay Gutierrez', '2002-04-28', 'nam', 'QTKD', 'QTKD1');
INSERT INTO nguoi_dung (email, mat_khau_hash, vai_tro) VALUES ('gv41@gmail.com', '123456', 'giang_vien');
INSERT INTO giang_vien (ma_giang_vien, id_nguoi_dung, ho_ten, bo_mon, ma_nganh) VALUES ('GV0041', 141, 'Mrs. Rachel Fox MD', 'Bộ môn cơ sở ngành', 'QTKD');
INSERT INTO nguoi_dung (email, mat_khau_hash, vai_tro) VALUES ('gv42@gmail.com', '123456', 'giang_vien');
INSERT INTO giang_vien (ma_giang_vien, id_nguoi_dung, ho_ten, bo_mon, ma_nganh) VALUES ('GV0042', 142, 'William Hernandez', 'Bộ môn cơ sở ngành', 'QTKD');
INSERT INTO nguoi_dung (email, mat_khau_hash, vai_tro) VALUES ('gv43@gmail.com', '123456', 'giang_vien');
INSERT INTO giang_vien (ma_giang_vien, id_nguoi_dung, ho_ten, bo_mon, ma_nganh) VALUES ('GV0043', 143, 'Cassidy Reed', 'Bộ môn cơ sở ngành', 'QTKD');
INSERT INTO nguoi_dung (email, mat_khau_hash, vai_tro) VALUES ('gv44@gmail.com', '123456', 'giang_vien');
INSERT INTO giang_vien (ma_giang_vien, id_nguoi_dung, ho_ten, bo_mon, ma_nganh) VALUES ('GV0044', 144, 'John Aguilar', 'Bộ môn cơ sở ngành', 'QTKD');
INSERT INTO nguoi_dung (email, mat_khau_hash, vai_tro) VALUES ('gv45@gmail.com', '123456', 'giang_vien');
INSERT INTO giang_vien (ma_giang_vien, id_nguoi_dung, ho_ten, bo_mon, ma_nganh) VALUES ('GV0045', 145, 'Valerie Brown', 'Bộ môn cơ sở ngành', 'QTKD');
INSERT INTO nguoi_dung (email, mat_khau_hash, vai_tro) VALUES ('gv46@gmail.com', '123456', 'giang_vien');
INSERT INTO giang_vien (ma_giang_vien, id_nguoi_dung, ho_ten, bo_mon, ma_nganh) VALUES ('GV0046', 146, 'Joseph Barber', 'Bộ môn cơ sở ngành', 'QTKD');
INSERT INTO nguoi_dung (email, mat_khau_hash, vai_tro) VALUES ('gv47@gmail.com', '123456', 'giang_vien');
INSERT INTO giang_vien (ma_giang_vien, id_nguoi_dung, ho_ten, bo_mon, ma_nganh) VALUES ('GV0047', 147, 'Kari Perez', 'Bộ môn cơ sở ngành', 'QTKD');
INSERT INTO nguoi_dung (email, mat_khau_hash, vai_tro) VALUES ('gv48@gmail.com', '123456', 'giang_vien');
INSERT INTO giang_vien (ma_giang_vien, id_nguoi_dung, ho_ten, bo_mon, ma_nganh) VALUES ('GV0048', 148, 'David Cannon', 'Bộ môn cơ sở ngành', 'QTKD');
INSERT INTO nguoi_dung (email, mat_khau_hash, vai_tro) VALUES ('gv49@gmail.com', '123456', 'giang_vien');
INSERT INTO giang_vien (ma_giang_vien, id_nguoi_dung, ho_ten, bo_mon, ma_nganh) VALUES ('GV0049', 149, 'Tammy Gonzalez', 'Bộ môn cơ sở ngành', 'QTKD');
INSERT INTO nguoi_dung (email, mat_khau_hash, vai_tro) VALUES ('gv50@gmail.com', '123456', 'giang_vien');
INSERT INTO giang_vien (ma_giang_vien, id_nguoi_dung, ho_ten, bo_mon, ma_nganh) VALUES ('GV0050', 150, 'Joseph Flynn', 'Bộ môn cơ sở ngành', 'QTKD');
INSERT INTO nguoi_dung (email, mat_khau_hash, vai_tro) VALUES ('sv101@gmail.com', '123456', 'sinh_vien');
INSERT INTO sinh_vien (ma_sinh_vien, id_nguoi_dung, ho_ten, ngay_sinh, gioi_tinh, ma_nganh, ma_chuyen_nganh) VALUES ('SV0101', 151, 'Alicia Hancock', '2004-04-27', 'nam', 'LUAT', 'LUAT1');
INSERT INTO nguoi_dung (email, mat_khau_hash, vai_tro) VALUES ('sv102@gmail.com', '123456', 'sinh_vien');
INSERT INTO sinh_vien (ma_sinh_vien, id_nguoi_dung, ho_ten, ngay_sinh, gioi_tinh, ma_nganh, ma_chuyen_nganh) VALUES ('SV0102', 152, 'Ashley Peters', '2003-04-19', 'nam', 'LUAT', 'LUAT2');
INSERT INTO nguoi_dung (email, mat_khau_hash, vai_tro) VALUES ('sv103@gmail.com', '123456', 'sinh_vien');
INSERT INTO sinh_vien (ma_sinh_vien, id_nguoi_dung, ho_ten, ngay_sinh, gioi_tinh, ma_nganh, ma_chuyen_nganh) VALUES ('SV0103', 153, 'John Miller', '2006-09-21', 'nam', 'LUAT', 'LUAT2');
INSERT INTO nguoi_dung (email, mat_khau_hash, vai_tro) VALUES ('sv104@gmail.com', '123456', 'sinh_vien');
INSERT INTO sinh_vien (ma_sinh_vien, id_nguoi_dung, ho_ten, ngay_sinh, gioi_tinh, ma_nganh, ma_chuyen_nganh) VALUES ('SV0104', 154, 'Luis Moore', '2001-12-25', 'nu', 'LUAT', 'LUAT1');
INSERT INTO nguoi_dung (email, mat_khau_hash, vai_tro) VALUES ('sv105@gmail.com', '123456', 'sinh_vien');
INSERT INTO sinh_vien (ma_sinh_vien, id_nguoi_dung, ho_ten, ngay_sinh, gioi_tinh, ma_nganh, ma_chuyen_nganh) VALUES ('SV0105', 155, 'Ariana Walker', '2003-10-05', 'nam', 'LUAT', 'LUAT1');
INSERT INTO nguoi_dung (email, mat_khau_hash, vai_tro) VALUES ('sv106@gmail.com', '123456', 'sinh_vien');
INSERT INTO sinh_vien (ma_sinh_vien, id_nguoi_dung, ho_ten, ngay_sinh, gioi_tinh, ma_nganh, ma_chuyen_nganh) VALUES ('SV0106', 156, 'Whitney Simmons', '2003-10-30', 'nam', 'LUAT', 'LUAT2');
INSERT INTO nguoi_dung (email, mat_khau_hash, vai_tro) VALUES ('sv107@gmail.com', '123456', 'sinh_vien');
INSERT INTO sinh_vien (ma_sinh_vien, id_nguoi_dung, ho_ten, ngay_sinh, gioi_tinh, ma_nganh, ma_chuyen_nganh) VALUES ('SV0107', 157, 'Kevin Smith', '2005-09-19', 'nam', 'LUAT', 'LUAT2');
INSERT INTO nguoi_dung (email, mat_khau_hash, vai_tro) VALUES ('sv108@gmail.com', '123456', 'sinh_vien');
INSERT INTO sinh_vien (ma_sinh_vien, id_nguoi_dung, ho_ten, ngay_sinh, gioi_tinh, ma_nganh, ma_chuyen_nganh) VALUES ('SV0108', 158, 'Dustin Mcclain', '2002-08-30', 'nam', 'LUAT', 'LUAT2');
INSERT INTO nguoi_dung (email, mat_khau_hash, vai_tro) VALUES ('sv109@gmail.com', '123456', 'sinh_vien');
INSERT INTO sinh_vien (ma_sinh_vien, id_nguoi_dung, ho_ten, ngay_sinh, gioi_tinh, ma_nganh, ma_chuyen_nganh) VALUES ('SV0109', 159, 'Mary Collins', '2003-03-06', 'nu', 'LUAT', 'LUAT2');
INSERT INTO nguoi_dung (email, mat_khau_hash, vai_tro) VALUES ('sv110@gmail.com', '123456', 'sinh_vien');
INSERT INTO sinh_vien (ma_sinh_vien, id_nguoi_dung, ho_ten, ngay_sinh, gioi_tinh, ma_nganh, ma_chuyen_nganh) VALUES ('SV0110', 160, 'Joanna Smith', '2005-02-05', 'nu', 'LUAT', 'LUAT1');
INSERT INTO nguoi_dung (email, mat_khau_hash, vai_tro) VALUES ('sv111@gmail.com', '123456', 'sinh_vien');
INSERT INTO sinh_vien (ma_sinh_vien, id_nguoi_dung, ho_ten, ngay_sinh, gioi_tinh, ma_nganh, ma_chuyen_nganh) VALUES ('SV0111', 161, 'Lisa Davis', '2005-12-06', 'nu', 'LUAT', 'LUAT1');
INSERT INTO nguoi_dung (email, mat_khau_hash, vai_tro) VALUES ('sv112@gmail.com', '123456', 'sinh_vien');
INSERT INTO sinh_vien (ma_sinh_vien, id_nguoi_dung, ho_ten, ngay_sinh, gioi_tinh, ma_nganh, ma_chuyen_nganh) VALUES ('SV0112', 162, 'Jessica Allen', '2006-10-24', 'nu', 'LUAT', 'LUAT2');
INSERT INTO nguoi_dung (email, mat_khau_hash, vai_tro) VALUES ('sv113@gmail.com', '123456', 'sinh_vien');
INSERT INTO sinh_vien (ma_sinh_vien, id_nguoi_dung, ho_ten, ngay_sinh, gioi_tinh, ma_nganh, ma_chuyen_nganh) VALUES ('SV0113', 163, 'Jo Williams', '2003-05-29', 'nu', 'LUAT', 'LUAT2');
INSERT INTO nguoi_dung (email, mat_khau_hash, vai_tro) VALUES ('sv114@gmail.com', '123456', 'sinh_vien');
INSERT INTO sinh_vien (ma_sinh_vien, id_nguoi_dung, ho_ten, ngay_sinh, gioi_tinh, ma_nganh, ma_chuyen_nganh) VALUES ('SV0114', 164, 'James Bender', '2006-01-28', 'nu', 'LUAT', 'LUAT1');
INSERT INTO nguoi_dung (email, mat_khau_hash, vai_tro) VALUES ('sv115@gmail.com', '123456', 'sinh_vien');
INSERT INTO sinh_vien (ma_sinh_vien, id_nguoi_dung, ho_ten, ngay_sinh, gioi_tinh, ma_nganh, ma_chuyen_nganh) VALUES ('SV0115', 165, 'Brandon Henry', '2005-02-04', 'nu', 'LUAT', 'LUAT2');
INSERT INTO nguoi_dung (email, mat_khau_hash, vai_tro) VALUES ('sv116@gmail.com', '123456', 'sinh_vien');
INSERT INTO sinh_vien (ma_sinh_vien, id_nguoi_dung, ho_ten, ngay_sinh, gioi_tinh, ma_nganh, ma_chuyen_nganh) VALUES ('SV0116', 166, 'Donna Cooke', '2007-05-03', 'nu', 'LUAT', 'LUAT1');
INSERT INTO nguoi_dung (email, mat_khau_hash, vai_tro) VALUES ('sv117@gmail.com', '123456', 'sinh_vien');
INSERT INTO sinh_vien (ma_sinh_vien, id_nguoi_dung, ho_ten, ngay_sinh, gioi_tinh, ma_nganh, ma_chuyen_nganh) VALUES ('SV0117', 167, 'Jennifer Lee', '2002-08-16', 'nam', 'LUAT', 'LUAT2');
INSERT INTO nguoi_dung (email, mat_khau_hash, vai_tro) VALUES ('sv118@gmail.com', '123456', 'sinh_vien');
INSERT INTO sinh_vien (ma_sinh_vien, id_nguoi_dung, ho_ten, ngay_sinh, gioi_tinh, ma_nganh, ma_chuyen_nganh) VALUES ('SV0118', 168, 'Lisa Odom', '2001-12-07', 'nam', 'LUAT', 'LUAT1');
INSERT INTO nguoi_dung (email, mat_khau_hash, vai_tro) VALUES ('sv119@gmail.com', '123456', 'sinh_vien');
INSERT INTO sinh_vien (ma_sinh_vien, id_nguoi_dung, ho_ten, ngay_sinh, gioi_tinh, ma_nganh, ma_chuyen_nganh) VALUES ('SV0119', 169, 'Matthew Reese', '2003-10-21', 'nam', 'LUAT', 'LUAT2');
INSERT INTO nguoi_dung (email, mat_khau_hash, vai_tro) VALUES ('sv120@gmail.com', '123456', 'sinh_vien');
INSERT INTO sinh_vien (ma_sinh_vien, id_nguoi_dung, ho_ten, ngay_sinh, gioi_tinh, ma_nganh, ma_chuyen_nganh) VALUES ('SV0120', 170, 'Wanda Cole', '2007-02-19', 'nam', 'LUAT', 'LUAT1');
INSERT INTO nguoi_dung (email, mat_khau_hash, vai_tro) VALUES ('gv51@gmail.com', '123456', 'giang_vien');
INSERT INTO giang_vien (ma_giang_vien, id_nguoi_dung, ho_ten, bo_mon, ma_nganh) VALUES ('GV0051', 171, 'David Miles', 'Bộ môn cơ sở ngành', 'LUAT');
INSERT INTO nguoi_dung (email, mat_khau_hash, vai_tro) VALUES ('gv52@gmail.com', '123456', 'giang_vien');
INSERT INTO giang_vien (ma_giang_vien, id_nguoi_dung, ho_ten, bo_mon, ma_nganh) VALUES ('GV0052', 172, 'Kimberly Brown', 'Bộ môn cơ sở ngành', 'LUAT');
INSERT INTO nguoi_dung (email, mat_khau_hash, vai_tro) VALUES ('gv53@gmail.com', '123456', 'giang_vien');
INSERT INTO giang_vien (ma_giang_vien, id_nguoi_dung, ho_ten, bo_mon, ma_nganh) VALUES ('GV0053', 173, 'Edward Bailey', 'Bộ môn cơ sở ngành', 'LUAT');
INSERT INTO nguoi_dung (email, mat_khau_hash, vai_tro) VALUES ('gv54@gmail.com', '123456', 'giang_vien');
INSERT INTO giang_vien (ma_giang_vien, id_nguoi_dung, ho_ten, bo_mon, ma_nganh) VALUES ('GV0054', 174, 'Samantha Cohen', 'Bộ môn cơ sở ngành', 'LUAT');
INSERT INTO nguoi_dung (email, mat_khau_hash, vai_tro) VALUES ('gv55@gmail.com', '123456', 'giang_vien');
INSERT INTO giang_vien (ma_giang_vien, id_nguoi_dung, ho_ten, bo_mon, ma_nganh) VALUES ('GV0055', 175, 'Andrew Stewart', 'Bộ môn cơ sở ngành', 'LUAT');
INSERT INTO nguoi_dung (email, mat_khau_hash, vai_tro) VALUES ('gv56@gmail.com', '123456', 'giang_vien');
INSERT INTO giang_vien (ma_giang_vien, id_nguoi_dung, ho_ten, bo_mon, ma_nganh) VALUES ('GV0056', 176, 'Mark Adams MD', 'Bộ môn cơ sở ngành', 'LUAT');
INSERT INTO nguoi_dung (email, mat_khau_hash, vai_tro) VALUES ('gv57@gmail.com', '123456', 'giang_vien');
INSERT INTO giang_vien (ma_giang_vien, id_nguoi_dung, ho_ten, bo_mon, ma_nganh) VALUES ('GV0057', 177, 'Jeffrey Glover', 'Bộ môn cơ sở ngành', 'LUAT');
INSERT INTO nguoi_dung (email, mat_khau_hash, vai_tro) VALUES ('gv58@gmail.com', '123456', 'giang_vien');
INSERT INTO giang_vien (ma_giang_vien, id_nguoi_dung, ho_ten, bo_mon, ma_nganh) VALUES ('GV0058', 178, 'Alvin Walker', 'Bộ môn cơ sở ngành', 'LUAT');
INSERT INTO nguoi_dung (email, mat_khau_hash, vai_tro) VALUES ('gv59@gmail.com', '123456', 'giang_vien');
INSERT INTO giang_vien (ma_giang_vien, id_nguoi_dung, ho_ten, bo_mon, ma_nganh) VALUES ('GV0059', 179, 'Jeffrey Baker', 'Bộ môn cơ sở ngành', 'LUAT');
INSERT INTO nguoi_dung (email, mat_khau_hash, vai_tro) VALUES ('gv60@gmail.com', '123456', 'giang_vien');
INSERT INTO giang_vien (ma_giang_vien, id_nguoi_dung, ho_ten, bo_mon, ma_nganh) VALUES ('GV0060', 180, 'Virginia Chang', 'Bộ môn cơ sở ngành', 'LUAT');
INSERT INTO nguoi_dung (email, mat_khau_hash, vai_tro) VALUES ('sv121@gmail.com', '123456', 'sinh_vien');
INSERT INTO sinh_vien (ma_sinh_vien, id_nguoi_dung, ho_ten, ngay_sinh, gioi_tinh, ma_nganh, ma_chuyen_nganh) VALUES ('SV0121', 181, 'Erin Kelley', '2003-05-08', 'nam', 'TCNH', 'TCNH2');
INSERT INTO nguoi_dung (email, mat_khau_hash, vai_tro) VALUES ('sv122@gmail.com', '123456', 'sinh_vien');
INSERT INTO sinh_vien (ma_sinh_vien, id_nguoi_dung, ho_ten, ngay_sinh, gioi_tinh, ma_nganh, ma_chuyen_nganh) VALUES ('SV0122', 182, 'Megan Stephens', '2002-01-10', 'nu', 'TCNH', 'TCNH1');
INSERT INTO nguoi_dung (email, mat_khau_hash, vai_tro) VALUES ('sv123@gmail.com', '123456', 'sinh_vien');
INSERT INTO sinh_vien (ma_sinh_vien, id_nguoi_dung, ho_ten, ngay_sinh, gioi_tinh, ma_nganh, ma_chuyen_nganh) VALUES ('SV0123', 183, 'Thomas Dunn MD', '2004-11-13', 'nam', 'TCNH', 'TCNH2');
INSERT INTO nguoi_dung (email, mat_khau_hash, vai_tro) VALUES ('sv124@gmail.com', '123456', 'sinh_vien');
INSERT INTO sinh_vien (ma_sinh_vien, id_nguoi_dung, ho_ten, ngay_sinh, gioi_tinh, ma_nganh, ma_chuyen_nganh) VALUES ('SV0124', 184, 'Cynthia Bauer', '2007-03-23', 'nam', 'TCNH', 'TCNH2');
INSERT INTO nguoi_dung (email, mat_khau_hash, vai_tro) VALUES ('sv125@gmail.com', '123456', 'sinh_vien');
INSERT INTO sinh_vien (ma_sinh_vien, id_nguoi_dung, ho_ten, ngay_sinh, gioi_tinh, ma_nganh, ma_chuyen_nganh) VALUES ('SV0125', 185, 'Heather Hernandez', '2004-03-25', 'nu', 'TCNH', 'TCNH2');
INSERT INTO nguoi_dung (email, mat_khau_hash, vai_tro) VALUES ('sv126@gmail.com', '123456', 'sinh_vien');
INSERT INTO sinh_vien (ma_sinh_vien, id_nguoi_dung, ho_ten, ngay_sinh, gioi_tinh, ma_nganh, ma_chuyen_nganh) VALUES ('SV0126', 186, 'Jennifer Lee', '2005-09-08', 'nu', 'TCNH', 'TCNH1');
INSERT INTO nguoi_dung (email, mat_khau_hash, vai_tro) VALUES ('sv127@gmail.com', '123456', 'sinh_vien');
INSERT INTO sinh_vien (ma_sinh_vien, id_nguoi_dung, ho_ten, ngay_sinh, gioi_tinh, ma_nganh, ma_chuyen_nganh) VALUES ('SV0127', 187, 'Kaitlyn Morris', '2004-09-10', 'nu', 'TCNH', 'TCNH1');
INSERT INTO nguoi_dung (email, mat_khau_hash, vai_tro) VALUES ('sv128@gmail.com', '123456', 'sinh_vien');
INSERT INTO sinh_vien (ma_sinh_vien, id_nguoi_dung, ho_ten, ngay_sinh, gioi_tinh, ma_nganh, ma_chuyen_nganh) VALUES ('SV0128', 188, 'Heidi Snyder', '2001-12-22', 'nu', 'TCNH', 'TCNH2');
INSERT INTO nguoi_dung (email, mat_khau_hash, vai_tro) VALUES ('sv129@gmail.com', '123456', 'sinh_vien');
INSERT INTO sinh_vien (ma_sinh_vien, id_nguoi_dung, ho_ten, ngay_sinh, gioi_tinh, ma_nganh, ma_chuyen_nganh) VALUES ('SV0129', 189, 'Dr. Michael Johnson', '2001-11-18', 'nu', 'TCNH', 'TCNH2');
INSERT INTO nguoi_dung (email, mat_khau_hash, vai_tro) VALUES ('sv130@gmail.com', '123456', 'sinh_vien');
INSERT INTO sinh_vien (ma_sinh_vien, id_nguoi_dung, ho_ten, ngay_sinh, gioi_tinh, ma_nganh, ma_chuyen_nganh) VALUES ('SV0130', 190, 'Stephen Watkins', '2002-11-15', 'nam', 'TCNH', 'TCNH1');
INSERT INTO nguoi_dung (email, mat_khau_hash, vai_tro) VALUES ('sv131@gmail.com', '123456', 'sinh_vien');
INSERT INTO sinh_vien (ma_sinh_vien, id_nguoi_dung, ho_ten, ngay_sinh, gioi_tinh, ma_nganh, ma_chuyen_nganh) VALUES ('SV0131', 191, 'Alejandro Murphy', '2003-01-01', 'nam', 'TCNH', 'TCNH2');
INSERT INTO nguoi_dung (email, mat_khau_hash, vai_tro) VALUES ('sv132@gmail.com', '123456', 'sinh_vien');
INSERT INTO sinh_vien (ma_sinh_vien, id_nguoi_dung, ho_ten, ngay_sinh, gioi_tinh, ma_nganh, ma_chuyen_nganh) VALUES ('SV0132', 192, 'Jennifer Mills', '2004-03-21', 'nam', 'TCNH', 'TCNH2');
INSERT INTO nguoi_dung (email, mat_khau_hash, vai_tro) VALUES ('sv133@gmail.com', '123456', 'sinh_vien');
INSERT INTO sinh_vien (ma_sinh_vien, id_nguoi_dung, ho_ten, ngay_sinh, gioi_tinh, ma_nganh, ma_chuyen_nganh) VALUES ('SV0133', 193, 'Stephanie White', '2003-06-05', 'nu', 'TCNH', 'TCNH2');
INSERT INTO nguoi_dung (email, mat_khau_hash, vai_tro) VALUES ('sv134@gmail.com', '123456', 'sinh_vien');
INSERT INTO sinh_vien (ma_sinh_vien, id_nguoi_dung, ho_ten, ngay_sinh, gioi_tinh, ma_nganh, ma_chuyen_nganh) VALUES ('SV0134', 194, 'William Horne', '2004-04-12', 'nu', 'TCNH', 'TCNH1');
INSERT INTO nguoi_dung (email, mat_khau_hash, vai_tro) VALUES ('sv135@gmail.com', '123456', 'sinh_vien');
INSERT INTO sinh_vien (ma_sinh_vien, id_nguoi_dung, ho_ten, ngay_sinh, gioi_tinh, ma_nganh, ma_chuyen_nganh) VALUES ('SV0135', 195, 'Yvette Dawson', '2001-06-29', 'nu', 'TCNH', 'TCNH2');
INSERT INTO nguoi_dung (email, mat_khau_hash, vai_tro) VALUES ('sv136@gmail.com', '123456', 'sinh_vien');
INSERT INTO sinh_vien (ma_sinh_vien, id_nguoi_dung, ho_ten, ngay_sinh, gioi_tinh, ma_nganh, ma_chuyen_nganh) VALUES ('SV0136', 196, 'Susan Solis', '2002-12-27', 'nu', 'TCNH', 'TCNH2');
INSERT INTO nguoi_dung (email, mat_khau_hash, vai_tro) VALUES ('sv137@gmail.com', '123456', 'sinh_vien');
INSERT INTO sinh_vien (ma_sinh_vien, id_nguoi_dung, ho_ten, ngay_sinh, gioi_tinh, ma_nganh, ma_chuyen_nganh) VALUES ('SV0137', 197, 'Kerry Kirk', '2005-04-20', 'nu', 'TCNH', 'TCNH2');
INSERT INTO nguoi_dung (email, mat_khau_hash, vai_tro) VALUES ('sv138@gmail.com', '123456', 'sinh_vien');
INSERT INTO sinh_vien (ma_sinh_vien, id_nguoi_dung, ho_ten, ngay_sinh, gioi_tinh, ma_nganh, ma_chuyen_nganh) VALUES ('SV0138', 198, 'Michael Kane', '2002-08-20', 'nu', 'TCNH', 'TCNH2');
INSERT INTO nguoi_dung (email, mat_khau_hash, vai_tro) VALUES ('sv139@gmail.com', '123456', 'sinh_vien');
INSERT INTO sinh_vien (ma_sinh_vien, id_nguoi_dung, ho_ten, ngay_sinh, gioi_tinh, ma_nganh, ma_chuyen_nganh) VALUES ('SV0139', 199, 'Jacob Harris', '2003-10-10', 'nu', 'TCNH', 'TCNH1');
INSERT INTO nguoi_dung (email, mat_khau_hash, vai_tro) VALUES ('sv140@gmail.com', '123456', 'sinh_vien');
INSERT INTO sinh_vien (ma_sinh_vien, id_nguoi_dung, ho_ten, ngay_sinh, gioi_tinh, ma_nganh, ma_chuyen_nganh) VALUES ('SV0140', 200, 'Renee Nelson', '2007-03-30', 'nu', 'TCNH', 'TCNH2');
INSERT INTO nguoi_dung (email, mat_khau_hash, vai_tro) VALUES ('gv61@gmail.com', '123456', 'giang_vien');
INSERT INTO giang_vien (ma_giang_vien, id_nguoi_dung, ho_ten, bo_mon, ma_nganh) VALUES ('GV0061', 201, 'Erin Alexander', 'Bộ môn cơ sở ngành', 'TCNH');
INSERT INTO nguoi_dung (email, mat_khau_hash, vai_tro) VALUES ('gv62@gmail.com', '123456', 'giang_vien');
INSERT INTO giang_vien (ma_giang_vien, id_nguoi_dung, ho_ten, bo_mon, ma_nganh) VALUES ('GV0062', 202, 'James Alvarado', 'Bộ môn cơ sở ngành', 'TCNH');
INSERT INTO nguoi_dung (email, mat_khau_hash, vai_tro) VALUES ('gv63@gmail.com', '123456', 'giang_vien');
INSERT INTO giang_vien (ma_giang_vien, id_nguoi_dung, ho_ten, bo_mon, ma_nganh) VALUES ('GV0063', 203, 'Keith Bennett', 'Bộ môn cơ sở ngành', 'TCNH');
INSERT INTO nguoi_dung (email, mat_khau_hash, vai_tro) VALUES ('gv64@gmail.com', '123456', 'giang_vien');
INSERT INTO giang_vien (ma_giang_vien, id_nguoi_dung, ho_ten, bo_mon, ma_nganh) VALUES ('GV0064', 204, 'Victoria Dean', 'Bộ môn cơ sở ngành', 'TCNH');
INSERT INTO nguoi_dung (email, mat_khau_hash, vai_tro) VALUES ('gv65@gmail.com', '123456', 'giang_vien');
INSERT INTO giang_vien (ma_giang_vien, id_nguoi_dung, ho_ten, bo_mon, ma_nganh) VALUES ('GV0065', 205, 'Raymond Brooks', 'Bộ môn cơ sở ngành', 'TCNH');
INSERT INTO nguoi_dung (email, mat_khau_hash, vai_tro) VALUES ('gv66@gmail.com', '123456', 'giang_vien');
INSERT INTO giang_vien (ma_giang_vien, id_nguoi_dung, ho_ten, bo_mon, ma_nganh) VALUES ('GV0066', 206, 'Nathan Black PhD', 'Bộ môn cơ sở ngành', 'TCNH');
INSERT INTO nguoi_dung (email, mat_khau_hash, vai_tro) VALUES ('gv67@gmail.com', '123456', 'giang_vien');
INSERT INTO giang_vien (ma_giang_vien, id_nguoi_dung, ho_ten, bo_mon, ma_nganh) VALUES ('GV0067', 207, 'Craig Hamilton', 'Bộ môn cơ sở ngành', 'TCNH');
INSERT INTO nguoi_dung (email, mat_khau_hash, vai_tro) VALUES ('gv68@gmail.com', '123456', 'giang_vien');
INSERT INTO giang_vien (ma_giang_vien, id_nguoi_dung, ho_ten, bo_mon, ma_nganh) VALUES ('GV0068', 208, 'Billy Hahn', 'Bộ môn cơ sở ngành', 'TCNH');
INSERT INTO nguoi_dung (email, mat_khau_hash, vai_tro) VALUES ('gv69@gmail.com', '123456', 'giang_vien');
INSERT INTO giang_vien (ma_giang_vien, id_nguoi_dung, ho_ten, bo_mon, ma_nganh) VALUES ('GV0069', 209, 'James Carter', 'Bộ môn cơ sở ngành', 'TCNH');
INSERT INTO nguoi_dung (email, mat_khau_hash, vai_tro) VALUES ('gv70@gmail.com', '123456', 'giang_vien');
INSERT INTO giang_vien (ma_giang_vien, id_nguoi_dung, ho_ten, bo_mon, ma_nganh) VALUES ('GV0070', 210, 'Michael Hays', 'Bộ môn cơ sở ngành', 'TCNH');
INSERT INTO nguoi_dung (email, mat_khau_hash, vai_tro) VALUES ('sv141@gmail.com', '123456', 'sinh_vien');
INSERT INTO sinh_vien (ma_sinh_vien, id_nguoi_dung, ho_ten, ngay_sinh, gioi_tinh, ma_nganh, ma_chuyen_nganh) VALUES ('SV0141', 211, 'Christy Juarez', '2006-09-19', 'nam', 'KETOAN', 'KETOAN1');
INSERT INTO nguoi_dung (email, mat_khau_hash, vai_tro) VALUES ('sv142@gmail.com', '123456', 'sinh_vien');
INSERT INTO sinh_vien (ma_sinh_vien, id_nguoi_dung, ho_ten, ngay_sinh, gioi_tinh, ma_nganh, ma_chuyen_nganh) VALUES ('SV0142', 212, 'Paula Allen', '2005-08-12', 'nu', 'KETOAN', 'KETOAN2');
INSERT INTO nguoi_dung (email, mat_khau_hash, vai_tro) VALUES ('sv143@gmail.com', '123456', 'sinh_vien');
INSERT INTO sinh_vien (ma_sinh_vien, id_nguoi_dung, ho_ten, ngay_sinh, gioi_tinh, ma_nganh, ma_chuyen_nganh) VALUES ('SV0143', 213, 'Shane Banks', '2002-01-08', 'nam', 'KETOAN', 'KETOAN2');
INSERT INTO nguoi_dung (email, mat_khau_hash, vai_tro) VALUES ('sv144@gmail.com', '123456', 'sinh_vien');
INSERT INTO sinh_vien (ma_sinh_vien, id_nguoi_dung, ho_ten, ngay_sinh, gioi_tinh, ma_nganh, ma_chuyen_nganh) VALUES ('SV0144', 214, 'Jessica Watson', '2004-03-23', 'nam', 'KETOAN', 'KETOAN1');
INSERT INTO nguoi_dung (email, mat_khau_hash, vai_tro) VALUES ('sv145@gmail.com', '123456', 'sinh_vien');
INSERT INTO sinh_vien (ma_sinh_vien, id_nguoi_dung, ho_ten, ngay_sinh, gioi_tinh, ma_nganh, ma_chuyen_nganh) VALUES ('SV0145', 215, 'Tim Nguyen', '2005-06-27', 'nam', 'KETOAN', 'KETOAN1');
INSERT INTO nguoi_dung (email, mat_khau_hash, vai_tro) VALUES ('sv146@gmail.com', '123456', 'sinh_vien');
INSERT INTO sinh_vien (ma_sinh_vien, id_nguoi_dung, ho_ten, ngay_sinh, gioi_tinh, ma_nganh, ma_chuyen_nganh) VALUES ('SV0146', 216, 'Billy Woods', '2003-10-28', 'nu', 'KETOAN', 'KETOAN2');
INSERT INTO nguoi_dung (email, mat_khau_hash, vai_tro) VALUES ('sv147@gmail.com', '123456', 'sinh_vien');
INSERT INTO sinh_vien (ma_sinh_vien, id_nguoi_dung, ho_ten, ngay_sinh, gioi_tinh, ma_nganh, ma_chuyen_nganh) VALUES ('SV0147', 217, 'William Shaw', '2003-05-18', 'nam', 'KETOAN', 'KETOAN1');
INSERT INTO nguoi_dung (email, mat_khau_hash, vai_tro) VALUES ('sv148@gmail.com', '123456', 'sinh_vien');
INSERT INTO sinh_vien (ma_sinh_vien, id_nguoi_dung, ho_ten, ngay_sinh, gioi_tinh, ma_nganh, ma_chuyen_nganh) VALUES ('SV0148', 218, 'Taylor Brown', '2003-01-02', 'nam', 'KETOAN', 'KETOAN2');
INSERT INTO nguoi_dung (email, mat_khau_hash, vai_tro) VALUES ('sv149@gmail.com', '123456', 'sinh_vien');
INSERT INTO sinh_vien (ma_sinh_vien, id_nguoi_dung, ho_ten, ngay_sinh, gioi_tinh, ma_nganh, ma_chuyen_nganh) VALUES ('SV0149', 219, 'Stacey Henderson', '2005-09-06', 'nu', 'KETOAN', 'KETOAN1');
INSERT INTO nguoi_dung (email, mat_khau_hash, vai_tro) VALUES ('sv150@gmail.com', '123456', 'sinh_vien');
INSERT INTO sinh_vien (ma_sinh_vien, id_nguoi_dung, ho_ten, ngay_sinh, gioi_tinh, ma_nganh, ma_chuyen_nganh) VALUES ('SV0150', 220, 'Kevin Esparza', '2005-05-06', 'nu', 'KETOAN', 'KETOAN1');
INSERT INTO nguoi_dung (email, mat_khau_hash, vai_tro) VALUES ('sv151@gmail.com', '123456', 'sinh_vien');
INSERT INTO sinh_vien (ma_sinh_vien, id_nguoi_dung, ho_ten, ngay_sinh, gioi_tinh, ma_nganh, ma_chuyen_nganh) VALUES ('SV0151', 221, 'Mary Newton', '2004-01-01', 'nam', 'KETOAN', 'KETOAN2');
INSERT INTO nguoi_dung (email, mat_khau_hash, vai_tro) VALUES ('sv152@gmail.com', '123456', 'sinh_vien');
INSERT INTO sinh_vien (ma_sinh_vien, id_nguoi_dung, ho_ten, ngay_sinh, gioi_tinh, ma_nganh, ma_chuyen_nganh) VALUES ('SV0152', 222, 'Jennifer Conley', '2005-04-03', 'nam', 'KETOAN', 'KETOAN2');
INSERT INTO nguoi_dung (email, mat_khau_hash, vai_tro) VALUES ('sv153@gmail.com', '123456', 'sinh_vien');
INSERT INTO sinh_vien (ma_sinh_vien, id_nguoi_dung, ho_ten, ngay_sinh, gioi_tinh, ma_nganh, ma_chuyen_nganh) VALUES ('SV0153', 223, 'Erika Taylor', '2002-01-17', 'nu', 'KETOAN', 'KETOAN2');
INSERT INTO nguoi_dung (email, mat_khau_hash, vai_tro) VALUES ('sv154@gmail.com', '123456', 'sinh_vien');
INSERT INTO sinh_vien (ma_sinh_vien, id_nguoi_dung, ho_ten, ngay_sinh, gioi_tinh, ma_nganh, ma_chuyen_nganh) VALUES ('SV0154', 224, 'Chelsea Gonzalez', '2001-12-31', 'nam', 'KETOAN', 'KETOAN2');
INSERT INTO nguoi_dung (email, mat_khau_hash, vai_tro) VALUES ('sv155@gmail.com', '123456', 'sinh_vien');
INSERT INTO sinh_vien (ma_sinh_vien, id_nguoi_dung, ho_ten, ngay_sinh, gioi_tinh, ma_nganh, ma_chuyen_nganh) VALUES ('SV0155', 225, 'Drew Mclean', '2003-08-10', 'nam', 'KETOAN', 'KETOAN2');
INSERT INTO nguoi_dung (email, mat_khau_hash, vai_tro) VALUES ('sv156@gmail.com', '123456', 'sinh_vien');
INSERT INTO sinh_vien (ma_sinh_vien, id_nguoi_dung, ho_ten, ngay_sinh, gioi_tinh, ma_nganh, ma_chuyen_nganh) VALUES ('SV0156', 226, 'Julie Farmer', '2001-09-06', 'nu', 'KETOAN', 'KETOAN2');
INSERT INTO nguoi_dung (email, mat_khau_hash, vai_tro) VALUES ('sv157@gmail.com', '123456', 'sinh_vien');
INSERT INTO sinh_vien (ma_sinh_vien, id_nguoi_dung, ho_ten, ngay_sinh, gioi_tinh, ma_nganh, ma_chuyen_nganh) VALUES ('SV0157', 227, 'Gary Williams', '2005-08-27', 'nam', 'KETOAN', 'KETOAN1');
INSERT INTO nguoi_dung (email, mat_khau_hash, vai_tro) VALUES ('sv158@gmail.com', '123456', 'sinh_vien');
INSERT INTO sinh_vien (ma_sinh_vien, id_nguoi_dung, ho_ten, ngay_sinh, gioi_tinh, ma_nganh, ma_chuyen_nganh) VALUES ('SV0158', 228, 'George Green', '2002-02-05', 'nam', 'KETOAN', 'KETOAN1');
INSERT INTO nguoi_dung (email, mat_khau_hash, vai_tro) VALUES ('sv159@gmail.com', '123456', 'sinh_vien');
INSERT INTO sinh_vien (ma_sinh_vien, id_nguoi_dung, ho_ten, ngay_sinh, gioi_tinh, ma_nganh, ma_chuyen_nganh) VALUES ('SV0159', 229, 'Nicholas Leach', '2004-10-08', 'nam', 'KETOAN', 'KETOAN1');
INSERT INTO nguoi_dung (email, mat_khau_hash, vai_tro) VALUES ('sv160@gmail.com', '123456', 'sinh_vien');
INSERT INTO sinh_vien (ma_sinh_vien, id_nguoi_dung, ho_ten, ngay_sinh, gioi_tinh, ma_nganh, ma_chuyen_nganh) VALUES ('SV0160', 230, 'Jeffery Mooney', '2002-01-20', 'nam', 'KETOAN', 'KETOAN1');
INSERT INTO nguoi_dung (email, mat_khau_hash, vai_tro) VALUES ('gv71@gmail.com', '123456', 'giang_vien');
INSERT INTO giang_vien (ma_giang_vien, id_nguoi_dung, ho_ten, bo_mon, ma_nganh) VALUES ('GV0071', 231, 'Caroline Abbott', 'Bộ môn cơ sở ngành', 'KETOAN');
INSERT INTO nguoi_dung (email, mat_khau_hash, vai_tro) VALUES ('gv72@gmail.com', '123456', 'giang_vien');
INSERT INTO giang_vien (ma_giang_vien, id_nguoi_dung, ho_ten, bo_mon, ma_nganh) VALUES ('GV0072', 232, 'Steven Kennedy', 'Bộ môn cơ sở ngành', 'KETOAN');
INSERT INTO nguoi_dung (email, mat_khau_hash, vai_tro) VALUES ('gv73@gmail.com', '123456', 'giang_vien');
INSERT INTO giang_vien (ma_giang_vien, id_nguoi_dung, ho_ten, bo_mon, ma_nganh) VALUES ('GV0073', 233, 'Haley Scott', 'Bộ môn cơ sở ngành', 'KETOAN');
INSERT INTO nguoi_dung (email, mat_khau_hash, vai_tro) VALUES ('gv74@gmail.com', '123456', 'giang_vien');
INSERT INTO giang_vien (ma_giang_vien, id_nguoi_dung, ho_ten, bo_mon, ma_nganh) VALUES ('GV0074', 234, 'Tony Martin', 'Bộ môn cơ sở ngành', 'KETOAN');
INSERT INTO nguoi_dung (email, mat_khau_hash, vai_tro) VALUES ('gv75@gmail.com', '123456', 'giang_vien');
INSERT INTO giang_vien (ma_giang_vien, id_nguoi_dung, ho_ten, bo_mon, ma_nganh) VALUES ('GV0075', 235, 'Joanna Willis', 'Bộ môn cơ sở ngành', 'KETOAN');
INSERT INTO nguoi_dung (email, mat_khau_hash, vai_tro) VALUES ('gv76@gmail.com', '123456', 'giang_vien');
INSERT INTO giang_vien (ma_giang_vien, id_nguoi_dung, ho_ten, bo_mon, ma_nganh) VALUES ('GV0076', 236, 'Tiffany Clark', 'Bộ môn cơ sở ngành', 'KETOAN');
INSERT INTO nguoi_dung (email, mat_khau_hash, vai_tro) VALUES ('gv77@gmail.com', '123456', 'giang_vien');
INSERT INTO giang_vien (ma_giang_vien, id_nguoi_dung, ho_ten, bo_mon, ma_nganh) VALUES ('GV0077', 237, 'Jennifer Page', 'Bộ môn cơ sở ngành', 'KETOAN');
INSERT INTO nguoi_dung (email, mat_khau_hash, vai_tro) VALUES ('gv78@gmail.com', '123456', 'giang_vien');
INSERT INTO giang_vien (ma_giang_vien, id_nguoi_dung, ho_ten, bo_mon, ma_nganh) VALUES ('GV0078', 238, 'Kevin Hayden', 'Bộ môn cơ sở ngành', 'KETOAN');
INSERT INTO nguoi_dung (email, mat_khau_hash, vai_tro) VALUES ('gv79@gmail.com', '123456', 'giang_vien');
INSERT INTO giang_vien (ma_giang_vien, id_nguoi_dung, ho_ten, bo_mon, ma_nganh) VALUES ('GV0079', 239, 'Jeffery Simmons', 'Bộ môn cơ sở ngành', 'KETOAN');
INSERT INTO nguoi_dung (email, mat_khau_hash, vai_tro) VALUES ('gv80@gmail.com', '123456', 'giang_vien');
INSERT INTO giang_vien (ma_giang_vien, id_nguoi_dung, ho_ten, bo_mon, ma_nganh) VALUES ('GV0080', 240, 'Jesse Moore', 'Bộ môn cơ sở ngành', 'KETOAN');
INSERT INTO nguoi_dung (email, mat_khau_hash, vai_tro) VALUES ('sv161@gmail.com', '123456', 'sinh_vien');
INSERT INTO sinh_vien (ma_sinh_vien, id_nguoi_dung, ho_ten, ngay_sinh, gioi_tinh, ma_nganh, ma_chuyen_nganh) VALUES ('SV0161', 241, 'Michael Davis', '2004-01-18', 'nu', 'QTKS', 'QTKS1');
INSERT INTO nguoi_dung (email, mat_khau_hash, vai_tro) VALUES ('sv162@gmail.com', '123456', 'sinh_vien');
INSERT INTO sinh_vien (ma_sinh_vien, id_nguoi_dung, ho_ten, ngay_sinh, gioi_tinh, ma_nganh, ma_chuyen_nganh) VALUES ('SV0162', 242, 'Kathy Edwards', '2001-10-30', 'nam', 'QTKS', 'QTKS2');
INSERT INTO nguoi_dung (email, mat_khau_hash, vai_tro) VALUES ('sv163@gmail.com', '123456', 'sinh_vien');
INSERT INTO sinh_vien (ma_sinh_vien, id_nguoi_dung, ho_ten, ngay_sinh, gioi_tinh, ma_nganh, ma_chuyen_nganh) VALUES ('SV0163', 243, 'James Woods', '2002-12-26', 'nam', 'QTKS', 'QTKS2');
INSERT INTO nguoi_dung (email, mat_khau_hash, vai_tro) VALUES ('sv164@gmail.com', '123456', 'sinh_vien');
INSERT INTO sinh_vien (ma_sinh_vien, id_nguoi_dung, ho_ten, ngay_sinh, gioi_tinh, ma_nganh, ma_chuyen_nganh) VALUES ('SV0164', 244, 'Joshua Snyder', '2006-06-15', 'nu', 'QTKS', 'QTKS2');
INSERT INTO nguoi_dung (email, mat_khau_hash, vai_tro) VALUES ('sv165@gmail.com', '123456', 'sinh_vien');
INSERT INTO sinh_vien (ma_sinh_vien, id_nguoi_dung, ho_ten, ngay_sinh, gioi_tinh, ma_nganh, ma_chuyen_nganh) VALUES ('SV0165', 245, 'Kenneth May', '2003-01-22', 'nu', 'QTKS', 'QTKS2');
INSERT INTO nguoi_dung (email, mat_khau_hash, vai_tro) VALUES ('sv166@gmail.com', '123456', 'sinh_vien');
INSERT INTO sinh_vien (ma_sinh_vien, id_nguoi_dung, ho_ten, ngay_sinh, gioi_tinh, ma_nganh, ma_chuyen_nganh) VALUES ('SV0166', 246, 'Patricia Jensen', '2007-05-30', 'nu', 'QTKS', 'QTKS1');
INSERT INTO nguoi_dung (email, mat_khau_hash, vai_tro) VALUES ('sv167@gmail.com', '123456', 'sinh_vien');
INSERT INTO sinh_vien (ma_sinh_vien, id_nguoi_dung, ho_ten, ngay_sinh, gioi_tinh, ma_nganh, ma_chuyen_nganh) VALUES ('SV0167', 247, 'Carol Escobar', '2006-06-06', 'nu', 'QTKS', 'QTKS2');
INSERT INTO nguoi_dung (email, mat_khau_hash, vai_tro) VALUES ('sv168@gmail.com', '123456', 'sinh_vien');
INSERT INTO sinh_vien (ma_sinh_vien, id_nguoi_dung, ho_ten, ngay_sinh, gioi_tinh, ma_nganh, ma_chuyen_nganh) VALUES ('SV0168', 248, 'Joshua Hamilton', '2002-04-02', 'nam', 'QTKS', 'QTKS1');
INSERT INTO nguoi_dung (email, mat_khau_hash, vai_tro) VALUES ('sv169@gmail.com', '123456', 'sinh_vien');
INSERT INTO sinh_vien (ma_sinh_vien, id_nguoi_dung, ho_ten, ngay_sinh, gioi_tinh, ma_nganh, ma_chuyen_nganh) VALUES ('SV0169', 249, 'Troy Humphrey', '2007-04-01', 'nam', 'QTKS', 'QTKS1');
INSERT INTO nguoi_dung (email, mat_khau_hash, vai_tro) VALUES ('sv170@gmail.com', '123456', 'sinh_vien');
INSERT INTO sinh_vien (ma_sinh_vien, id_nguoi_dung, ho_ten, ngay_sinh, gioi_tinh, ma_nganh, ma_chuyen_nganh) VALUES ('SV0170', 250, 'Evelyn Jackson', '2002-11-21', 'nu', 'QTKS', 'QTKS2');
INSERT INTO nguoi_dung (email, mat_khau_hash, vai_tro) VALUES ('sv171@gmail.com', '123456', 'sinh_vien');
INSERT INTO sinh_vien (ma_sinh_vien, id_nguoi_dung, ho_ten, ngay_sinh, gioi_tinh, ma_nganh, ma_chuyen_nganh) VALUES ('SV0171', 251, 'Danielle Howard', '2004-11-02', 'nu', 'QTKS', 'QTKS2');
INSERT INTO nguoi_dung (email, mat_khau_hash, vai_tro) VALUES ('sv172@gmail.com', '123456', 'sinh_vien');
INSERT INTO sinh_vien (ma_sinh_vien, id_nguoi_dung, ho_ten, ngay_sinh, gioi_tinh, ma_nganh, ma_chuyen_nganh) VALUES ('SV0172', 252, 'Rodney Freeman', '2003-04-21', 'nu', 'QTKS', 'QTKS1');
INSERT INTO nguoi_dung (email, mat_khau_hash, vai_tro) VALUES ('sv173@gmail.com', '123456', 'sinh_vien');
INSERT INTO sinh_vien (ma_sinh_vien, id_nguoi_dung, ho_ten, ngay_sinh, gioi_tinh, ma_nganh, ma_chuyen_nganh) VALUES ('SV0173', 253, 'Juan Stokes', '2005-09-18', 'nam', 'QTKS', 'QTKS1');
INSERT INTO nguoi_dung (email, mat_khau_hash, vai_tro) VALUES ('sv174@gmail.com', '123456', 'sinh_vien');
INSERT INTO sinh_vien (ma_sinh_vien, id_nguoi_dung, ho_ten, ngay_sinh, gioi_tinh, ma_nganh, ma_chuyen_nganh) VALUES ('SV0174', 254, 'Danielle Cole', '2002-11-13', 'nam', 'QTKS', 'QTKS1');
INSERT INTO nguoi_dung (email, mat_khau_hash, vai_tro) VALUES ('sv175@gmail.com', '123456', 'sinh_vien');
INSERT INTO sinh_vien (ma_sinh_vien, id_nguoi_dung, ho_ten, ngay_sinh, gioi_tinh, ma_nganh, ma_chuyen_nganh) VALUES ('SV0175', 255, 'Ian Wallace', '2006-03-24', 'nu', 'QTKS', 'QTKS2');
INSERT INTO nguoi_dung (email, mat_khau_hash, vai_tro) VALUES ('sv176@gmail.com', '123456', 'sinh_vien');
INSERT INTO sinh_vien (ma_sinh_vien, id_nguoi_dung, ho_ten, ngay_sinh, gioi_tinh, ma_nganh, ma_chuyen_nganh) VALUES ('SV0176', 256, 'Daniel Diaz', '2007-03-27', 'nam', 'QTKS', 'QTKS1');
INSERT INTO nguoi_dung (email, mat_khau_hash, vai_tro) VALUES ('sv177@gmail.com', '123456', 'sinh_vien');
INSERT INTO sinh_vien (ma_sinh_vien, id_nguoi_dung, ho_ten, ngay_sinh, gioi_tinh, ma_nganh, ma_chuyen_nganh) VALUES ('SV0177', 257, 'Brian Barber', '2006-07-22', 'nu', 'QTKS', 'QTKS1');
INSERT INTO nguoi_dung (email, mat_khau_hash, vai_tro) VALUES ('sv178@gmail.com', '123456', 'sinh_vien');
INSERT INTO sinh_vien (ma_sinh_vien, id_nguoi_dung, ho_ten, ngay_sinh, gioi_tinh, ma_nganh, ma_chuyen_nganh) VALUES ('SV0178', 258, 'Tamara Pineda', '2003-02-17', 'nam', 'QTKS', 'QTKS1');
INSERT INTO nguoi_dung (email, mat_khau_hash, vai_tro) VALUES ('sv179@gmail.com', '123456', 'sinh_vien');
INSERT INTO sinh_vien (ma_sinh_vien, id_nguoi_dung, ho_ten, ngay_sinh, gioi_tinh, ma_nganh, ma_chuyen_nganh) VALUES ('SV0179', 259, 'Laura Turner', '2006-03-22', 'nu', 'QTKS', 'QTKS2');
INSERT INTO nguoi_dung (email, mat_khau_hash, vai_tro) VALUES ('sv180@gmail.com', '123456', 'sinh_vien');
INSERT INTO sinh_vien (ma_sinh_vien, id_nguoi_dung, ho_ten, ngay_sinh, gioi_tinh, ma_nganh, ma_chuyen_nganh) VALUES ('SV0180', 260, 'Amber Gray', '2002-06-11', 'nam', 'QTKS', 'QTKS1');
INSERT INTO nguoi_dung (email, mat_khau_hash, vai_tro) VALUES ('gv81@gmail.com', '123456', 'giang_vien');
INSERT INTO giang_vien (ma_giang_vien, id_nguoi_dung, ho_ten, bo_mon, ma_nganh) VALUES ('GV0081', 261, 'Andrea Reynolds', 'Bộ môn cơ sở ngành', 'QTKS');
INSERT INTO nguoi_dung (email, mat_khau_hash, vai_tro) VALUES ('gv82@gmail.com', '123456', 'giang_vien');
INSERT INTO giang_vien (ma_giang_vien, id_nguoi_dung, ho_ten, bo_mon, ma_nganh) VALUES ('GV0082', 262, 'Susan Martin', 'Bộ môn cơ sở ngành', 'QTKS');
INSERT INTO nguoi_dung (email, mat_khau_hash, vai_tro) VALUES ('gv83@gmail.com', '123456', 'giang_vien');
INSERT INTO giang_vien (ma_giang_vien, id_nguoi_dung, ho_ten, bo_mon, ma_nganh) VALUES ('GV0083', 263, 'Mariah Landry', 'Bộ môn cơ sở ngành', 'QTKS');
INSERT INTO nguoi_dung (email, mat_khau_hash, vai_tro) VALUES ('gv84@gmail.com', '123456', 'giang_vien');
INSERT INTO giang_vien (ma_giang_vien, id_nguoi_dung, ho_ten, bo_mon, ma_nganh) VALUES ('GV0084', 264, 'Peter Roth', 'Bộ môn cơ sở ngành', 'QTKS');
INSERT INTO nguoi_dung (email, mat_khau_hash, vai_tro) VALUES ('gv85@gmail.com', '123456', 'giang_vien');
INSERT INTO giang_vien (ma_giang_vien, id_nguoi_dung, ho_ten, bo_mon, ma_nganh) VALUES ('GV0085', 265, 'Holly Vargas', 'Bộ môn cơ sở ngành', 'QTKS');
INSERT INTO nguoi_dung (email, mat_khau_hash, vai_tro) VALUES ('gv86@gmail.com', '123456', 'giang_vien');
INSERT INTO giang_vien (ma_giang_vien, id_nguoi_dung, ho_ten, bo_mon, ma_nganh) VALUES ('GV0086', 266, 'Ronald Barrett', 'Bộ môn cơ sở ngành', 'QTKS');
INSERT INTO nguoi_dung (email, mat_khau_hash, vai_tro) VALUES ('gv87@gmail.com', '123456', 'giang_vien');
INSERT INTO giang_vien (ma_giang_vien, id_nguoi_dung, ho_ten, bo_mon, ma_nganh) VALUES ('GV0087', 267, 'Priscilla Johnson', 'Bộ môn cơ sở ngành', 'QTKS');
INSERT INTO nguoi_dung (email, mat_khau_hash, vai_tro) VALUES ('gv88@gmail.com', '123456', 'giang_vien');
INSERT INTO giang_vien (ma_giang_vien, id_nguoi_dung, ho_ten, bo_mon, ma_nganh) VALUES ('GV0088', 268, 'Olivia Miller', 'Bộ môn cơ sở ngành', 'QTKS');
INSERT INTO nguoi_dung (email, mat_khau_hash, vai_tro) VALUES ('gv89@gmail.com', '123456', 'giang_vien');
INSERT INTO giang_vien (ma_giang_vien, id_nguoi_dung, ho_ten, bo_mon, ma_nganh) VALUES ('GV0089', 269, 'Angela Adams', 'Bộ môn cơ sở ngành', 'QTKS');
INSERT INTO nguoi_dung (email, mat_khau_hash, vai_tro) VALUES ('gv90@gmail.com', '123456', 'giang_vien');
INSERT INTO giang_vien (ma_giang_vien, id_nguoi_dung, ho_ten, bo_mon, ma_nganh) VALUES ('GV0090', 270, 'Hailey Perez', 'Bộ môn cơ sở ngành', 'QTKS');
INSERT INTO nguoi_dung (email, mat_khau_hash, vai_tro) VALUES ('sv181@gmail.com', '123456', 'sinh_vien');
INSERT INTO sinh_vien (ma_sinh_vien, id_nguoi_dung, ho_ten, ngay_sinh, gioi_tinh, ma_nganh, ma_chuyen_nganh) VALUES ('SV0181', 271, 'Christopher Parks', '2006-09-27', 'nam', 'DPH', 'DPH2');
INSERT INTO nguoi_dung (email, mat_khau_hash, vai_tro) VALUES ('sv182@gmail.com', '123456', 'sinh_vien');
INSERT INTO sinh_vien (ma_sinh_vien, id_nguoi_dung, ho_ten, ngay_sinh, gioi_tinh, ma_nganh, ma_chuyen_nganh) VALUES ('SV0182', 272, 'Lindsay Lewis', '2006-01-05', 'nu', 'DPH', 'DPH2');
INSERT INTO nguoi_dung (email, mat_khau_hash, vai_tro) VALUES ('sv183@gmail.com', '123456', 'sinh_vien');
INSERT INTO sinh_vien (ma_sinh_vien, id_nguoi_dung, ho_ten, ngay_sinh, gioi_tinh, ma_nganh, ma_chuyen_nganh) VALUES ('SV0183', 273, 'Cassandra Davis', '2006-09-18', 'nu', 'DPH', 'DPH2');
INSERT INTO nguoi_dung (email, mat_khau_hash, vai_tro) VALUES ('sv184@gmail.com', '123456', 'sinh_vien');
INSERT INTO sinh_vien (ma_sinh_vien, id_nguoi_dung, ho_ten, ngay_sinh, gioi_tinh, ma_nganh, ma_chuyen_nganh) VALUES ('SV0184', 274, 'Brian Howard', '2004-11-30', 'nam', 'DPH', 'DPH2');
INSERT INTO nguoi_dung (email, mat_khau_hash, vai_tro) VALUES ('sv185@gmail.com', '123456', 'sinh_vien');
INSERT INTO sinh_vien (ma_sinh_vien, id_nguoi_dung, ho_ten, ngay_sinh, gioi_tinh, ma_nganh, ma_chuyen_nganh) VALUES ('SV0185', 275, 'Travis Hernandez', '2002-02-01', 'nu', 'DPH', 'DPH1');
INSERT INTO nguoi_dung (email, mat_khau_hash, vai_tro) VALUES ('sv186@gmail.com', '123456', 'sinh_vien');
INSERT INTO sinh_vien (ma_sinh_vien, id_nguoi_dung, ho_ten, ngay_sinh, gioi_tinh, ma_nganh, ma_chuyen_nganh) VALUES ('SV0186', 276, 'David Lopez', '2003-12-18', 'nam', 'DPH', 'DPH1');
INSERT INTO nguoi_dung (email, mat_khau_hash, vai_tro) VALUES ('sv187@gmail.com', '123456', 'sinh_vien');
INSERT INTO sinh_vien (ma_sinh_vien, id_nguoi_dung, ho_ten, ngay_sinh, gioi_tinh, ma_nganh, ma_chuyen_nganh) VALUES ('SV0187', 277, 'Joseph Henderson', '2002-03-24', 'nam', 'DPH', 'DPH2');
INSERT INTO nguoi_dung (email, mat_khau_hash, vai_tro) VALUES ('sv188@gmail.com', '123456', 'sinh_vien');
INSERT INTO sinh_vien (ma_sinh_vien, id_nguoi_dung, ho_ten, ngay_sinh, gioi_tinh, ma_nganh, ma_chuyen_nganh) VALUES ('SV0188', 278, 'Melissa Gomez', '2004-03-18', 'nam', 'DPH', 'DPH2');
INSERT INTO nguoi_dung (email, mat_khau_hash, vai_tro) VALUES ('sv189@gmail.com', '123456', 'sinh_vien');
INSERT INTO sinh_vien (ma_sinh_vien, id_nguoi_dung, ho_ten, ngay_sinh, gioi_tinh, ma_nganh, ma_chuyen_nganh) VALUES ('SV0189', 279, 'Jesse Diaz', '2005-11-13', 'nu', 'DPH', 'DPH1');
INSERT INTO nguoi_dung (email, mat_khau_hash, vai_tro) VALUES ('sv190@gmail.com', '123456', 'sinh_vien');
INSERT INTO sinh_vien (ma_sinh_vien, id_nguoi_dung, ho_ten, ngay_sinh, gioi_tinh, ma_nganh, ma_chuyen_nganh) VALUES ('SV0190', 280, 'Rhonda Simmons', '2002-02-09', 'nu', 'DPH', 'DPH1');
INSERT INTO nguoi_dung (email, mat_khau_hash, vai_tro) VALUES ('sv191@gmail.com', '123456', 'sinh_vien');
INSERT INTO sinh_vien (ma_sinh_vien, id_nguoi_dung, ho_ten, ngay_sinh, gioi_tinh, ma_nganh, ma_chuyen_nganh) VALUES ('SV0191', 281, 'Jessica Russell', '2005-03-29', 'nu', 'DPH', 'DPH2');
INSERT INTO nguoi_dung (email, mat_khau_hash, vai_tro) VALUES ('sv192@gmail.com', '123456', 'sinh_vien');
INSERT INTO sinh_vien (ma_sinh_vien, id_nguoi_dung, ho_ten, ngay_sinh, gioi_tinh, ma_nganh, ma_chuyen_nganh) VALUES ('SV0192', 282, 'William Li', '2004-12-29', 'nam', 'DPH', 'DPH2');
INSERT INTO nguoi_dung (email, mat_khau_hash, vai_tro) VALUES ('sv193@gmail.com', '123456', 'sinh_vien');
INSERT INTO sinh_vien (ma_sinh_vien, id_nguoi_dung, ho_ten, ngay_sinh, gioi_tinh, ma_nganh, ma_chuyen_nganh) VALUES ('SV0193', 283, 'Cheryl Sanders', '2002-11-01', 'nu', 'DPH', 'DPH2');
INSERT INTO nguoi_dung (email, mat_khau_hash, vai_tro) VALUES ('sv194@gmail.com', '123456', 'sinh_vien');
INSERT INTO sinh_vien (ma_sinh_vien, id_nguoi_dung, ho_ten, ngay_sinh, gioi_tinh, ma_nganh, ma_chuyen_nganh) VALUES ('SV0194', 284, 'Amy Shaw', '2007-03-15', 'nam', 'DPH', 'DPH2');
INSERT INTO nguoi_dung (email, mat_khau_hash, vai_tro) VALUES ('sv195@gmail.com', '123456', 'sinh_vien');
INSERT INTO sinh_vien (ma_sinh_vien, id_nguoi_dung, ho_ten, ngay_sinh, gioi_tinh, ma_nganh, ma_chuyen_nganh) VALUES ('SV0195', 285, 'Mrs. Yvonne Smith', '2005-12-26', 'nam', 'DPH', 'DPH2');
INSERT INTO nguoi_dung (email, mat_khau_hash, vai_tro) VALUES ('sv196@gmail.com', '123456', 'sinh_vien');
INSERT INTO sinh_vien (ma_sinh_vien, id_nguoi_dung, ho_ten, ngay_sinh, gioi_tinh, ma_nganh, ma_chuyen_nganh) VALUES ('SV0196', 286, 'Sara Rodriguez', '2007-01-23', 'nu', 'DPH', 'DPH1');
INSERT INTO nguoi_dung (email, mat_khau_hash, vai_tro) VALUES ('sv197@gmail.com', '123456', 'sinh_vien');
INSERT INTO sinh_vien (ma_sinh_vien, id_nguoi_dung, ho_ten, ngay_sinh, gioi_tinh, ma_nganh, ma_chuyen_nganh) VALUES ('SV0197', 287, 'Raymond Ballard', '2003-07-26', 'nu', 'DPH', 'DPH1');
INSERT INTO nguoi_dung (email, mat_khau_hash, vai_tro) VALUES ('sv198@gmail.com', '123456', 'sinh_vien');
INSERT INTO sinh_vien (ma_sinh_vien, id_nguoi_dung, ho_ten, ngay_sinh, gioi_tinh, ma_nganh, ma_chuyen_nganh) VALUES ('SV0198', 288, 'Brenda Barrera', '2005-06-03', 'nam', 'DPH', 'DPH2');
INSERT INTO nguoi_dung (email, mat_khau_hash, vai_tro) VALUES ('sv199@gmail.com', '123456', 'sinh_vien');
INSERT INTO sinh_vien (ma_sinh_vien, id_nguoi_dung, ho_ten, ngay_sinh, gioi_tinh, ma_nganh, ma_chuyen_nganh) VALUES ('SV0199', 289, 'Lisa Joseph', '2003-01-05', 'nu', 'DPH', 'DPH2');
INSERT INTO nguoi_dung (email, mat_khau_hash, vai_tro) VALUES ('sv200@gmail.com', '123456', 'sinh_vien');
INSERT INTO sinh_vien (ma_sinh_vien, id_nguoi_dung, ho_ten, ngay_sinh, gioi_tinh, ma_nganh, ma_chuyen_nganh) VALUES ('SV0200', 290, 'George Roach', '2006-02-02', 'nu', 'DPH', 'DPH1');
INSERT INTO nguoi_dung (email, mat_khau_hash, vai_tro) VALUES ('gv91@gmail.com', '123456', 'giang_vien');
INSERT INTO giang_vien (ma_giang_vien, id_nguoi_dung, ho_ten, bo_mon, ma_nganh) VALUES ('GV0091', 291, 'Eric Mcdonald', 'Bộ môn cơ sở ngành', 'DPH');
INSERT INTO nguoi_dung (email, mat_khau_hash, vai_tro) VALUES ('gv92@gmail.com', '123456', 'giang_vien');
INSERT INTO giang_vien (ma_giang_vien, id_nguoi_dung, ho_ten, bo_mon, ma_nganh) VALUES ('GV0092', 292, 'Evelyn Marshall', 'Bộ môn cơ sở ngành', 'DPH');
INSERT INTO nguoi_dung (email, mat_khau_hash, vai_tro) VALUES ('gv93@gmail.com', '123456', 'giang_vien');
INSERT INTO giang_vien (ma_giang_vien, id_nguoi_dung, ho_ten, bo_mon, ma_nganh) VALUES ('GV0093', 293, 'Kathryn Johnson', 'Bộ môn cơ sở ngành', 'DPH');
INSERT INTO nguoi_dung (email, mat_khau_hash, vai_tro) VALUES ('gv94@gmail.com', '123456', 'giang_vien');
INSERT INTO giang_vien (ma_giang_vien, id_nguoi_dung, ho_ten, bo_mon, ma_nganh) VALUES ('GV0094', 294, 'Steven Mendez', 'Bộ môn cơ sở ngành', 'DPH');
INSERT INTO nguoi_dung (email, mat_khau_hash, vai_tro) VALUES ('gv95@gmail.com', '123456', 'giang_vien');
INSERT INTO giang_vien (ma_giang_vien, id_nguoi_dung, ho_ten, bo_mon, ma_nganh) VALUES ('GV0095', 295, 'Steven Taylor', 'Bộ môn cơ sở ngành', 'DPH');
INSERT INTO nguoi_dung (email, mat_khau_hash, vai_tro) VALUES ('gv96@gmail.com', '123456', 'giang_vien');
INSERT INTO giang_vien (ma_giang_vien, id_nguoi_dung, ho_ten, bo_mon, ma_nganh) VALUES ('GV0096', 296, 'Susan Williams', 'Bộ môn cơ sở ngành', 'DPH');
INSERT INTO nguoi_dung (email, mat_khau_hash, vai_tro) VALUES ('gv97@gmail.com', '123456', 'giang_vien');
INSERT INTO giang_vien (ma_giang_vien, id_nguoi_dung, ho_ten, bo_mon, ma_nganh) VALUES ('GV0097', 297, 'Timothy Matthews', 'Bộ môn cơ sở ngành', 'DPH');
INSERT INTO nguoi_dung (email, mat_khau_hash, vai_tro) VALUES ('gv98@gmail.com', '123456', 'giang_vien');
INSERT INTO giang_vien (ma_giang_vien, id_nguoi_dung, ho_ten, bo_mon, ma_nganh) VALUES ('GV0098', 298, 'Christine Robinson', 'Bộ môn cơ sở ngành', 'DPH');
INSERT INTO nguoi_dung (email, mat_khau_hash, vai_tro) VALUES ('gv99@gmail.com', '123456', 'giang_vien');
INSERT INTO giang_vien (ma_giang_vien, id_nguoi_dung, ho_ten, bo_mon, ma_nganh) VALUES ('GV0099', 299, 'Sarah Johnston', 'Bộ môn cơ sở ngành', 'DPH');
INSERT INTO nguoi_dung (email, mat_khau_hash, vai_tro) VALUES ('gv100@gmail.com', '123456', 'giang_vien');
INSERT INTO giang_vien (ma_giang_vien, id_nguoi_dung, ho_ten, bo_mon, ma_nganh) VALUES ('GV0100', 300, 'Antonio Lee', 'Bộ môn cơ sở ngành', 'DPH');

-- Môn học, môn học theo ngành, lớp học phần
INSERT INTO mon_hoc (ma_mon_hoc, ten_mon_hoc, tin_chi_ly_thuyet, tin_chi_thuc_hanh, loai_mon) VALUES ('CNTT_1_MH1', 'Môn học 1 - CNTT1', 2, 0, 'ly_thuyet');
INSERT INTO mon_hoc_nganh (ma_mon_hoc, ma_nganh, ma_chuyen_nganh, la_chuyen_nganh, nam_ap_dung) VALUES ('CNTT_1_MH1', 'CNTT', 'CNTT1', TRUE, 2024);
INSERT INTO lop_hoc_phan (ma_lop_hoc_phan, ma_mon_hoc, ma_giang_vien, hoc_ky, nam_hoc, lop_hoc, thu_trong_tuan, tiet_bat_dau, tiet_ket_thuc, phong_hoc) VALUES ('24100001', 'CNTT_1_MH1', 'GV0007', 'HK1', 2024, 'DHTH4', 3, 1, 3, 'A101');
INSERT INTO lop_hoc_phan (ma_lop_hoc_phan, ma_mon_hoc, ma_giang_vien, hoc_ky, nam_hoc, lop_hoc, thu_trong_tuan, tiet_bat_dau, tiet_ket_thuc, phong_hoc) VALUES ('24300002', 'CNTT_1_MH1', 'GV0031', 'HK1', 2024, 'DHTH10', 2, 1, 3, 'A101');
INSERT INTO lop_hoc_phan (ma_lop_hoc_phan, ma_mon_hoc, ma_giang_vien, hoc_ky, nam_hoc, lop_hoc, thu_trong_tuan, tiet_bat_dau, tiet_ket_thuc, phong_hoc) VALUES ('24300003', 'CNTT_1_MH1', 'GV0013', 'HK1', 2024, 'DHTH10', 5, 1, 3, 'A101');
INSERT INTO lop_hoc_phan (ma_lop_hoc_phan, ma_mon_hoc, ma_giang_vien, hoc_ky, nam_hoc, lop_hoc, thu_trong_tuan, tiet_bat_dau, tiet_ket_thuc, phong_hoc) VALUES ('24100004', 'CNTT_1_MH1', 'GV0041', 'HK1', 2024, 'DHTH10', 3, 1, 3, 'A101');
INSERT INTO lop_hoc_phan (ma_lop_hoc_phan, ma_mon_hoc, ma_giang_vien, hoc_ky, nam_hoc, lop_hoc, thu_trong_tuan, tiet_bat_dau, tiet_ket_thuc, phong_hoc) VALUES ('24300005', 'CNTT_1_MH1', 'GV0046', 'HK1', 2024, 'DHTH2', 2, 1, 3, 'A101');
INSERT INTO lop_hoc_phan (ma_lop_hoc_phan, ma_mon_hoc, ma_giang_vien, hoc_ky, nam_hoc, lop_hoc, thu_trong_tuan, tiet_bat_dau, tiet_ket_thuc, phong_hoc) VALUES ('24100006', 'CNTT_1_MH1', 'GV0078', 'HK1', 2024, 'DHTH7', 5, 1, 3, 'A101');
INSERT INTO lop_hoc_phan (ma_lop_hoc_phan, ma_mon_hoc, ma_giang_vien, hoc_ky, nam_hoc, lop_hoc, thu_trong_tuan, tiet_bat_dau, tiet_ket_thuc, phong_hoc) VALUES ('24300007', 'CNTT_1_MH1', 'GV0040', 'HK1', 2024, 'DHTH9', 6, 1, 3, 'A101');
INSERT INTO lop_hoc_phan (ma_lop_hoc_phan, ma_mon_hoc, ma_giang_vien, hoc_ky, nam_hoc, lop_hoc, thu_trong_tuan, tiet_bat_dau, tiet_ket_thuc, phong_hoc) VALUES ('24300008', 'CNTT_1_MH1', 'GV0094', 'HK1', 2024, 'DHTH3', 2, 1, 3, 'A101');
INSERT INTO lop_hoc_phan (ma_lop_hoc_phan, ma_mon_hoc, ma_giang_vien, hoc_ky, nam_hoc, lop_hoc, thu_trong_tuan, tiet_bat_dau, tiet_ket_thuc, phong_hoc) VALUES ('24300009', 'CNTT_1_MH1', 'GV0022', 'HK1', 2024, 'DHTH6', 2, 1, 3, 'A101');
INSERT INTO lop_hoc_phan (ma_lop_hoc_phan, ma_mon_hoc, ma_giang_vien, hoc_ky, nam_hoc, lop_hoc, thu_trong_tuan, tiet_bat_dau, tiet_ket_thuc, phong_hoc) VALUES ('24200010', 'CNTT_1_MH1', 'GV0020', 'HK1', 2024, 'DHTH8', 4, 1, 3, 'A101');
INSERT INTO mon_hoc (ma_mon_hoc, ten_mon_hoc, tin_chi_ly_thuyet, tin_chi_thuc_hanh, loai_mon) VALUES ('CNTT_1_MH2', 'Môn học 2 - CNTT1', 2, 0, 'ly_thuyet');
INSERT INTO mon_hoc_nganh (ma_mon_hoc, ma_nganh, ma_chuyen_nganh, la_chuyen_nganh, nam_ap_dung) VALUES ('CNTT_1_MH2', 'CNTT', 'CNTT1', TRUE, 2024);
INSERT INTO lop_hoc_phan (ma_lop_hoc_phan, ma_mon_hoc, ma_giang_vien, hoc_ky, nam_hoc, lop_hoc, thu_trong_tuan, tiet_bat_dau, tiet_ket_thuc, phong_hoc) VALUES ('24100011', 'CNTT_1_MH2', 'GV0099', 'HK1', 2024, 'DHTH6', 2, 1, 3, 'A101');
INSERT INTO lop_hoc_phan (ma_lop_hoc_phan, ma_mon_hoc, ma_giang_vien, hoc_ky, nam_hoc, lop_hoc, thu_trong_tuan, tiet_bat_dau, tiet_ket_thuc, phong_hoc) VALUES ('24100012', 'CNTT_1_MH2', 'GV0039', 'HK1', 2024, 'DHTH9', 3, 1, 3, 'A101');
INSERT INTO lop_hoc_phan (ma_lop_hoc_phan, ma_mon_hoc, ma_giang_vien, hoc_ky, nam_hoc, lop_hoc, thu_trong_tuan, tiet_bat_dau, tiet_ket_thuc, phong_hoc) VALUES ('24300013', 'CNTT_1_MH2', 'GV0036', 'HK1', 2024, 'DHTH6', 2, 1, 3, 'A101');
INSERT INTO lop_hoc_phan (ma_lop_hoc_phan, ma_mon_hoc, ma_giang_vien, hoc_ky, nam_hoc, lop_hoc, thu_trong_tuan, tiet_bat_dau, tiet_ket_thuc, phong_hoc) VALUES ('24200014', 'CNTT_1_MH2', 'GV0050', 'HK1', 2024, 'DHTH10', 5, 1, 3, 'A101');
INSERT INTO lop_hoc_phan (ma_lop_hoc_phan, ma_mon_hoc, ma_giang_vien, hoc_ky, nam_hoc, lop_hoc, thu_trong_tuan, tiet_bat_dau, tiet_ket_thuc, phong_hoc) VALUES ('24300015', 'CNTT_1_MH2', 'GV0075', 'HK1', 2024, 'DHTH7', 4, 1, 3, 'A101');
INSERT INTO lop_hoc_phan (ma_lop_hoc_phan, ma_mon_hoc, ma_giang_vien, hoc_ky, nam_hoc, lop_hoc, thu_trong_tuan, tiet_bat_dau, tiet_ket_thuc, phong_hoc) VALUES ('24300016', 'CNTT_1_MH2', 'GV0015', 'HK1', 2024, 'DHTH4', 2, 1, 3, 'A101');
INSERT INTO lop_hoc_phan (ma_lop_hoc_phan, ma_mon_hoc, ma_giang_vien, hoc_ky, nam_hoc, lop_hoc, thu_trong_tuan, tiet_bat_dau, tiet_ket_thuc, phong_hoc) VALUES ('24100017', 'CNTT_1_MH2', 'GV0020', 'HK1', 2024, 'DHTH2', 4, 1, 3, 'A101');
INSERT INTO lop_hoc_phan (ma_lop_hoc_phan, ma_mon_hoc, ma_giang_vien, hoc_ky, nam_hoc, lop_hoc, thu_trong_tuan, tiet_bat_dau, tiet_ket_thuc, phong_hoc) VALUES ('24300018', 'CNTT_1_MH2', 'GV0092', 'HK1', 2024, 'DHTH4', 4, 1, 3, 'A101');
INSERT INTO lop_hoc_phan (ma_lop_hoc_phan, ma_mon_hoc, ma_giang_vien, hoc_ky, nam_hoc, lop_hoc, thu_trong_tuan, tiet_bat_dau, tiet_ket_thuc, phong_hoc) VALUES ('24300019', 'CNTT_1_MH2', 'GV0067', 'HK1', 2024, 'DHTH1', 4, 1, 3, 'A101');
INSERT INTO lop_hoc_phan (ma_lop_hoc_phan, ma_mon_hoc, ma_giang_vien, hoc_ky, nam_hoc, lop_hoc, thu_trong_tuan, tiet_bat_dau, tiet_ket_thuc, phong_hoc) VALUES ('24100020', 'CNTT_1_MH2', 'GV0074', 'HK1', 2024, 'DHTH5', 5, 1, 3, 'A101');
INSERT INTO mon_hoc (ma_mon_hoc, ten_mon_hoc, tin_chi_ly_thuyet, tin_chi_thuc_hanh, loai_mon) VALUES ('CNTT_1_MH3', 'Môn học 3 - CNTT1', 2, 0, 'ly_thuyet');
INSERT INTO mon_hoc_nganh (ma_mon_hoc, ma_nganh, ma_chuyen_nganh, la_chuyen_nganh, nam_ap_dung) VALUES ('CNTT_1_MH3', 'CNTT', 'CNTT1', TRUE, 2024);
INSERT INTO lop_hoc_phan (ma_lop_hoc_phan, ma_mon_hoc, ma_giang_vien, hoc_ky, nam_hoc, lop_hoc, thu_trong_tuan, tiet_bat_dau, tiet_ket_thuc, phong_hoc) VALUES ('24200021', 'CNTT_1_MH3', 'GV0035', 'HK1', 2024, 'DHTH8', 2, 1, 3, 'A101');
INSERT INTO lop_hoc_phan (ma_lop_hoc_phan, ma_mon_hoc, ma_giang_vien, hoc_ky, nam_hoc, lop_hoc, thu_trong_tuan, tiet_bat_dau, tiet_ket_thuc, phong_hoc) VALUES ('24200022', 'CNTT_1_MH3', 'GV0078', 'HK1', 2024, 'DHTH3', 2, 1, 3, 'A101');
INSERT INTO lop_hoc_phan (ma_lop_hoc_phan, ma_mon_hoc, ma_giang_vien, hoc_ky, nam_hoc, lop_hoc, thu_trong_tuan, tiet_bat_dau, tiet_ket_thuc, phong_hoc) VALUES ('24100023', 'CNTT_1_MH3', 'GV0049', 'HK1', 2024, 'DHTH8', 4, 1, 3, 'A101');
INSERT INTO lop_hoc_phan (ma_lop_hoc_phan, ma_mon_hoc, ma_giang_vien, hoc_ky, nam_hoc, lop_hoc, thu_trong_tuan, tiet_bat_dau, tiet_ket_thuc, phong_hoc) VALUES ('24100024', 'CNTT_1_MH3', 'GV0027', 'HK1', 2024, 'DHTH4', 3, 1, 3, 'A101');
INSERT INTO lop_hoc_phan (ma_lop_hoc_phan, ma_mon_hoc, ma_giang_vien, hoc_ky, nam_hoc, lop_hoc, thu_trong_tuan, tiet_bat_dau, tiet_ket_thuc, phong_hoc) VALUES ('24200025', 'CNTT_1_MH3', 'GV0052', 'HK1', 2024, 'DHTH9', 6, 1, 3, 'A101');
INSERT INTO lop_hoc_phan (ma_lop_hoc_phan, ma_mon_hoc, ma_giang_vien, hoc_ky, nam_hoc, lop_hoc, thu_trong_tuan, tiet_bat_dau, tiet_ket_thuc, phong_hoc) VALUES ('24100026', 'CNTT_1_MH3', 'GV0066', 'HK1', 2024, 'DHTH3', 3, 1, 3, 'A101');
INSERT INTO lop_hoc_phan (ma_lop_hoc_phan, ma_mon_hoc, ma_giang_vien, hoc_ky, nam_hoc, lop_hoc, thu_trong_tuan, tiet_bat_dau, tiet_ket_thuc, phong_hoc) VALUES ('24200027', 'CNTT_1_MH3', 'GV0040', 'HK1', 2024, 'DHTH7', 4, 1, 3, 'A101');
INSERT INTO lop_hoc_phan (ma_lop_hoc_phan, ma_mon_hoc, ma_giang_vien, hoc_ky, nam_hoc, lop_hoc, thu_trong_tuan, tiet_bat_dau, tiet_ket_thuc, phong_hoc) VALUES ('24300028', 'CNTT_1_MH3', 'GV0033', 'HK1', 2024, 'DHTH6', 5, 1, 3, 'A101');
INSERT INTO lop_hoc_phan (ma_lop_hoc_phan, ma_mon_hoc, ma_giang_vien, hoc_ky, nam_hoc, lop_hoc, thu_trong_tuan, tiet_bat_dau, tiet_ket_thuc, phong_hoc) VALUES ('24100029', 'CNTT_1_MH3', 'GV0085', 'HK1', 2024, 'DHTH9', 3, 1, 3, 'A101');
INSERT INTO lop_hoc_phan (ma_lop_hoc_phan, ma_mon_hoc, ma_giang_vien, hoc_ky, nam_hoc, lop_hoc, thu_trong_tuan, tiet_bat_dau, tiet_ket_thuc, phong_hoc) VALUES ('24300030', 'CNTT_1_MH3', 'GV0015', 'HK1', 2024, 'DHTH9', 4, 1, 3, 'A101');
INSERT INTO mon_hoc (ma_mon_hoc, ten_mon_hoc, tin_chi_ly_thuyet, tin_chi_thuc_hanh, loai_mon) VALUES ('CNTT_1_MH4', 'Môn học 4 - CNTT1', 2, 0, 'ly_thuyet');
INSERT INTO mon_hoc_nganh (ma_mon_hoc, ma_nganh, ma_chuyen_nganh, la_chuyen_nganh, nam_ap_dung) VALUES ('CNTT_1_MH4', 'CNTT', 'CNTT1', TRUE, 2024);
INSERT INTO lop_hoc_phan (ma_lop_hoc_phan, ma_mon_hoc, ma_giang_vien, hoc_ky, nam_hoc, lop_hoc, thu_trong_tuan, tiet_bat_dau, tiet_ket_thuc, phong_hoc) VALUES ('24300031', 'CNTT_1_MH4', 'GV0012', 'HK1', 2024, 'DHTH2', 3, 1, 3, 'A101');
INSERT INTO lop_hoc_phan (ma_lop_hoc_phan, ma_mon_hoc, ma_giang_vien, hoc_ky, nam_hoc, lop_hoc, thu_trong_tuan, tiet_bat_dau, tiet_ket_thuc, phong_hoc) VALUES ('24200032', 'CNTT_1_MH4', 'GV0023', 'HK1', 2024, 'DHTH6', 3, 1, 3, 'A101');
INSERT INTO lop_hoc_phan (ma_lop_hoc_phan, ma_mon_hoc, ma_giang_vien, hoc_ky, nam_hoc, lop_hoc, thu_trong_tuan, tiet_bat_dau, tiet_ket_thuc, phong_hoc) VALUES ('24100033', 'CNTT_1_MH4', 'GV0014', 'HK1', 2024, 'DHTH4', 5, 1, 3, 'A101');
INSERT INTO lop_hoc_phan (ma_lop_hoc_phan, ma_mon_hoc, ma_giang_vien, hoc_ky, nam_hoc, lop_hoc, thu_trong_tuan, tiet_bat_dau, tiet_ket_thuc, phong_hoc) VALUES ('24100034', 'CNTT_1_MH4', 'GV0017', 'HK1', 2024, 'DHTH8', 2, 1, 3, 'A101');
INSERT INTO lop_hoc_phan (ma_lop_hoc_phan, ma_mon_hoc, ma_giang_vien, hoc_ky, nam_hoc, lop_hoc, thu_trong_tuan, tiet_bat_dau, tiet_ket_thuc, phong_hoc) VALUES ('24300035', 'CNTT_1_MH4', 'GV0045', 'HK1', 2024, 'DHTH5', 2, 1, 3, 'A101');
INSERT INTO lop_hoc_phan (ma_lop_hoc_phan, ma_mon_hoc, ma_giang_vien, hoc_ky, nam_hoc, lop_hoc, thu_trong_tuan, tiet_bat_dau, tiet_ket_thuc, phong_hoc) VALUES ('24100036', 'CNTT_1_MH4', 'GV0038', 'HK1', 2024, 'DHTH4', 6, 1, 3, 'A101');
INSERT INTO lop_hoc_phan (ma_lop_hoc_phan, ma_mon_hoc, ma_giang_vien, hoc_ky, nam_hoc, lop_hoc, thu_trong_tuan, tiet_bat_dau, tiet_ket_thuc, phong_hoc) VALUES ('24300037', 'CNTT_1_MH4', 'GV0089', 'HK1', 2024, 'DHTH1', 3, 1, 3, 'A101');
INSERT INTO lop_hoc_phan (ma_lop_hoc_phan, ma_mon_hoc, ma_giang_vien, hoc_ky, nam_hoc, lop_hoc, thu_trong_tuan, tiet_bat_dau, tiet_ket_thuc, phong_hoc) VALUES ('24100038', 'CNTT_1_MH4', 'GV0003', 'HK1', 2024, 'DHTH4', 3, 1, 3, 'A101');
INSERT INTO lop_hoc_phan (ma_lop_hoc_phan, ma_mon_hoc, ma_giang_vien, hoc_ky, nam_hoc, lop_hoc, thu_trong_tuan, tiet_bat_dau, tiet_ket_thuc, phong_hoc) VALUES ('24200039', 'CNTT_1_MH4', 'GV0030', 'HK1', 2024, 'DHTH6', 4, 1, 3, 'A101');
INSERT INTO lop_hoc_phan (ma_lop_hoc_phan, ma_mon_hoc, ma_giang_vien, hoc_ky, nam_hoc, lop_hoc, thu_trong_tuan, tiet_bat_dau, tiet_ket_thuc, phong_hoc) VALUES ('24100040', 'CNTT_1_MH4', 'GV0017', 'HK1', 2024, 'DHTH7', 6, 1, 3, 'A101');
INSERT INTO mon_hoc (ma_mon_hoc, ten_mon_hoc, tin_chi_ly_thuyet, tin_chi_thuc_hanh, loai_mon) VALUES ('CNTT_1_MH5', 'Môn học 5 - CNTT1', 2, 0, 'ly_thuyet');
INSERT INTO mon_hoc_nganh (ma_mon_hoc, ma_nganh, ma_chuyen_nganh, la_chuyen_nganh, nam_ap_dung) VALUES ('CNTT_1_MH5', 'CNTT', 'CNTT1', TRUE, 2024);
INSERT INTO lop_hoc_phan (ma_lop_hoc_phan, ma_mon_hoc, ma_giang_vien, hoc_ky, nam_hoc, lop_hoc, thu_trong_tuan, tiet_bat_dau, tiet_ket_thuc, phong_hoc) VALUES ('24200041', 'CNTT_1_MH5', 'GV0026', 'HK1', 2024, 'DHTH4', 6, 1, 3, 'A101');
INSERT INTO lop_hoc_phan (ma_lop_hoc_phan, ma_mon_hoc, ma_giang_vien, hoc_ky, nam_hoc, lop_hoc, thu_trong_tuan, tiet_bat_dau, tiet_ket_thuc, phong_hoc) VALUES ('24300042', 'CNTT_1_MH5', 'GV0082', 'HK1', 2024, 'DHTH6', 4, 1, 3, 'A101');
INSERT INTO lop_hoc_phan (ma_lop_hoc_phan, ma_mon_hoc, ma_giang_vien, hoc_ky, nam_hoc, lop_hoc, thu_trong_tuan, tiet_bat_dau, tiet_ket_thuc, phong_hoc) VALUES ('24200043', 'CNTT_1_MH5', 'GV0019', 'HK1', 2024, 'DHTH1', 5, 1, 3, 'A101');
INSERT INTO lop_hoc_phan (ma_lop_hoc_phan, ma_mon_hoc, ma_giang_vien, hoc_ky, nam_hoc, lop_hoc, thu_trong_tuan, tiet_bat_dau, tiet_ket_thuc, phong_hoc) VALUES ('24100044', 'CNTT_1_MH5', 'GV0009', 'HK1', 2024, 'DHTH6', 5, 1, 3, 'A101');
INSERT INTO lop_hoc_phan (ma_lop_hoc_phan, ma_mon_hoc, ma_giang_vien, hoc_ky, nam_hoc, lop_hoc, thu_trong_tuan, tiet_bat_dau, tiet_ket_thuc, phong_hoc) VALUES ('24200045', 'CNTT_1_MH5', 'GV0087', 'HK1', 2024, 'DHTH1', 3, 1, 3, 'A101');
INSERT INTO lop_hoc_phan (ma_lop_hoc_phan, ma_mon_hoc, ma_giang_vien, hoc_ky, nam_hoc, lop_hoc, thu_trong_tuan, tiet_bat_dau, tiet_ket_thuc, phong_hoc) VALUES ('24300046', 'CNTT_1_MH5', 'GV0016', 'HK1', 2024, 'DHTH10', 6, 1, 3, 'A101');
INSERT INTO lop_hoc_phan (ma_lop_hoc_phan, ma_mon_hoc, ma_giang_vien, hoc_ky, nam_hoc, lop_hoc, thu_trong_tuan, tiet_bat_dau, tiet_ket_thuc, phong_hoc) VALUES ('24300047', 'CNTT_1_MH5', 'GV0053', 'HK1', 2024, 'DHTH2', 6, 1, 3, 'A101');
INSERT INTO lop_hoc_phan (ma_lop_hoc_phan, ma_mon_hoc, ma_giang_vien, hoc_ky, nam_hoc, lop_hoc, thu_trong_tuan, tiet_bat_dau, tiet_ket_thuc, phong_hoc) VALUES ('24200048', 'CNTT_1_MH5', 'GV0014', 'HK1', 2024, 'DHTH6', 3, 1, 3, 'A101');
INSERT INTO lop_hoc_phan (ma_lop_hoc_phan, ma_mon_hoc, ma_giang_vien, hoc_ky, nam_hoc, lop_hoc, thu_trong_tuan, tiet_bat_dau, tiet_ket_thuc, phong_hoc) VALUES ('24300049', 'CNTT_1_MH5', 'GV0097', 'HK1', 2024, 'DHTH7', 5, 1, 3, 'A101');
INSERT INTO lop_hoc_phan (ma_lop_hoc_phan, ma_mon_hoc, ma_giang_vien, hoc_ky, nam_hoc, lop_hoc, thu_trong_tuan, tiet_bat_dau, tiet_ket_thuc, phong_hoc) VALUES ('24100050', 'CNTT_1_MH5', 'GV0044', 'HK1', 2024, 'DHTH9', 6, 1, 3, 'A101');
INSERT INTO mon_hoc (ma_mon_hoc, ten_mon_hoc, tin_chi_ly_thuyet, tin_chi_thuc_hanh, loai_mon) VALUES ('CNTT_2_MH1', 'Môn học 1 - CNTT2', 2, 0, 'ly_thuyet');
INSERT INTO mon_hoc_nganh (ma_mon_hoc, ma_nganh, ma_chuyen_nganh, la_chuyen_nganh, nam_ap_dung) VALUES ('CNTT_2_MH1', 'CNTT', 'CNTT2', TRUE, 2024);
INSERT INTO lop_hoc_phan (ma_lop_hoc_phan, ma_mon_hoc, ma_giang_vien, hoc_ky, nam_hoc, lop_hoc, thu_trong_tuan, tiet_bat_dau, tiet_ket_thuc, phong_hoc) VALUES ('24200051', 'CNTT_2_MH1', 'GV0067', 'HK1', 2024, 'DHTH10', 5, 1, 3, 'A101');
INSERT INTO lop_hoc_phan (ma_lop_hoc_phan, ma_mon_hoc, ma_giang_vien, hoc_ky, nam_hoc, lop_hoc, thu_trong_tuan, tiet_bat_dau, tiet_ket_thuc, phong_hoc) VALUES ('24200052', 'CNTT_2_MH1', 'GV0065', 'HK1', 2024, 'DHTH7', 2, 1, 3, 'A101');
INSERT INTO lop_hoc_phan (ma_lop_hoc_phan, ma_mon_hoc, ma_giang_vien, hoc_ky, nam_hoc, lop_hoc, thu_trong_tuan, tiet_bat_dau, tiet_ket_thuc, phong_hoc) VALUES ('24100053', 'CNTT_2_MH1', 'GV0073', 'HK1', 2024, 'DHTH5', 2, 1, 3, 'A101');
INSERT INTO lop_hoc_phan (ma_lop_hoc_phan, ma_mon_hoc, ma_giang_vien, hoc_ky, nam_hoc, lop_hoc, thu_trong_tuan, tiet_bat_dau, tiet_ket_thuc, phong_hoc) VALUES ('24300054', 'CNTT_2_MH1', 'GV0026', 'HK1', 2024, 'DHTH1', 3, 1, 3, 'A101');
INSERT INTO lop_hoc_phan (ma_lop_hoc_phan, ma_mon_hoc, ma_giang_vien, hoc_ky, nam_hoc, lop_hoc, thu_trong_tuan, tiet_bat_dau, tiet_ket_thuc, phong_hoc) VALUES ('24100055', 'CNTT_2_MH1', 'GV0083', 'HK1', 2024, 'DHTH8', 3, 1, 3, 'A101');
INSERT INTO lop_hoc_phan (ma_lop_hoc_phan, ma_mon_hoc, ma_giang_vien, hoc_ky, nam_hoc, lop_hoc, thu_trong_tuan, tiet_bat_dau, tiet_ket_thuc, phong_hoc) VALUES ('24100056', 'CNTT_2_MH1', 'GV0073', 'HK1', 2024, 'DHTH6', 3, 1, 3, 'A101');
INSERT INTO lop_hoc_phan (ma_lop_hoc_phan, ma_mon_hoc, ma_giang_vien, hoc_ky, nam_hoc, lop_hoc, thu_trong_tuan, tiet_bat_dau, tiet_ket_thuc, phong_hoc) VALUES ('24300057', 'CNTT_2_MH1', 'GV0023', 'HK1', 2024, 'DHTH4', 3, 1, 3, 'A101');
INSERT INTO lop_hoc_phan (ma_lop_hoc_phan, ma_mon_hoc, ma_giang_vien, hoc_ky, nam_hoc, lop_hoc, thu_trong_tuan, tiet_bat_dau, tiet_ket_thuc, phong_hoc) VALUES ('24100058', 'CNTT_2_MH1', 'GV0068', 'HK1', 2024, 'DHTH9', 2, 1, 3, 'A101');
INSERT INTO lop_hoc_phan (ma_lop_hoc_phan, ma_mon_hoc, ma_giang_vien, hoc_ky, nam_hoc, lop_hoc, thu_trong_tuan, tiet_bat_dau, tiet_ket_thuc, phong_hoc) VALUES ('24100059', 'CNTT_2_MH1', 'GV0010', 'HK1', 2024, 'DHTH5', 4, 1, 3, 'A101');
INSERT INTO lop_hoc_phan (ma_lop_hoc_phan, ma_mon_hoc, ma_giang_vien, hoc_ky, nam_hoc, lop_hoc, thu_trong_tuan, tiet_bat_dau, tiet_ket_thuc, phong_hoc) VALUES ('24200060', 'CNTT_2_MH1', 'GV0010', 'HK1', 2024, 'DHTH4', 5, 1, 3, 'A101');
INSERT INTO mon_hoc (ma_mon_hoc, ten_mon_hoc, tin_chi_ly_thuyet, tin_chi_thuc_hanh, loai_mon) VALUES ('CNTT_2_MH2', 'Môn học 2 - CNTT2', 2, 0, 'ly_thuyet');
INSERT INTO mon_hoc_nganh (ma_mon_hoc, ma_nganh, ma_chuyen_nganh, la_chuyen_nganh, nam_ap_dung) VALUES ('CNTT_2_MH2', 'CNTT', 'CNTT2', TRUE, 2024);
INSERT INTO lop_hoc_phan (ma_lop_hoc_phan, ma_mon_hoc, ma_giang_vien, hoc_ky, nam_hoc, lop_hoc, thu_trong_tuan, tiet_bat_dau, tiet_ket_thuc, phong_hoc) VALUES ('24100061', 'CNTT_2_MH2', 'GV0020', 'HK1', 2024, 'DHTH8', 5, 1, 3, 'A101');
INSERT INTO lop_hoc_phan (ma_lop_hoc_phan, ma_mon_hoc, ma_giang_vien, hoc_ky, nam_hoc, lop_hoc, thu_trong_tuan, tiet_bat_dau, tiet_ket_thuc, phong_hoc) VALUES ('24100062', 'CNTT_2_MH2', 'GV0022', 'HK1', 2024, 'DHTH6', 4, 1, 3, 'A101');
INSERT INTO lop_hoc_phan (ma_lop_hoc_phan, ma_mon_hoc, ma_giang_vien, hoc_ky, nam_hoc, lop_hoc, thu_trong_tuan, tiet_bat_dau, tiet_ket_thuc, phong_hoc) VALUES ('24200063', 'CNTT_2_MH2', 'GV0065', 'HK1', 2024, 'DHTH1', 2, 1, 3, 'A101');
INSERT INTO lop_hoc_phan (ma_lop_hoc_phan, ma_mon_hoc, ma_giang_vien, hoc_ky, nam_hoc, lop_hoc, thu_trong_tuan, tiet_bat_dau, tiet_ket_thuc, phong_hoc) VALUES ('24100064', 'CNTT_2_MH2', 'GV0013', 'HK1', 2024, 'DHTH10', 5, 1, 3, 'A101');
INSERT INTO lop_hoc_phan (ma_lop_hoc_phan, ma_mon_hoc, ma_giang_vien, hoc_ky, nam_hoc, lop_hoc, thu_trong_tuan, tiet_bat_dau, tiet_ket_thuc, phong_hoc) VALUES ('24300065', 'CNTT_2_MH2', 'GV0059', 'HK1', 2024, 'DHTH7', 5, 1, 3, 'A101');
INSERT INTO lop_hoc_phan (ma_lop_hoc_phan, ma_mon_hoc, ma_giang_vien, hoc_ky, nam_hoc, lop_hoc, thu_trong_tuan, tiet_bat_dau, tiet_ket_thuc, phong_hoc) VALUES ('24300066', 'CNTT_2_MH2', 'GV0009', 'HK1', 2024, 'DHTH8', 5, 1, 3, 'A101');
INSERT INTO lop_hoc_phan (ma_lop_hoc_phan, ma_mon_hoc, ma_giang_vien, hoc_ky, nam_hoc, lop_hoc, thu_trong_tuan, tiet_bat_dau, tiet_ket_thuc, phong_hoc) VALUES ('24200067', 'CNTT_2_MH2', 'GV0056', 'HK1', 2024, 'DHTH4', 4, 1, 3, 'A101');
INSERT INTO lop_hoc_phan (ma_lop_hoc_phan, ma_mon_hoc, ma_giang_vien, hoc_ky, nam_hoc, lop_hoc, thu_trong_tuan, tiet_bat_dau, tiet_ket_thuc, phong_hoc) VALUES ('24300068', 'CNTT_2_MH2', 'GV0081', 'HK1', 2024, 'DHTH6', 6, 1, 3, 'A101');
INSERT INTO lop_hoc_phan (ma_lop_hoc_phan, ma_mon_hoc, ma_giang_vien, hoc_ky, nam_hoc, lop_hoc, thu_trong_tuan, tiet_bat_dau, tiet_ket_thuc, phong_hoc) VALUES ('24200069', 'CNTT_2_MH2', 'GV0032', 'HK1', 2024, 'DHTH1', 4, 1, 3, 'A101');
INSERT INTO lop_hoc_phan (ma_lop_hoc_phan, ma_mon_hoc, ma_giang_vien, hoc_ky, nam_hoc, lop_hoc, thu_trong_tuan, tiet_bat_dau, tiet_ket_thuc, phong_hoc) VALUES ('24300070', 'CNTT_2_MH2', 'GV0091', 'HK1', 2024, 'DHTH6', 2, 1, 3, 'A101');
INSERT INTO mon_hoc (ma_mon_hoc, ten_mon_hoc, tin_chi_ly_thuyet, tin_chi_thuc_hanh, loai_mon) VALUES ('CNTT_2_MH3', 'Môn học 3 - CNTT2', 2, 0, 'ly_thuyet');
INSERT INTO mon_hoc_nganh (ma_mon_hoc, ma_nganh, ma_chuyen_nganh, la_chuyen_nganh, nam_ap_dung) VALUES ('CNTT_2_MH3', 'CNTT', 'CNTT2', TRUE, 2024);
INSERT INTO lop_hoc_phan (ma_lop_hoc_phan, ma_mon_hoc, ma_giang_vien, hoc_ky, nam_hoc, lop_hoc, thu_trong_tuan, tiet_bat_dau, tiet_ket_thuc, phong_hoc) VALUES ('24100071', 'CNTT_2_MH3', 'GV0079', 'HK1', 2024, 'DHTH5', 4, 1, 3, 'A101');
INSERT INTO lop_hoc_phan (ma_lop_hoc_phan, ma_mon_hoc, ma_giang_vien, hoc_ky, nam_hoc, lop_hoc, thu_trong_tuan, tiet_bat_dau, tiet_ket_thuc, phong_hoc) VALUES ('24200072', 'CNTT_2_MH3', 'GV0054', 'HK1', 2024, 'DHTH10', 3, 1, 3, 'A101');
INSERT INTO lop_hoc_phan (ma_lop_hoc_phan, ma_mon_hoc, ma_giang_vien, hoc_ky, nam_hoc, lop_hoc, thu_trong_tuan, tiet_bat_dau, tiet_ket_thuc, phong_hoc) VALUES ('24100073', 'CNTT_2_MH3', 'GV0043', 'HK1', 2024, 'DHTH6', 6, 1, 3, 'A101');
INSERT INTO lop_hoc_phan (ma_lop_hoc_phan, ma_mon_hoc, ma_giang_vien, hoc_ky, nam_hoc, lop_hoc, thu_trong_tuan, tiet_bat_dau, tiet_ket_thuc, phong_hoc) VALUES ('24200074', 'CNTT_2_MH3', 'GV0049', 'HK1', 2024, 'DHTH6', 4, 1, 3, 'A101');
INSERT INTO lop_hoc_phan (ma_lop_hoc_phan, ma_mon_hoc, ma_giang_vien, hoc_ky, nam_hoc, lop_hoc, thu_trong_tuan, tiet_bat_dau, tiet_ket_thuc, phong_hoc) VALUES ('24300075', 'CNTT_2_MH3', 'GV0037', 'HK1', 2024, 'DHTH7', 6, 1, 3, 'A101');
INSERT INTO lop_hoc_phan (ma_lop_hoc_phan, ma_mon_hoc, ma_giang_vien, hoc_ky, nam_hoc, lop_hoc, thu_trong_tuan, tiet_bat_dau, tiet_ket_thuc, phong_hoc) VALUES ('24100076', 'CNTT_2_MH3', 'GV0063', 'HK1', 2024, 'DHTH7', 4, 1, 3, 'A101');
INSERT INTO lop_hoc_phan (ma_lop_hoc_phan, ma_mon_hoc, ma_giang_vien, hoc_ky, nam_hoc, lop_hoc, thu_trong_tuan, tiet_bat_dau, tiet_ket_thuc, phong_hoc) VALUES ('24100077', 'CNTT_2_MH3', 'GV0041', 'HK1', 2024, 'DHTH1', 4, 1, 3, 'A101');
INSERT INTO lop_hoc_phan (ma_lop_hoc_phan, ma_mon_hoc, ma_giang_vien, hoc_ky, nam_hoc, lop_hoc, thu_trong_tuan, tiet_bat_dau, tiet_ket_thuc, phong_hoc) VALUES ('24100078', 'CNTT_2_MH3', 'GV0062', 'HK1', 2024, 'DHTH9', 4, 1, 3, 'A101');
INSERT INTO lop_hoc_phan (ma_lop_hoc_phan, ma_mon_hoc, ma_giang_vien, hoc_ky, nam_hoc, lop_hoc, thu_trong_tuan, tiet_bat_dau, tiet_ket_thuc, phong_hoc) VALUES ('24300079', 'CNTT_2_MH3', 'GV0035', 'HK1', 2024, 'DHTH5', 6, 1, 3, 'A101');
INSERT INTO lop_hoc_phan (ma_lop_hoc_phan, ma_mon_hoc, ma_giang_vien, hoc_ky, nam_hoc, lop_hoc, thu_trong_tuan, tiet_bat_dau, tiet_ket_thuc, phong_hoc) VALUES ('24300080', 'CNTT_2_MH3', 'GV0021', 'HK1', 2024, 'DHTH5', 4, 1, 3, 'A101');
INSERT INTO mon_hoc (ma_mon_hoc, ten_mon_hoc, tin_chi_ly_thuyet, tin_chi_thuc_hanh, loai_mon) VALUES ('CNTT_2_MH4', 'Môn học 4 - CNTT2', 2, 0, 'ly_thuyet');
INSERT INTO mon_hoc_nganh (ma_mon_hoc, ma_nganh, ma_chuyen_nganh, la_chuyen_nganh, nam_ap_dung) VALUES ('CNTT_2_MH4', 'CNTT', 'CNTT2', TRUE, 2024);
INSERT INTO lop_hoc_phan (ma_lop_hoc_phan, ma_mon_hoc, ma_giang_vien, hoc_ky, nam_hoc, lop_hoc, thu_trong_tuan, tiet_bat_dau, tiet_ket_thuc, phong_hoc) VALUES ('24200081', 'CNTT_2_MH4', 'GV0096', 'HK1', 2024, 'DHTH3', 5, 1, 3, 'A101');
INSERT INTO lop_hoc_phan (ma_lop_hoc_phan, ma_mon_hoc, ma_giang_vien, hoc_ky, nam_hoc, lop_hoc, thu_trong_tuan, tiet_bat_dau, tiet_ket_thuc, phong_hoc) VALUES ('24300082', 'CNTT_2_MH4', 'GV0059', 'HK1', 2024, 'DHTH9', 2, 1, 3, 'A101');
INSERT INTO lop_hoc_phan (ma_lop_hoc_phan, ma_mon_hoc, ma_giang_vien, hoc_ky, nam_hoc, lop_hoc, thu_trong_tuan, tiet_bat_dau, tiet_ket_thuc, phong_hoc) VALUES ('24200083', 'CNTT_2_MH4', 'GV0078', 'HK1', 2024, 'DHTH3', 3, 1, 3, 'A101');
INSERT INTO lop_hoc_phan (ma_lop_hoc_phan, ma_mon_hoc, ma_giang_vien, hoc_ky, nam_hoc, lop_hoc, thu_trong_tuan, tiet_bat_dau, tiet_ket_thuc, phong_hoc) VALUES ('24100084', 'CNTT_2_MH4', 'GV0023', 'HK1', 2024, 'DHTH10', 2, 1, 3, 'A101');
INSERT INTO lop_hoc_phan (ma_lop_hoc_phan, ma_mon_hoc, ma_giang_vien, hoc_ky, nam_hoc, lop_hoc, thu_trong_tuan, tiet_bat_dau, tiet_ket_thuc, phong_hoc) VALUES ('24100085', 'CNTT_2_MH4', 'GV0089', 'HK1', 2024, 'DHTH3', 3, 1, 3, 'A101');
INSERT INTO lop_hoc_phan (ma_lop_hoc_phan, ma_mon_hoc, ma_giang_vien, hoc_ky, nam_hoc, lop_hoc, thu_trong_tuan, tiet_bat_dau, tiet_ket_thuc, phong_hoc) VALUES ('24100086', 'CNTT_2_MH4', 'GV0039', 'HK1', 2024, 'DHTH2', 5, 1, 3, 'A101');
INSERT INTO lop_hoc_phan (ma_lop_hoc_phan, ma_mon_hoc, ma_giang_vien, hoc_ky, nam_hoc, lop_hoc, thu_trong_tuan, tiet_bat_dau, tiet_ket_thuc, phong_hoc) VALUES ('24100087', 'CNTT_2_MH4', 'GV0026', 'HK1', 2024, 'DHTH10', 5, 1, 3, 'A101');
INSERT INTO lop_hoc_phan (ma_lop_hoc_phan, ma_mon_hoc, ma_giang_vien, hoc_ky, nam_hoc, lop_hoc, thu_trong_tuan, tiet_bat_dau, tiet_ket_thuc, phong_hoc) VALUES ('24300088', 'CNTT_2_MH4', 'GV0033', 'HK1', 2024, 'DHTH4', 6, 1, 3, 'A101');
INSERT INTO lop_hoc_phan (ma_lop_hoc_phan, ma_mon_hoc, ma_giang_vien, hoc_ky, nam_hoc, lop_hoc, thu_trong_tuan, tiet_bat_dau, tiet_ket_thuc, phong_hoc) VALUES ('24200089', 'CNTT_2_MH4', 'GV0021', 'HK1', 2024, 'DHTH7', 5, 1, 3, 'A101');
INSERT INTO lop_hoc_phan (ma_lop_hoc_phan, ma_mon_hoc, ma_giang_vien, hoc_ky, nam_hoc, lop_hoc, thu_trong_tuan, tiet_bat_dau, tiet_ket_thuc, phong_hoc) VALUES ('24200090', 'CNTT_2_MH4', 'GV0097', 'HK1', 2024, 'DHTH4', 5, 1, 3, 'A101');
INSERT INTO mon_hoc (ma_mon_hoc, ten_mon_hoc, tin_chi_ly_thuyet, tin_chi_thuc_hanh, loai_mon) VALUES ('CNTT_2_MH5', 'Môn học 5 - CNTT2', 2, 0, 'ly_thuyet');
INSERT INTO mon_hoc_nganh (ma_mon_hoc, ma_nganh, ma_chuyen_nganh, la_chuyen_nganh, nam_ap_dung) VALUES ('CNTT_2_MH5', 'CNTT', 'CNTT2', TRUE, 2024);
INSERT INTO lop_hoc_phan (ma_lop_hoc_phan, ma_mon_hoc, ma_giang_vien, hoc_ky, nam_hoc, lop_hoc, thu_trong_tuan, tiet_bat_dau, tiet_ket_thuc, phong_hoc) VALUES ('24100091', 'CNTT_2_MH5', 'GV0076', 'HK1', 2024, 'DHTH1', 3, 1, 3, 'A101');
INSERT INTO lop_hoc_phan (ma_lop_hoc_phan, ma_mon_hoc, ma_giang_vien, hoc_ky, nam_hoc, lop_hoc, thu_trong_tuan, tiet_bat_dau, tiet_ket_thuc, phong_hoc) VALUES ('24200092', 'CNTT_2_MH5', 'GV0086', 'HK1', 2024, 'DHTH5', 4, 1, 3, 'A101');
INSERT INTO lop_hoc_phan (ma_lop_hoc_phan, ma_mon_hoc, ma_giang_vien, hoc_ky, nam_hoc, lop_hoc, thu_trong_tuan, tiet_bat_dau, tiet_ket_thuc, phong_hoc) VALUES ('24100093', 'CNTT_2_MH5', 'GV0056', 'HK1', 2024, 'DHTH4', 3, 1, 3, 'A101');
INSERT INTO lop_hoc_phan (ma_lop_hoc_phan, ma_mon_hoc, ma_giang_vien, hoc_ky, nam_hoc, lop_hoc, thu_trong_tuan, tiet_bat_dau, tiet_ket_thuc, phong_hoc) VALUES ('24200094', 'CNTT_2_MH5', 'GV0086', 'HK1', 2024, 'DHTH4', 2, 1, 3, 'A101');
INSERT INTO lop_hoc_phan (ma_lop_hoc_phan, ma_mon_hoc, ma_giang_vien, hoc_ky, nam_hoc, lop_hoc, thu_trong_tuan, tiet_bat_dau, tiet_ket_thuc, phong_hoc) VALUES ('24100095', 'CNTT_2_MH5', 'GV0005', 'HK1', 2024, 'DHTH8', 5, 1, 3, 'A101');
INSERT INTO lop_hoc_phan (ma_lop_hoc_phan, ma_mon_hoc, ma_giang_vien, hoc_ky, nam_hoc, lop_hoc, thu_trong_tuan, tiet_bat_dau, tiet_ket_thuc, phong_hoc) VALUES ('24300096', 'CNTT_2_MH5', 'GV0081', 'HK1', 2024, 'DHTH8', 3, 1, 3, 'A101');
INSERT INTO lop_hoc_phan (ma_lop_hoc_phan, ma_mon_hoc, ma_giang_vien, hoc_ky, nam_hoc, lop_hoc, thu_trong_tuan, tiet_bat_dau, tiet_ket_thuc, phong_hoc) VALUES ('24200097', 'CNTT_2_MH5', 'GV0098', 'HK1', 2024, 'DHTH3', 4, 1, 3, 'A101');
INSERT INTO lop_hoc_phan (ma_lop_hoc_phan, ma_mon_hoc, ma_giang_vien, hoc_ky, nam_hoc, lop_hoc, thu_trong_tuan, tiet_bat_dau, tiet_ket_thuc, phong_hoc) VALUES ('24100098', 'CNTT_2_MH5', 'GV0092', 'HK1', 2024, 'DHTH1', 5, 1, 3, 'A101');
INSERT INTO lop_hoc_phan (ma_lop_hoc_phan, ma_mon_hoc, ma_giang_vien, hoc_ky, nam_hoc, lop_hoc, thu_trong_tuan, tiet_bat_dau, tiet_ket_thuc, phong_hoc) VALUES ('24300099', 'CNTT_2_MH5', 'GV0012', 'HK1', 2024, 'DHTH6', 6, 1, 3, 'A101');
INSERT INTO lop_hoc_phan (ma_lop_hoc_phan, ma_mon_hoc, ma_giang_vien, hoc_ky, nam_hoc, lop_hoc, thu_trong_tuan, tiet_bat_dau, tiet_ket_thuc, phong_hoc) VALUES ('24300100', 'CNTT_2_MH5', 'GV0052', 'HK1', 2024, 'DHTH8', 3, 1, 3, 'A101');
INSERT INTO mon_hoc (ma_mon_hoc, ten_mon_hoc, tin_chi_ly_thuyet, tin_chi_thuc_hanh, loai_mon) VALUES ('NNA_1_MH1', 'Môn học 1 - NNA1', 2, 0, 'ly_thuyet');
INSERT INTO mon_hoc_nganh (ma_mon_hoc, ma_nganh, ma_chuyen_nganh, la_chuyen_nganh, nam_ap_dung) VALUES ('NNA_1_MH1', 'NNA', 'NNA1', TRUE, 2024);
INSERT INTO lop_hoc_phan (ma_lop_hoc_phan, ma_mon_hoc, ma_giang_vien, hoc_ky, nam_hoc, lop_hoc, thu_trong_tuan, tiet_bat_dau, tiet_ket_thuc, phong_hoc) VALUES ('24200101', 'NNA_1_MH1', 'GV0065', 'HK1', 2024, 'DHTH3', 3, 1, 3, 'A101');
INSERT INTO lop_hoc_phan (ma_lop_hoc_phan, ma_mon_hoc, ma_giang_vien, hoc_ky, nam_hoc, lop_hoc, thu_trong_tuan, tiet_bat_dau, tiet_ket_thuc, phong_hoc) VALUES ('24300102', 'NNA_1_MH1', 'GV0061', 'HK1', 2024, 'DHTH9', 5, 1, 3, 'A101');
INSERT INTO lop_hoc_phan (ma_lop_hoc_phan, ma_mon_hoc, ma_giang_vien, hoc_ky, nam_hoc, lop_hoc, thu_trong_tuan, tiet_bat_dau, tiet_ket_thuc, phong_hoc) VALUES ('24200103', 'NNA_1_MH1', 'GV0050', 'HK1', 2024, 'DHTH7', 3, 1, 3, 'A101');
INSERT INTO lop_hoc_phan (ma_lop_hoc_phan, ma_mon_hoc, ma_giang_vien, hoc_ky, nam_hoc, lop_hoc, thu_trong_tuan, tiet_bat_dau, tiet_ket_thuc, phong_hoc) VALUES ('24100104', 'NNA_1_MH1', 'GV0083', 'HK1', 2024, 'DHTH1', 3, 1, 3, 'A101');
INSERT INTO lop_hoc_phan (ma_lop_hoc_phan, ma_mon_hoc, ma_giang_vien, hoc_ky, nam_hoc, lop_hoc, thu_trong_tuan, tiet_bat_dau, tiet_ket_thuc, phong_hoc) VALUES ('24100105', 'NNA_1_MH1', 'GV0024', 'HK1', 2024, 'DHTH8', 4, 1, 3, 'A101');
INSERT INTO lop_hoc_phan (ma_lop_hoc_phan, ma_mon_hoc, ma_giang_vien, hoc_ky, nam_hoc, lop_hoc, thu_trong_tuan, tiet_bat_dau, tiet_ket_thuc, phong_hoc) VALUES ('24200106', 'NNA_1_MH1', 'GV0021', 'HK1', 2024, 'DHTH5', 5, 1, 3, 'A101');
INSERT INTO lop_hoc_phan (ma_lop_hoc_phan, ma_mon_hoc, ma_giang_vien, hoc_ky, nam_hoc, lop_hoc, thu_trong_tuan, tiet_bat_dau, tiet_ket_thuc, phong_hoc) VALUES ('24100107', 'NNA_1_MH1', 'GV0034', 'HK1', 2024, 'DHTH4', 2, 1, 3, 'A101');
INSERT INTO lop_hoc_phan (ma_lop_hoc_phan, ma_mon_hoc, ma_giang_vien, hoc_ky, nam_hoc, lop_hoc, thu_trong_tuan, tiet_bat_dau, tiet_ket_thuc, phong_hoc) VALUES ('24300108', 'NNA_1_MH1', 'GV0026', 'HK1', 2024, 'DHTH5', 2, 1, 3, 'A101');
INSERT INTO lop_hoc_phan (ma_lop_hoc_phan, ma_mon_hoc, ma_giang_vien, hoc_ky, nam_hoc, lop_hoc, thu_trong_tuan, tiet_bat_dau, tiet_ket_thuc, phong_hoc) VALUES ('24300109', 'NNA_1_MH1', 'GV0026', 'HK1', 2024, 'DHTH1', 3, 1, 3, 'A101');
INSERT INTO lop_hoc_phan (ma_lop_hoc_phan, ma_mon_hoc, ma_giang_vien, hoc_ky, nam_hoc, lop_hoc, thu_trong_tuan, tiet_bat_dau, tiet_ket_thuc, phong_hoc) VALUES ('24100110', 'NNA_1_MH1', 'GV0100', 'HK1', 2024, 'DHTH8', 6, 1, 3, 'A101');
INSERT INTO mon_hoc (ma_mon_hoc, ten_mon_hoc, tin_chi_ly_thuyet, tin_chi_thuc_hanh, loai_mon) VALUES ('NNA_1_MH2', 'Môn học 2 - NNA1', 2, 0, 'ly_thuyet');
INSERT INTO mon_hoc_nganh (ma_mon_hoc, ma_nganh, ma_chuyen_nganh, la_chuyen_nganh, nam_ap_dung) VALUES ('NNA_1_MH2', 'NNA', 'NNA1', TRUE, 2024);
INSERT INTO lop_hoc_phan (ma_lop_hoc_phan, ma_mon_hoc, ma_giang_vien, hoc_ky, nam_hoc, lop_hoc, thu_trong_tuan, tiet_bat_dau, tiet_ket_thuc, phong_hoc) VALUES ('24100111', 'NNA_1_MH2', 'GV0083', 'HK1', 2024, 'DHTH4', 4, 1, 3, 'A101');
INSERT INTO lop_hoc_phan (ma_lop_hoc_phan, ma_mon_hoc, ma_giang_vien, hoc_ky, nam_hoc, lop_hoc, thu_trong_tuan, tiet_bat_dau, tiet_ket_thuc, phong_hoc) VALUES ('24100112', 'NNA_1_MH2', 'GV0013', 'HK1', 2024, 'DHTH5', 2, 1, 3, 'A101');
INSERT INTO lop_hoc_phan (ma_lop_hoc_phan, ma_mon_hoc, ma_giang_vien, hoc_ky, nam_hoc, lop_hoc, thu_trong_tuan, tiet_bat_dau, tiet_ket_thuc, phong_hoc) VALUES ('24100113', 'NNA_1_MH2', 'GV0090', 'HK1', 2024, 'DHTH9', 6, 1, 3, 'A101');
INSERT INTO lop_hoc_phan (ma_lop_hoc_phan, ma_mon_hoc, ma_giang_vien, hoc_ky, nam_hoc, lop_hoc, thu_trong_tuan, tiet_bat_dau, tiet_ket_thuc, phong_hoc) VALUES ('24100114', 'NNA_1_MH2', 'GV0032', 'HK1', 2024, 'DHTH7', 3, 1, 3, 'A101');
INSERT INTO lop_hoc_phan (ma_lop_hoc_phan, ma_mon_hoc, ma_giang_vien, hoc_ky, nam_hoc, lop_hoc, thu_trong_tuan, tiet_bat_dau, tiet_ket_thuc, phong_hoc) VALUES ('24100115', 'NNA_1_MH2', 'GV0096', 'HK1', 2024, 'DHTH3', 4, 1, 3, 'A101');
INSERT INTO lop_hoc_phan (ma_lop_hoc_phan, ma_mon_hoc, ma_giang_vien, hoc_ky, nam_hoc, lop_hoc, thu_trong_tuan, tiet_bat_dau, tiet_ket_thuc, phong_hoc) VALUES ('24100116', 'NNA_1_MH2', 'GV0026', 'HK1', 2024, 'DHTH4', 4, 1, 3, 'A101');
INSERT INTO lop_hoc_phan (ma_lop_hoc_phan, ma_mon_hoc, ma_giang_vien, hoc_ky, nam_hoc, lop_hoc, thu_trong_tuan, tiet_bat_dau, tiet_ket_thuc, phong_hoc) VALUES ('24100117', 'NNA_1_MH2', 'GV0097', 'HK1', 2024, 'DHTH10', 4, 1, 3, 'A101');
INSERT INTO lop_hoc_phan (ma_lop_hoc_phan, ma_mon_hoc, ma_giang_vien, hoc_ky, nam_hoc, lop_hoc, thu_trong_tuan, tiet_bat_dau, tiet_ket_thuc, phong_hoc) VALUES ('24200118', 'NNA_1_MH2', 'GV0082', 'HK1', 2024, 'DHTH2', 3, 1, 3, 'A101');
INSERT INTO lop_hoc_phan (ma_lop_hoc_phan, ma_mon_hoc, ma_giang_vien, hoc_ky, nam_hoc, lop_hoc, thu_trong_tuan, tiet_bat_dau, tiet_ket_thuc, phong_hoc) VALUES ('24200119', 'NNA_1_MH2', 'GV0085', 'HK1', 2024, 'DHTH10', 4, 1, 3, 'A101');
INSERT INTO lop_hoc_phan (ma_lop_hoc_phan, ma_mon_hoc, ma_giang_vien, hoc_ky, nam_hoc, lop_hoc, thu_trong_tuan, tiet_bat_dau, tiet_ket_thuc, phong_hoc) VALUES ('24300120', 'NNA_1_MH2', 'GV0042', 'HK1', 2024, 'DHTH8', 3, 1, 3, 'A101');
INSERT INTO mon_hoc (ma_mon_hoc, ten_mon_hoc, tin_chi_ly_thuyet, tin_chi_thuc_hanh, loai_mon) VALUES ('NNA_1_MH3', 'Môn học 3 - NNA1', 2, 0, 'ly_thuyet');
INSERT INTO mon_hoc_nganh (ma_mon_hoc, ma_nganh, ma_chuyen_nganh, la_chuyen_nganh, nam_ap_dung) VALUES ('NNA_1_MH3', 'NNA', 'NNA1', TRUE, 2024);
INSERT INTO lop_hoc_phan (ma_lop_hoc_phan, ma_mon_hoc, ma_giang_vien, hoc_ky, nam_hoc, lop_hoc, thu_trong_tuan, tiet_bat_dau, tiet_ket_thuc, phong_hoc) VALUES ('24300121', 'NNA_1_MH3', 'GV0061', 'HK1', 2024, 'DHTH4', 6, 1, 3, 'A101');
INSERT INTO lop_hoc_phan (ma_lop_hoc_phan, ma_mon_hoc, ma_giang_vien, hoc_ky, nam_hoc, lop_hoc, thu_trong_tuan, tiet_bat_dau, tiet_ket_thuc, phong_hoc) VALUES ('24200122', 'NNA_1_MH3', 'GV0077', 'HK1', 2024, 'DHTH10', 5, 1, 3, 'A101');
INSERT INTO lop_hoc_phan (ma_lop_hoc_phan, ma_mon_hoc, ma_giang_vien, hoc_ky, nam_hoc, lop_hoc, thu_trong_tuan, tiet_bat_dau, tiet_ket_thuc, phong_hoc) VALUES ('24200123', 'NNA_1_MH3', 'GV0025', 'HK1', 2024, 'DHTH9', 4, 1, 3, 'A101');
INSERT INTO lop_hoc_phan (ma_lop_hoc_phan, ma_mon_hoc, ma_giang_vien, hoc_ky, nam_hoc, lop_hoc, thu_trong_tuan, tiet_bat_dau, tiet_ket_thuc, phong_hoc) VALUES ('24300124', 'NNA_1_MH3', 'GV0043', 'HK1', 2024, 'DHTH2', 3, 1, 3, 'A101');
INSERT INTO lop_hoc_phan (ma_lop_hoc_phan, ma_mon_hoc, ma_giang_vien, hoc_ky, nam_hoc, lop_hoc, thu_trong_tuan, tiet_bat_dau, tiet_ket_thuc, phong_hoc) VALUES ('24200125', 'NNA_1_MH3', 'GV0012', 'HK1', 2024, 'DHTH5', 2, 1, 3, 'A101');
INSERT INTO lop_hoc_phan (ma_lop_hoc_phan, ma_mon_hoc, ma_giang_vien, hoc_ky, nam_hoc, lop_hoc, thu_trong_tuan, tiet_bat_dau, tiet_ket_thuc, phong_hoc) VALUES ('24200126', 'NNA_1_MH3', 'GV0016', 'HK1', 2024, 'DHTH7', 5, 1, 3, 'A101');
INSERT INTO lop_hoc_phan (ma_lop_hoc_phan, ma_mon_hoc, ma_giang_vien, hoc_ky, nam_hoc, lop_hoc, thu_trong_tuan, tiet_bat_dau, tiet_ket_thuc, phong_hoc) VALUES ('24100127', 'NNA_1_MH3', 'GV0065', 'HK1', 2024, 'DHTH10', 6, 1, 3, 'A101');
INSERT INTO lop_hoc_phan (ma_lop_hoc_phan, ma_mon_hoc, ma_giang_vien, hoc_ky, nam_hoc, lop_hoc, thu_trong_tuan, tiet_bat_dau, tiet_ket_thuc, phong_hoc) VALUES ('24200128', 'NNA_1_MH3', 'GV0032', 'HK1', 2024, 'DHTH1', 2, 1, 3, 'A101');
INSERT INTO lop_hoc_phan (ma_lop_hoc_phan, ma_mon_hoc, ma_giang_vien, hoc_ky, nam_hoc, lop_hoc, thu_trong_tuan, tiet_bat_dau, tiet_ket_thuc, phong_hoc) VALUES ('24300129', 'NNA_1_MH3', 'GV0058', 'HK1', 2024, 'DHTH9', 5, 1, 3, 'A101');
INSERT INTO lop_hoc_phan (ma_lop_hoc_phan, ma_mon_hoc, ma_giang_vien, hoc_ky, nam_hoc, lop_hoc, thu_trong_tuan, tiet_bat_dau, tiet_ket_thuc, phong_hoc) VALUES ('24100130', 'NNA_1_MH3', 'GV0073', 'HK1', 2024, 'DHTH9', 6, 1, 3, 'A101');
INSERT INTO mon_hoc (ma_mon_hoc, ten_mon_hoc, tin_chi_ly_thuyet, tin_chi_thuc_hanh, loai_mon) VALUES ('NNA_1_MH4', 'Môn học 4 - NNA1', 2, 0, 'ly_thuyet');
INSERT INTO mon_hoc_nganh (ma_mon_hoc, ma_nganh, ma_chuyen_nganh, la_chuyen_nganh, nam_ap_dung) VALUES ('NNA_1_MH4', 'NNA', 'NNA1', TRUE, 2024);
INSERT INTO lop_hoc_phan (ma_lop_hoc_phan, ma_mon_hoc, ma_giang_vien, hoc_ky, nam_hoc, lop_hoc, thu_trong_tuan, tiet_bat_dau, tiet_ket_thuc, phong_hoc) VALUES ('24300131', 'NNA_1_MH4', 'GV0070', 'HK1', 2024, 'DHTH8', 3, 1, 3, 'A101');
INSERT INTO lop_hoc_phan (ma_lop_hoc_phan, ma_mon_hoc, ma_giang_vien, hoc_ky, nam_hoc, lop_hoc, thu_trong_tuan, tiet_bat_dau, tiet_ket_thuc, phong_hoc) VALUES ('24300132', 'NNA_1_MH4', 'GV0025', 'HK1', 2024, 'DHTH4', 5, 1, 3, 'A101');
INSERT INTO lop_hoc_phan (ma_lop_hoc_phan, ma_mon_hoc, ma_giang_vien, hoc_ky, nam_hoc, lop_hoc, thu_trong_tuan, tiet_bat_dau, tiet_ket_thuc, phong_hoc) VALUES ('24200133', 'NNA_1_MH4', 'GV0051', 'HK1', 2024, 'DHTH2', 6, 1, 3, 'A101');
INSERT INTO lop_hoc_phan (ma_lop_hoc_phan, ma_mon_hoc, ma_giang_vien, hoc_ky, nam_hoc, lop_hoc, thu_trong_tuan, tiet_bat_dau, tiet_ket_thuc, phong_hoc) VALUES ('24100134', 'NNA_1_MH4', 'GV0096', 'HK1', 2024, 'DHTH8', 2, 1, 3, 'A101');
INSERT INTO lop_hoc_phan (ma_lop_hoc_phan, ma_mon_hoc, ma_giang_vien, hoc_ky, nam_hoc, lop_hoc, thu_trong_tuan, tiet_bat_dau, tiet_ket_thuc, phong_hoc) VALUES ('24200135', 'NNA_1_MH4', 'GV0035', 'HK1', 2024, 'DHTH4', 3, 1, 3, 'A101');
INSERT INTO lop_hoc_phan (ma_lop_hoc_phan, ma_mon_hoc, ma_giang_vien, hoc_ky, nam_hoc, lop_hoc, thu_trong_tuan, tiet_bat_dau, tiet_ket_thuc, phong_hoc) VALUES ('24100136', 'NNA_1_MH4', 'GV0079', 'HK1', 2024, 'DHTH8', 6, 1, 3, 'A101');
INSERT INTO lop_hoc_phan (ma_lop_hoc_phan, ma_mon_hoc, ma_giang_vien, hoc_ky, nam_hoc, lop_hoc, thu_trong_tuan, tiet_bat_dau, tiet_ket_thuc, phong_hoc) VALUES ('24300137', 'NNA_1_MH4', 'GV0071', 'HK1', 2024, 'DHTH2', 6, 1, 3, 'A101');
INSERT INTO lop_hoc_phan (ma_lop_hoc_phan, ma_mon_hoc, ma_giang_vien, hoc_ky, nam_hoc, lop_hoc, thu_trong_tuan, tiet_bat_dau, tiet_ket_thuc, phong_hoc) VALUES ('24200138', 'NNA_1_MH4', 'GV0053', 'HK1', 2024, 'DHTH6', 2, 1, 3, 'A101');
INSERT INTO lop_hoc_phan (ma_lop_hoc_phan, ma_mon_hoc, ma_giang_vien, hoc_ky, nam_hoc, lop_hoc, thu_trong_tuan, tiet_bat_dau, tiet_ket_thuc, phong_hoc) VALUES ('24100139', 'NNA_1_MH4', 'GV0074', 'HK1', 2024, 'DHTH7', 2, 1, 3, 'A101');
INSERT INTO lop_hoc_phan (ma_lop_hoc_phan, ma_mon_hoc, ma_giang_vien, hoc_ky, nam_hoc, lop_hoc, thu_trong_tuan, tiet_bat_dau, tiet_ket_thuc, phong_hoc) VALUES ('24200140', 'NNA_1_MH4', 'GV0002', 'HK1', 2024, 'DHTH5', 5, 1, 3, 'A101');
INSERT INTO mon_hoc (ma_mon_hoc, ten_mon_hoc, tin_chi_ly_thuyet, tin_chi_thuc_hanh, loai_mon) VALUES ('NNA_1_MH5', 'Môn học 5 - NNA1', 2, 0, 'ly_thuyet');
INSERT INTO mon_hoc_nganh (ma_mon_hoc, ma_nganh, ma_chuyen_nganh, la_chuyen_nganh, nam_ap_dung) VALUES ('NNA_1_MH5', 'NNA', 'NNA1', TRUE, 2024);
INSERT INTO lop_hoc_phan (ma_lop_hoc_phan, ma_mon_hoc, ma_giang_vien, hoc_ky, nam_hoc, lop_hoc, thu_trong_tuan, tiet_bat_dau, tiet_ket_thuc, phong_hoc) VALUES ('24200141', 'NNA_1_MH5', 'GV0051', 'HK1', 2024, 'DHTH2', 2, 1, 3, 'A101');
INSERT INTO lop_hoc_phan (ma_lop_hoc_phan, ma_mon_hoc, ma_giang_vien, hoc_ky, nam_hoc, lop_hoc, thu_trong_tuan, tiet_bat_dau, tiet_ket_thuc, phong_hoc) VALUES ('24300142', 'NNA_1_MH5', 'GV0098', 'HK1', 2024, 'DHTH8', 5, 1, 3, 'A101');
INSERT INTO lop_hoc_phan (ma_lop_hoc_phan, ma_mon_hoc, ma_giang_vien, hoc_ky, nam_hoc, lop_hoc, thu_trong_tuan, tiet_bat_dau, tiet_ket_thuc, phong_hoc) VALUES ('24100143', 'NNA_1_MH5', 'GV0091', 'HK1', 2024, 'DHTH9', 6, 1, 3, 'A101');
INSERT INTO lop_hoc_phan (ma_lop_hoc_phan, ma_mon_hoc, ma_giang_vien, hoc_ky, nam_hoc, lop_hoc, thu_trong_tuan, tiet_bat_dau, tiet_ket_thuc, phong_hoc) VALUES ('24100144', 'NNA_1_MH5', 'GV0025', 'HK1', 2024, 'DHTH2', 2, 1, 3, 'A101');
INSERT INTO lop_hoc_phan (ma_lop_hoc_phan, ma_mon_hoc, ma_giang_vien, hoc_ky, nam_hoc, lop_hoc, thu_trong_tuan, tiet_bat_dau, tiet_ket_thuc, phong_hoc) VALUES ('24100145', 'NNA_1_MH5', 'GV0063', 'HK1', 2024, 'DHTH3', 3, 1, 3, 'A101');
INSERT INTO lop_hoc_phan (ma_lop_hoc_phan, ma_mon_hoc, ma_giang_vien, hoc_ky, nam_hoc, lop_hoc, thu_trong_tuan, tiet_bat_dau, tiet_ket_thuc, phong_hoc) VALUES ('24100146', 'NNA_1_MH5', 'GV0006', 'HK1', 2024, 'DHTH4', 6, 1, 3, 'A101');
INSERT INTO lop_hoc_phan (ma_lop_hoc_phan, ma_mon_hoc, ma_giang_vien, hoc_ky, nam_hoc, lop_hoc, thu_trong_tuan, tiet_bat_dau, tiet_ket_thuc, phong_hoc) VALUES ('24300147', 'NNA_1_MH5', 'GV0060', 'HK1', 2024, 'DHTH7', 5, 1, 3, 'A101');
INSERT INTO lop_hoc_phan (ma_lop_hoc_phan, ma_mon_hoc, ma_giang_vien, hoc_ky, nam_hoc, lop_hoc, thu_trong_tuan, tiet_bat_dau, tiet_ket_thuc, phong_hoc) VALUES ('24300148', 'NNA_1_MH5', 'GV0070', 'HK1', 2024, 'DHTH8', 6, 1, 3, 'A101');
INSERT INTO lop_hoc_phan (ma_lop_hoc_phan, ma_mon_hoc, ma_giang_vien, hoc_ky, nam_hoc, lop_hoc, thu_trong_tuan, tiet_bat_dau, tiet_ket_thuc, phong_hoc) VALUES ('24100149', 'NNA_1_MH5', 'GV0052', 'HK1', 2024, 'DHTH7', 5, 1, 3, 'A101');
INSERT INTO lop_hoc_phan (ma_lop_hoc_phan, ma_mon_hoc, ma_giang_vien, hoc_ky, nam_hoc, lop_hoc, thu_trong_tuan, tiet_bat_dau, tiet_ket_thuc, phong_hoc) VALUES ('24100150', 'NNA_1_MH5', 'GV0014', 'HK1', 2024, 'DHTH6', 5, 1, 3, 'A101');
INSERT INTO mon_hoc (ma_mon_hoc, ten_mon_hoc, tin_chi_ly_thuyet, tin_chi_thuc_hanh, loai_mon) VALUES ('NNA_2_MH1', 'Môn học 1 - NNA2', 2, 0, 'ly_thuyet');
INSERT INTO mon_hoc_nganh (ma_mon_hoc, ma_nganh, ma_chuyen_nganh, la_chuyen_nganh, nam_ap_dung) VALUES ('NNA_2_MH1', 'NNA', 'NNA2', TRUE, 2024);
INSERT INTO lop_hoc_phan (ma_lop_hoc_phan, ma_mon_hoc, ma_giang_vien, hoc_ky, nam_hoc, lop_hoc, thu_trong_tuan, tiet_bat_dau, tiet_ket_thuc, phong_hoc) VALUES ('24200151', 'NNA_2_MH1', 'GV0014', 'HK1', 2024, 'DHTH3', 4, 1, 3, 'A101');
INSERT INTO lop_hoc_phan (ma_lop_hoc_phan, ma_mon_hoc, ma_giang_vien, hoc_ky, nam_hoc, lop_hoc, thu_trong_tuan, tiet_bat_dau, tiet_ket_thuc, phong_hoc) VALUES ('24200152', 'NNA_2_MH1', 'GV0044', 'HK1', 2024, 'DHTH9', 3, 1, 3, 'A101');
INSERT INTO lop_hoc_phan (ma_lop_hoc_phan, ma_mon_hoc, ma_giang_vien, hoc_ky, nam_hoc, lop_hoc, thu_trong_tuan, tiet_bat_dau, tiet_ket_thuc, phong_hoc) VALUES ('24300153', 'NNA_2_MH1', 'GV0083', 'HK1', 2024, 'DHTH1', 5, 1, 3, 'A101');
INSERT INTO lop_hoc_phan (ma_lop_hoc_phan, ma_mon_hoc, ma_giang_vien, hoc_ky, nam_hoc, lop_hoc, thu_trong_tuan, tiet_bat_dau, tiet_ket_thuc, phong_hoc) VALUES ('24300154', 'NNA_2_MH1', 'GV0091', 'HK1', 2024, 'DHTH1', 6, 1, 3, 'A101');
INSERT INTO lop_hoc_phan (ma_lop_hoc_phan, ma_mon_hoc, ma_giang_vien, hoc_ky, nam_hoc, lop_hoc, thu_trong_tuan, tiet_bat_dau, tiet_ket_thuc, phong_hoc) VALUES ('24100155', 'NNA_2_MH1', 'GV0007', 'HK1', 2024, 'DHTH2', 6, 1, 3, 'A101');
INSERT INTO lop_hoc_phan (ma_lop_hoc_phan, ma_mon_hoc, ma_giang_vien, hoc_ky, nam_hoc, lop_hoc, thu_trong_tuan, tiet_bat_dau, tiet_ket_thuc, phong_hoc) VALUES ('24200156', 'NNA_2_MH1', 'GV0065', 'HK1', 2024, 'DHTH8', 3, 1, 3, 'A101');
INSERT INTO lop_hoc_phan (ma_lop_hoc_phan, ma_mon_hoc, ma_giang_vien, hoc_ky, nam_hoc, lop_hoc, thu_trong_tuan, tiet_bat_dau, tiet_ket_thuc, phong_hoc) VALUES ('24100157', 'NNA_2_MH1', 'GV0041', 'HK1', 2024, 'DHTH3', 5, 1, 3, 'A101');
INSERT INTO lop_hoc_phan (ma_lop_hoc_phan, ma_mon_hoc, ma_giang_vien, hoc_ky, nam_hoc, lop_hoc, thu_trong_tuan, tiet_bat_dau, tiet_ket_thuc, phong_hoc) VALUES ('24300158', 'NNA_2_MH1', 'GV0015', 'HK1', 2024, 'DHTH2', 6, 1, 3, 'A101');
INSERT INTO lop_hoc_phan (ma_lop_hoc_phan, ma_mon_hoc, ma_giang_vien, hoc_ky, nam_hoc, lop_hoc, thu_trong_tuan, tiet_bat_dau, tiet_ket_thuc, phong_hoc) VALUES ('24300159', 'NNA_2_MH1', 'GV0046', 'HK1', 2024, 'DHTH9', 4, 1, 3, 'A101');
INSERT INTO lop_hoc_phan (ma_lop_hoc_phan, ma_mon_hoc, ma_giang_vien, hoc_ky, nam_hoc, lop_hoc, thu_trong_tuan, tiet_bat_dau, tiet_ket_thuc, phong_hoc) VALUES ('24200160', 'NNA_2_MH1', 'GV0099', 'HK1', 2024, 'DHTH2', 4, 1, 3, 'A101');
INSERT INTO mon_hoc (ma_mon_hoc, ten_mon_hoc, tin_chi_ly_thuyet, tin_chi_thuc_hanh, loai_mon) VALUES ('NNA_2_MH2', 'Môn học 2 - NNA2', 2, 0, 'ly_thuyet');
INSERT INTO mon_hoc_nganh (ma_mon_hoc, ma_nganh, ma_chuyen_nganh, la_chuyen_nganh, nam_ap_dung) VALUES ('NNA_2_MH2', 'NNA', 'NNA2', TRUE, 2024);
INSERT INTO lop_hoc_phan (ma_lop_hoc_phan, ma_mon_hoc, ma_giang_vien, hoc_ky, nam_hoc, lop_hoc, thu_trong_tuan, tiet_bat_dau, tiet_ket_thuc, phong_hoc) VALUES ('24200161', 'NNA_2_MH2', 'GV0058', 'HK1', 2024, 'DHTH10', 5, 1, 3, 'A101');
INSERT INTO lop_hoc_phan (ma_lop_hoc_phan, ma_mon_hoc, ma_giang_vien, hoc_ky, nam_hoc, lop_hoc, thu_trong_tuan, tiet_bat_dau, tiet_ket_thuc, phong_hoc) VALUES ('24300162', 'NNA_2_MH2', 'GV0090', 'HK1', 2024, 'DHTH9', 5, 1, 3, 'A101');
INSERT INTO lop_hoc_phan (ma_lop_hoc_phan, ma_mon_hoc, ma_giang_vien, hoc_ky, nam_hoc, lop_hoc, thu_trong_tuan, tiet_bat_dau, tiet_ket_thuc, phong_hoc) VALUES ('24100163', 'NNA_2_MH2', 'GV0063', 'HK1', 2024, 'DHTH1', 5, 1, 3, 'A101');
INSERT INTO lop_hoc_phan (ma_lop_hoc_phan, ma_mon_hoc, ma_giang_vien, hoc_ky, nam_hoc, lop_hoc, thu_trong_tuan, tiet_bat_dau, tiet_ket_thuc, phong_hoc) VALUES ('24200164', 'NNA_2_MH2', 'GV0098', 'HK1', 2024, 'DHTH6', 2, 1, 3, 'A101');
INSERT INTO lop_hoc_phan (ma_lop_hoc_phan, ma_mon_hoc, ma_giang_vien, hoc_ky, nam_hoc, lop_hoc, thu_trong_tuan, tiet_bat_dau, tiet_ket_thuc, phong_hoc) VALUES ('24100165', 'NNA_2_MH2', 'GV0078', 'HK1', 2024, 'DHTH5', 6, 1, 3, 'A101');
INSERT INTO lop_hoc_phan (ma_lop_hoc_phan, ma_mon_hoc, ma_giang_vien, hoc_ky, nam_hoc, lop_hoc, thu_trong_tuan, tiet_bat_dau, tiet_ket_thuc, phong_hoc) VALUES ('24200166', 'NNA_2_MH2', 'GV0077', 'HK1', 2024, 'DHTH1', 6, 1, 3, 'A101');
INSERT INTO lop_hoc_phan (ma_lop_hoc_phan, ma_mon_hoc, ma_giang_vien, hoc_ky, nam_hoc, lop_hoc, thu_trong_tuan, tiet_bat_dau, tiet_ket_thuc, phong_hoc) VALUES ('24100167', 'NNA_2_MH2', 'GV0016', 'HK1', 2024, 'DHTH7', 4, 1, 3, 'A101');
INSERT INTO lop_hoc_phan (ma_lop_hoc_phan, ma_mon_hoc, ma_giang_vien, hoc_ky, nam_hoc, lop_hoc, thu_trong_tuan, tiet_bat_dau, tiet_ket_thuc, phong_hoc) VALUES ('24300168', 'NNA_2_MH2', 'GV0043', 'HK1', 2024, 'DHTH5', 6, 1, 3, 'A101');
INSERT INTO lop_hoc_phan (ma_lop_hoc_phan, ma_mon_hoc, ma_giang_vien, hoc_ky, nam_hoc, lop_hoc, thu_trong_tuan, tiet_bat_dau, tiet_ket_thuc, phong_hoc) VALUES ('24300169', 'NNA_2_MH2', 'GV0005', 'HK1', 2024, 'DHTH5', 5, 1, 3, 'A101');
INSERT INTO lop_hoc_phan (ma_lop_hoc_phan, ma_mon_hoc, ma_giang_vien, hoc_ky, nam_hoc, lop_hoc, thu_trong_tuan, tiet_bat_dau, tiet_ket_thuc, phong_hoc) VALUES ('24300170', 'NNA_2_MH2', 'GV0066', 'HK1', 2024, 'DHTH6', 4, 1, 3, 'A101');
INSERT INTO mon_hoc (ma_mon_hoc, ten_mon_hoc, tin_chi_ly_thuyet, tin_chi_thuc_hanh, loai_mon) VALUES ('NNA_2_MH3', 'Môn học 3 - NNA2', 2, 0, 'ly_thuyet');
INSERT INTO mon_hoc_nganh (ma_mon_hoc, ma_nganh, ma_chuyen_nganh, la_chuyen_nganh, nam_ap_dung) VALUES ('NNA_2_MH3', 'NNA', 'NNA2', TRUE, 2024);
INSERT INTO lop_hoc_phan (ma_lop_hoc_phan, ma_mon_hoc, ma_giang_vien, hoc_ky, nam_hoc, lop_hoc, thu_trong_tuan, tiet_bat_dau, tiet_ket_thuc, phong_hoc) VALUES ('24200171', 'NNA_2_MH3', 'GV0089', 'HK1', 2024, 'DHTH6', 6, 1, 3, 'A101');
INSERT INTO lop_hoc_phan (ma_lop_hoc_phan, ma_mon_hoc, ma_giang_vien, hoc_ky, nam_hoc, lop_hoc, thu_trong_tuan, tiet_bat_dau, tiet_ket_thuc, phong_hoc) VALUES ('24200172', 'NNA_2_MH3', 'GV0079', 'HK1', 2024, 'DHTH6', 2, 1, 3, 'A101');
INSERT INTO lop_hoc_phan (ma_lop_hoc_phan, ma_mon_hoc, ma_giang_vien, hoc_ky, nam_hoc, lop_hoc, thu_trong_tuan, tiet_bat_dau, tiet_ket_thuc, phong_hoc) VALUES ('24100173', 'NNA_2_MH3', 'GV0011', 'HK1', 2024, 'DHTH6', 3, 1, 3, 'A101');
INSERT INTO lop_hoc_phan (ma_lop_hoc_phan, ma_mon_hoc, ma_giang_vien, hoc_ky, nam_hoc, lop_hoc, thu_trong_tuan, tiet_bat_dau, tiet_ket_thuc, phong_hoc) VALUES ('24200174', 'NNA_2_MH3', 'GV0005', 'HK1', 2024, 'DHTH4', 3, 1, 3, 'A101');
INSERT INTO lop_hoc_phan (ma_lop_hoc_phan, ma_mon_hoc, ma_giang_vien, hoc_ky, nam_hoc, lop_hoc, thu_trong_tuan, tiet_bat_dau, tiet_ket_thuc, phong_hoc) VALUES ('24300175', 'NNA_2_MH3', 'GV0093', 'HK1', 2024, 'DHTH3', 5, 1, 3, 'A101');
INSERT INTO lop_hoc_phan (ma_lop_hoc_phan, ma_mon_hoc, ma_giang_vien, hoc_ky, nam_hoc, lop_hoc, thu_trong_tuan, tiet_bat_dau, tiet_ket_thuc, phong_hoc) VALUES ('24300176', 'NNA_2_MH3', 'GV0048', 'HK1', 2024, 'DHTH5', 3, 1, 3, 'A101');
INSERT INTO lop_hoc_phan (ma_lop_hoc_phan, ma_mon_hoc, ma_giang_vien, hoc_ky, nam_hoc, lop_hoc, thu_trong_tuan, tiet_bat_dau, tiet_ket_thuc, phong_hoc) VALUES ('24200177', 'NNA_2_MH3', 'GV0073', 'HK1', 2024, 'DHTH8', 5, 1, 3, 'A101');
INSERT INTO lop_hoc_phan (ma_lop_hoc_phan, ma_mon_hoc, ma_giang_vien, hoc_ky, nam_hoc, lop_hoc, thu_trong_tuan, tiet_bat_dau, tiet_ket_thuc, phong_hoc) VALUES ('24200178', 'NNA_2_MH3', 'GV0074', 'HK1', 2024, 'DHTH10', 2, 1, 3, 'A101');
INSERT INTO lop_hoc_phan (ma_lop_hoc_phan, ma_mon_hoc, ma_giang_vien, hoc_ky, nam_hoc, lop_hoc, thu_trong_tuan, tiet_bat_dau, tiet_ket_thuc, phong_hoc) VALUES ('24100179', 'NNA_2_MH3', 'GV0010', 'HK1', 2024, 'DHTH9', 2, 1, 3, 'A101');
INSERT INTO lop_hoc_phan (ma_lop_hoc_phan, ma_mon_hoc, ma_giang_vien, hoc_ky, nam_hoc, lop_hoc, thu_trong_tuan, tiet_bat_dau, tiet_ket_thuc, phong_hoc) VALUES ('24300180', 'NNA_2_MH3', 'GV0015', 'HK1', 2024, 'DHTH9', 6, 1, 3, 'A101');
INSERT INTO mon_hoc (ma_mon_hoc, ten_mon_hoc, tin_chi_ly_thuyet, tin_chi_thuc_hanh, loai_mon) VALUES ('NNA_2_MH4', 'Môn học 4 - NNA2', 2, 0, 'ly_thuyet');
INSERT INTO mon_hoc_nganh (ma_mon_hoc, ma_nganh, ma_chuyen_nganh, la_chuyen_nganh, nam_ap_dung) VALUES ('NNA_2_MH4', 'NNA', 'NNA2', TRUE, 2024);
INSERT INTO lop_hoc_phan (ma_lop_hoc_phan, ma_mon_hoc, ma_giang_vien, hoc_ky, nam_hoc, lop_hoc, thu_trong_tuan, tiet_bat_dau, tiet_ket_thuc, phong_hoc) VALUES ('24200181', 'NNA_2_MH4', 'GV0083', 'HK1', 2024, 'DHTH5', 6, 1, 3, 'A101');
INSERT INTO lop_hoc_phan (ma_lop_hoc_phan, ma_mon_hoc, ma_giang_vien, hoc_ky, nam_hoc, lop_hoc, thu_trong_tuan, tiet_bat_dau, tiet_ket_thuc, phong_hoc) VALUES ('24100182', 'NNA_2_MH4', 'GV0033', 'HK1', 2024, 'DHTH2', 6, 1, 3, 'A101');
INSERT INTO lop_hoc_phan (ma_lop_hoc_phan, ma_mon_hoc, ma_giang_vien, hoc_ky, nam_hoc, lop_hoc, thu_trong_tuan, tiet_bat_dau, tiet_ket_thuc, phong_hoc) VALUES ('24200183', 'NNA_2_MH4', 'GV0059', 'HK1', 2024, 'DHTH7', 5, 1, 3, 'A101');
INSERT INTO lop_hoc_phan (ma_lop_hoc_phan, ma_mon_hoc, ma_giang_vien, hoc_ky, nam_hoc, lop_hoc, thu_trong_tuan, tiet_bat_dau, tiet_ket_thuc, phong_hoc) VALUES ('24200184', 'NNA_2_MH4', 'GV0015', 'HK1', 2024, 'DHTH2', 4, 1, 3, 'A101');
INSERT INTO lop_hoc_phan (ma_lop_hoc_phan, ma_mon_hoc, ma_giang_vien, hoc_ky, nam_hoc, lop_hoc, thu_trong_tuan, tiet_bat_dau, tiet_ket_thuc, phong_hoc) VALUES ('24200185', 'NNA_2_MH4', 'GV0094', 'HK1', 2024, 'DHTH1', 6, 1, 3, 'A101');
INSERT INTO lop_hoc_phan (ma_lop_hoc_phan, ma_mon_hoc, ma_giang_vien, hoc_ky, nam_hoc, lop_hoc, thu_trong_tuan, tiet_bat_dau, tiet_ket_thuc, phong_hoc) VALUES ('24100186', 'NNA_2_MH4', 'GV0017', 'HK1', 2024, 'DHTH10', 2, 1, 3, 'A101');
INSERT INTO lop_hoc_phan (ma_lop_hoc_phan, ma_mon_hoc, ma_giang_vien, hoc_ky, nam_hoc, lop_hoc, thu_trong_tuan, tiet_bat_dau, tiet_ket_thuc, phong_hoc) VALUES ('24100187', 'NNA_2_MH4', 'GV0001', 'HK1', 2024, 'DHTH7', 2, 1, 3, 'A101');
INSERT INTO lop_hoc_phan (ma_lop_hoc_phan, ma_mon_hoc, ma_giang_vien, hoc_ky, nam_hoc, lop_hoc, thu_trong_tuan, tiet_bat_dau, tiet_ket_thuc, phong_hoc) VALUES ('24200188', 'NNA_2_MH4', 'GV0049', 'HK1', 2024, 'DHTH7', 3, 1, 3, 'A101');
INSERT INTO lop_hoc_phan (ma_lop_hoc_phan, ma_mon_hoc, ma_giang_vien, hoc_ky, nam_hoc, lop_hoc, thu_trong_tuan, tiet_bat_dau, tiet_ket_thuc, phong_hoc) VALUES ('24200189', 'NNA_2_MH4', 'GV0098', 'HK1', 2024, 'DHTH9', 4, 1, 3, 'A101');
INSERT INTO lop_hoc_phan (ma_lop_hoc_phan, ma_mon_hoc, ma_giang_vien, hoc_ky, nam_hoc, lop_hoc, thu_trong_tuan, tiet_bat_dau, tiet_ket_thuc, phong_hoc) VALUES ('24200190', 'NNA_2_MH4', 'GV0022', 'HK1', 2024, 'DHTH4', 4, 1, 3, 'A101');
INSERT INTO mon_hoc (ma_mon_hoc, ten_mon_hoc, tin_chi_ly_thuyet, tin_chi_thuc_hanh, loai_mon) VALUES ('NNA_2_MH5', 'Môn học 5 - NNA2', 2, 0, 'ly_thuyet');
INSERT INTO mon_hoc_nganh (ma_mon_hoc, ma_nganh, ma_chuyen_nganh, la_chuyen_nganh, nam_ap_dung) VALUES ('NNA_2_MH5', 'NNA', 'NNA2', TRUE, 2024);
INSERT INTO lop_hoc_phan (ma_lop_hoc_phan, ma_mon_hoc, ma_giang_vien, hoc_ky, nam_hoc, lop_hoc, thu_trong_tuan, tiet_bat_dau, tiet_ket_thuc, phong_hoc) VALUES ('24100191', 'NNA_2_MH5', 'GV0012', 'HK1', 2024, 'DHTH7', 5, 1, 3, 'A101');
INSERT INTO lop_hoc_phan (ma_lop_hoc_phan, ma_mon_hoc, ma_giang_vien, hoc_ky, nam_hoc, lop_hoc, thu_trong_tuan, tiet_bat_dau, tiet_ket_thuc, phong_hoc) VALUES ('24300192', 'NNA_2_MH5', 'GV0083', 'HK1', 2024, 'DHTH10', 6, 1, 3, 'A101');
INSERT INTO lop_hoc_phan (ma_lop_hoc_phan, ma_mon_hoc, ma_giang_vien, hoc_ky, nam_hoc, lop_hoc, thu_trong_tuan, tiet_bat_dau, tiet_ket_thuc, phong_hoc) VALUES ('24300193', 'NNA_2_MH5', 'GV0047', 'HK1', 2024, 'DHTH8', 4, 1, 3, 'A101');
INSERT INTO lop_hoc_phan (ma_lop_hoc_phan, ma_mon_hoc, ma_giang_vien, hoc_ky, nam_hoc, lop_hoc, thu_trong_tuan, tiet_bat_dau, tiet_ket_thuc, phong_hoc) VALUES ('24300194', 'NNA_2_MH5', 'GV0098', 'HK1', 2024, 'DHTH10', 2, 1, 3, 'A101');
INSERT INTO lop_hoc_phan (ma_lop_hoc_phan, ma_mon_hoc, ma_giang_vien, hoc_ky, nam_hoc, lop_hoc, thu_trong_tuan, tiet_bat_dau, tiet_ket_thuc, phong_hoc) VALUES ('24100195', 'NNA_2_MH5', 'GV0007', 'HK1', 2024, 'DHTH7', 6, 1, 3, 'A101');
INSERT INTO lop_hoc_phan (ma_lop_hoc_phan, ma_mon_hoc, ma_giang_vien, hoc_ky, nam_hoc, lop_hoc, thu_trong_tuan, tiet_bat_dau, tiet_ket_thuc, phong_hoc) VALUES ('24100196', 'NNA_2_MH5', 'GV0095', 'HK1', 2024, 'DHTH8', 4, 1, 3, 'A101');
INSERT INTO lop_hoc_phan (ma_lop_hoc_phan, ma_mon_hoc, ma_giang_vien, hoc_ky, nam_hoc, lop_hoc, thu_trong_tuan, tiet_bat_dau, tiet_ket_thuc, phong_hoc) VALUES ('24100197', 'NNA_2_MH5', 'GV0050', 'HK1', 2024, 'DHTH1', 2, 1, 3, 'A101');
INSERT INTO lop_hoc_phan (ma_lop_hoc_phan, ma_mon_hoc, ma_giang_vien, hoc_ky, nam_hoc, lop_hoc, thu_trong_tuan, tiet_bat_dau, tiet_ket_thuc, phong_hoc) VALUES ('24200198', 'NNA_2_MH5', 'GV0015', 'HK1', 2024, 'DHTH1', 6, 1, 3, 'A101');
INSERT INTO lop_hoc_phan (ma_lop_hoc_phan, ma_mon_hoc, ma_giang_vien, hoc_ky, nam_hoc, lop_hoc, thu_trong_tuan, tiet_bat_dau, tiet_ket_thuc, phong_hoc) VALUES ('24100199', 'NNA_2_MH5', 'GV0059', 'HK1', 2024, 'DHTH8', 3, 1, 3, 'A101');
INSERT INTO lop_hoc_phan (ma_lop_hoc_phan, ma_mon_hoc, ma_giang_vien, hoc_ky, nam_hoc, lop_hoc, thu_trong_tuan, tiet_bat_dau, tiet_ket_thuc, phong_hoc) VALUES ('24100200', 'NNA_2_MH5', 'GV0050', 'HK1', 2024, 'DHTH1', 5, 1, 3, 'A101');
INSERT INTO mon_hoc (ma_mon_hoc, ten_mon_hoc, tin_chi_ly_thuyet, tin_chi_thuc_hanh, loai_mon) VALUES ('QHQT_1_MH1', 'Môn học 1 - QHQT1', 2, 0, 'ly_thuyet');
INSERT INTO mon_hoc_nganh (ma_mon_hoc, ma_nganh, ma_chuyen_nganh, la_chuyen_nganh, nam_ap_dung) VALUES ('QHQT_1_MH1', 'QHQT', 'QHQT1', TRUE, 2024);
INSERT INTO lop_hoc_phan (ma_lop_hoc_phan, ma_mon_hoc, ma_giang_vien, hoc_ky, nam_hoc, lop_hoc, thu_trong_tuan, tiet_bat_dau, tiet_ket_thuc, phong_hoc) VALUES ('24200201', 'QHQT_1_MH1', 'GV0041', 'HK1', 2024, 'DHTH7', 5, 1, 3, 'A101');
INSERT INTO lop_hoc_phan (ma_lop_hoc_phan, ma_mon_hoc, ma_giang_vien, hoc_ky, nam_hoc, lop_hoc, thu_trong_tuan, tiet_bat_dau, tiet_ket_thuc, phong_hoc) VALUES ('24100202', 'QHQT_1_MH1', 'GV0076', 'HK1', 2024, 'DHTH6', 6, 1, 3, 'A101');
INSERT INTO lop_hoc_phan (ma_lop_hoc_phan, ma_mon_hoc, ma_giang_vien, hoc_ky, nam_hoc, lop_hoc, thu_trong_tuan, tiet_bat_dau, tiet_ket_thuc, phong_hoc) VALUES ('24300203', 'QHQT_1_MH1', 'GV0087', 'HK1', 2024, 'DHTH1', 4, 1, 3, 'A101');
INSERT INTO lop_hoc_phan (ma_lop_hoc_phan, ma_mon_hoc, ma_giang_vien, hoc_ky, nam_hoc, lop_hoc, thu_trong_tuan, tiet_bat_dau, tiet_ket_thuc, phong_hoc) VALUES ('24300204', 'QHQT_1_MH1', 'GV0019', 'HK1', 2024, 'DHTH3', 2, 1, 3, 'A101');
INSERT INTO lop_hoc_phan (ma_lop_hoc_phan, ma_mon_hoc, ma_giang_vien, hoc_ky, nam_hoc, lop_hoc, thu_trong_tuan, tiet_bat_dau, tiet_ket_thuc, phong_hoc) VALUES ('24300205', 'QHQT_1_MH1', 'GV0063', 'HK1', 2024, 'DHTH7', 6, 1, 3, 'A101');
INSERT INTO lop_hoc_phan (ma_lop_hoc_phan, ma_mon_hoc, ma_giang_vien, hoc_ky, nam_hoc, lop_hoc, thu_trong_tuan, tiet_bat_dau, tiet_ket_thuc, phong_hoc) VALUES ('24100206', 'QHQT_1_MH1', 'GV0007', 'HK1', 2024, 'DHTH7', 2, 1, 3, 'A101');
INSERT INTO lop_hoc_phan (ma_lop_hoc_phan, ma_mon_hoc, ma_giang_vien, hoc_ky, nam_hoc, lop_hoc, thu_trong_tuan, tiet_bat_dau, tiet_ket_thuc, phong_hoc) VALUES ('24300207', 'QHQT_1_MH1', 'GV0053', 'HK1', 2024, 'DHTH3', 3, 1, 3, 'A101');
INSERT INTO lop_hoc_phan (ma_lop_hoc_phan, ma_mon_hoc, ma_giang_vien, hoc_ky, nam_hoc, lop_hoc, thu_trong_tuan, tiet_bat_dau, tiet_ket_thuc, phong_hoc) VALUES ('24300208', 'QHQT_1_MH1', 'GV0057', 'HK1', 2024, 'DHTH7', 6, 1, 3, 'A101');
INSERT INTO lop_hoc_phan (ma_lop_hoc_phan, ma_mon_hoc, ma_giang_vien, hoc_ky, nam_hoc, lop_hoc, thu_trong_tuan, tiet_bat_dau, tiet_ket_thuc, phong_hoc) VALUES ('24200209', 'QHQT_1_MH1', 'GV0094', 'HK1', 2024, 'DHTH7', 4, 1, 3, 'A101');
INSERT INTO lop_hoc_phan (ma_lop_hoc_phan, ma_mon_hoc, ma_giang_vien, hoc_ky, nam_hoc, lop_hoc, thu_trong_tuan, tiet_bat_dau, tiet_ket_thuc, phong_hoc) VALUES ('24100210', 'QHQT_1_MH1', 'GV0096', 'HK1', 2024, 'DHTH8', 6, 1, 3, 'A101');
INSERT INTO mon_hoc (ma_mon_hoc, ten_mon_hoc, tin_chi_ly_thuyet, tin_chi_thuc_hanh, loai_mon) VALUES ('QHQT_1_MH2', 'Môn học 2 - QHQT1', 2, 0, 'ly_thuyet');
INSERT INTO mon_hoc_nganh (ma_mon_hoc, ma_nganh, ma_chuyen_nganh, la_chuyen_nganh, nam_ap_dung) VALUES ('QHQT_1_MH2', 'QHQT', 'QHQT1', TRUE, 2024);
INSERT INTO lop_hoc_phan (ma_lop_hoc_phan, ma_mon_hoc, ma_giang_vien, hoc_ky, nam_hoc, lop_hoc, thu_trong_tuan, tiet_bat_dau, tiet_ket_thuc, phong_hoc) VALUES ('24200211', 'QHQT_1_MH2', 'GV0062', 'HK1', 2024, 'DHTH7', 5, 1, 3, 'A101');
INSERT INTO lop_hoc_phan (ma_lop_hoc_phan, ma_mon_hoc, ma_giang_vien, hoc_ky, nam_hoc, lop_hoc, thu_trong_tuan, tiet_bat_dau, tiet_ket_thuc, phong_hoc) VALUES ('24200212', 'QHQT_1_MH2', 'GV0037', 'HK1', 2024, 'DHTH6', 6, 1, 3, 'A101');
INSERT INTO lop_hoc_phan (ma_lop_hoc_phan, ma_mon_hoc, ma_giang_vien, hoc_ky, nam_hoc, lop_hoc, thu_trong_tuan, tiet_bat_dau, tiet_ket_thuc, phong_hoc) VALUES ('24200213', 'QHQT_1_MH2', 'GV0096', 'HK1', 2024, 'DHTH2', 2, 1, 3, 'A101');
INSERT INTO lop_hoc_phan (ma_lop_hoc_phan, ma_mon_hoc, ma_giang_vien, hoc_ky, nam_hoc, lop_hoc, thu_trong_tuan, tiet_bat_dau, tiet_ket_thuc, phong_hoc) VALUES ('24200214', 'QHQT_1_MH2', 'GV0001', 'HK1', 2024, 'DHTH6', 5, 1, 3, 'A101');
INSERT INTO lop_hoc_phan (ma_lop_hoc_phan, ma_mon_hoc, ma_giang_vien, hoc_ky, nam_hoc, lop_hoc, thu_trong_tuan, tiet_bat_dau, tiet_ket_thuc, phong_hoc) VALUES ('24100215', 'QHQT_1_MH2', 'GV0074', 'HK1', 2024, 'DHTH9', 2, 1, 3, 'A101');
INSERT INTO lop_hoc_phan (ma_lop_hoc_phan, ma_mon_hoc, ma_giang_vien, hoc_ky, nam_hoc, lop_hoc, thu_trong_tuan, tiet_bat_dau, tiet_ket_thuc, phong_hoc) VALUES ('24200216', 'QHQT_1_MH2', 'GV0062', 'HK1', 2024, 'DHTH7', 2, 1, 3, 'A101');
INSERT INTO lop_hoc_phan (ma_lop_hoc_phan, ma_mon_hoc, ma_giang_vien, hoc_ky, nam_hoc, lop_hoc, thu_trong_tuan, tiet_bat_dau, tiet_ket_thuc, phong_hoc) VALUES ('24300217', 'QHQT_1_MH2', 'GV0055', 'HK1', 2024, 'DHTH3', 6, 1, 3, 'A101');
INSERT INTO lop_hoc_phan (ma_lop_hoc_phan, ma_mon_hoc, ma_giang_vien, hoc_ky, nam_hoc, lop_hoc, thu_trong_tuan, tiet_bat_dau, tiet_ket_thuc, phong_hoc) VALUES ('24200218', 'QHQT_1_MH2', 'GV0030', 'HK1', 2024, 'DHTH9', 4, 1, 3, 'A101');
INSERT INTO lop_hoc_phan (ma_lop_hoc_phan, ma_mon_hoc, ma_giang_vien, hoc_ky, nam_hoc, lop_hoc, thu_trong_tuan, tiet_bat_dau, tiet_ket_thuc, phong_hoc) VALUES ('24100219', 'QHQT_1_MH2', 'GV0059', 'HK1', 2024, 'DHTH1', 2, 1, 3, 'A101');
INSERT INTO lop_hoc_phan (ma_lop_hoc_phan, ma_mon_hoc, ma_giang_vien, hoc_ky, nam_hoc, lop_hoc, thu_trong_tuan, tiet_bat_dau, tiet_ket_thuc, phong_hoc) VALUES ('24200220', 'QHQT_1_MH2', 'GV0057', 'HK1', 2024, 'DHTH10', 5, 1, 3, 'A101');
INSERT INTO mon_hoc (ma_mon_hoc, ten_mon_hoc, tin_chi_ly_thuyet, tin_chi_thuc_hanh, loai_mon) VALUES ('QHQT_1_MH3', 'Môn học 3 - QHQT1', 2, 0, 'ly_thuyet');
INSERT INTO mon_hoc_nganh (ma_mon_hoc, ma_nganh, ma_chuyen_nganh, la_chuyen_nganh, nam_ap_dung) VALUES ('QHQT_1_MH3', 'QHQT', 'QHQT1', TRUE, 2024);
INSERT INTO lop_hoc_phan (ma_lop_hoc_phan, ma_mon_hoc, ma_giang_vien, hoc_ky, nam_hoc, lop_hoc, thu_trong_tuan, tiet_bat_dau, tiet_ket_thuc, phong_hoc) VALUES ('24200221', 'QHQT_1_MH3', 'GV0018', 'HK1', 2024, 'DHTH3', 6, 1, 3, 'A101');
INSERT INTO lop_hoc_phan (ma_lop_hoc_phan, ma_mon_hoc, ma_giang_vien, hoc_ky, nam_hoc, lop_hoc, thu_trong_tuan, tiet_bat_dau, tiet_ket_thuc, phong_hoc) VALUES ('24300222', 'QHQT_1_MH3', 'GV0058', 'HK1', 2024, 'DHTH6', 2, 1, 3, 'A101');
INSERT INTO lop_hoc_phan (ma_lop_hoc_phan, ma_mon_hoc, ma_giang_vien, hoc_ky, nam_hoc, lop_hoc, thu_trong_tuan, tiet_bat_dau, tiet_ket_thuc, phong_hoc) VALUES ('24200223', 'QHQT_1_MH3', 'GV0020', 'HK1', 2024, 'DHTH6', 5, 1, 3, 'A101');
INSERT INTO lop_hoc_phan (ma_lop_hoc_phan, ma_mon_hoc, ma_giang_vien, hoc_ky, nam_hoc, lop_hoc, thu_trong_tuan, tiet_bat_dau, tiet_ket_thuc, phong_hoc) VALUES ('24100224', 'QHQT_1_MH3', 'GV0089', 'HK1', 2024, 'DHTH9', 5, 1, 3, 'A101');
INSERT INTO lop_hoc_phan (ma_lop_hoc_phan, ma_mon_hoc, ma_giang_vien, hoc_ky, nam_hoc, lop_hoc, thu_trong_tuan, tiet_bat_dau, tiet_ket_thuc, phong_hoc) VALUES ('24100225', 'QHQT_1_MH3', 'GV0088', 'HK1', 2024, 'DHTH6', 2, 1, 3, 'A101');
INSERT INTO lop_hoc_phan (ma_lop_hoc_phan, ma_mon_hoc, ma_giang_vien, hoc_ky, nam_hoc, lop_hoc, thu_trong_tuan, tiet_bat_dau, tiet_ket_thuc, phong_hoc) VALUES ('24100226', 'QHQT_1_MH3', 'GV0036', 'HK1', 2024, 'DHTH10', 6, 1, 3, 'A101');
INSERT INTO lop_hoc_phan (ma_lop_hoc_phan, ma_mon_hoc, ma_giang_vien, hoc_ky, nam_hoc, lop_hoc, thu_trong_tuan, tiet_bat_dau, tiet_ket_thuc, phong_hoc) VALUES ('24300227', 'QHQT_1_MH3', 'GV0055', 'HK1', 2024, 'DHTH8', 3, 1, 3, 'A101');
INSERT INTO lop_hoc_phan (ma_lop_hoc_phan, ma_mon_hoc, ma_giang_vien, hoc_ky, nam_hoc, lop_hoc, thu_trong_tuan, tiet_bat_dau, tiet_ket_thuc, phong_hoc) VALUES ('24200228', 'QHQT_1_MH3', 'GV0006', 'HK1', 2024, 'DHTH4', 5, 1, 3, 'A101');
INSERT INTO lop_hoc_phan (ma_lop_hoc_phan, ma_mon_hoc, ma_giang_vien, hoc_ky, nam_hoc, lop_hoc, thu_trong_tuan, tiet_bat_dau, tiet_ket_thuc, phong_hoc) VALUES ('24300229', 'QHQT_1_MH3', 'GV0018', 'HK1', 2024, 'DHTH4', 4, 1, 3, 'A101');
INSERT INTO lop_hoc_phan (ma_lop_hoc_phan, ma_mon_hoc, ma_giang_vien, hoc_ky, nam_hoc, lop_hoc, thu_trong_tuan, tiet_bat_dau, tiet_ket_thuc, phong_hoc) VALUES ('24100230', 'QHQT_1_MH3', 'GV0050', 'HK1', 2024, 'DHTH10', 5, 1, 3, 'A101');
INSERT INTO mon_hoc (ma_mon_hoc, ten_mon_hoc, tin_chi_ly_thuyet, tin_chi_thuc_hanh, loai_mon) VALUES ('QHQT_1_MH4', 'Môn học 4 - QHQT1', 2, 0, 'ly_thuyet');
INSERT INTO mon_hoc_nganh (ma_mon_hoc, ma_nganh, ma_chuyen_nganh, la_chuyen_nganh, nam_ap_dung) VALUES ('QHQT_1_MH4', 'QHQT', 'QHQT1', TRUE, 2024);
INSERT INTO lop_hoc_phan (ma_lop_hoc_phan, ma_mon_hoc, ma_giang_vien, hoc_ky, nam_hoc, lop_hoc, thu_trong_tuan, tiet_bat_dau, tiet_ket_thuc, phong_hoc) VALUES ('24300231', 'QHQT_1_MH4', 'GV0001', 'HK1', 2024, 'DHTH6', 6, 1, 3, 'A101');
INSERT INTO lop_hoc_phan (ma_lop_hoc_phan, ma_mon_hoc, ma_giang_vien, hoc_ky, nam_hoc, lop_hoc, thu_trong_tuan, tiet_bat_dau, tiet_ket_thuc, phong_hoc) VALUES ('24300232', 'QHQT_1_MH4', 'GV0095', 'HK1', 2024, 'DHTH6', 4, 1, 3, 'A101');
INSERT INTO lop_hoc_phan (ma_lop_hoc_phan, ma_mon_hoc, ma_giang_vien, hoc_ky, nam_hoc, lop_hoc, thu_trong_tuan, tiet_bat_dau, tiet_ket_thuc, phong_hoc) VALUES ('24200233', 'QHQT_1_MH4', 'GV0087', 'HK1', 2024, 'DHTH10', 3, 1, 3, 'A101');
INSERT INTO lop_hoc_phan (ma_lop_hoc_phan, ma_mon_hoc, ma_giang_vien, hoc_ky, nam_hoc, lop_hoc, thu_trong_tuan, tiet_bat_dau, tiet_ket_thuc, phong_hoc) VALUES ('24300234', 'QHQT_1_MH4', 'GV0004', 'HK1', 2024, 'DHTH2', 3, 1, 3, 'A101');
INSERT INTO lop_hoc_phan (ma_lop_hoc_phan, ma_mon_hoc, ma_giang_vien, hoc_ky, nam_hoc, lop_hoc, thu_trong_tuan, tiet_bat_dau, tiet_ket_thuc, phong_hoc) VALUES ('24200235', 'QHQT_1_MH4', 'GV0004', 'HK1', 2024, 'DHTH8', 6, 1, 3, 'A101');
INSERT INTO lop_hoc_phan (ma_lop_hoc_phan, ma_mon_hoc, ma_giang_vien, hoc_ky, nam_hoc, lop_hoc, thu_trong_tuan, tiet_bat_dau, tiet_ket_thuc, phong_hoc) VALUES ('24300236', 'QHQT_1_MH4', 'GV0078', 'HK1', 2024, 'DHTH8', 3, 1, 3, 'A101');
INSERT INTO lop_hoc_phan (ma_lop_hoc_phan, ma_mon_hoc, ma_giang_vien, hoc_ky, nam_hoc, lop_hoc, thu_trong_tuan, tiet_bat_dau, tiet_ket_thuc, phong_hoc) VALUES ('24300237', 'QHQT_1_MH4', 'GV0063', 'HK1', 2024, 'DHTH2', 6, 1, 3, 'A101');
INSERT INTO lop_hoc_phan (ma_lop_hoc_phan, ma_mon_hoc, ma_giang_vien, hoc_ky, nam_hoc, lop_hoc, thu_trong_tuan, tiet_bat_dau, tiet_ket_thuc, phong_hoc) VALUES ('24200238', 'QHQT_1_MH4', 'GV0069', 'HK1', 2024, 'DHTH8', 2, 1, 3, 'A101');
INSERT INTO lop_hoc_phan (ma_lop_hoc_phan, ma_mon_hoc, ma_giang_vien, hoc_ky, nam_hoc, lop_hoc, thu_trong_tuan, tiet_bat_dau, tiet_ket_thuc, phong_hoc) VALUES ('24300239', 'QHQT_1_MH4', 'GV0081', 'HK1', 2024, 'DHTH5', 6, 1, 3, 'A101');
INSERT INTO lop_hoc_phan (ma_lop_hoc_phan, ma_mon_hoc, ma_giang_vien, hoc_ky, nam_hoc, lop_hoc, thu_trong_tuan, tiet_bat_dau, tiet_ket_thuc, phong_hoc) VALUES ('24300240', 'QHQT_1_MH4', 'GV0012', 'HK1', 2024, 'DHTH6', 2, 1, 3, 'A101');
INSERT INTO mon_hoc (ma_mon_hoc, ten_mon_hoc, tin_chi_ly_thuyet, tin_chi_thuc_hanh, loai_mon) VALUES ('QHQT_1_MH5', 'Môn học 5 - QHQT1', 2, 0, 'ly_thuyet');
INSERT INTO mon_hoc_nganh (ma_mon_hoc, ma_nganh, ma_chuyen_nganh, la_chuyen_nganh, nam_ap_dung) VALUES ('QHQT_1_MH5', 'QHQT', 'QHQT1', TRUE, 2024);
INSERT INTO lop_hoc_phan (ma_lop_hoc_phan, ma_mon_hoc, ma_giang_vien, hoc_ky, nam_hoc, lop_hoc, thu_trong_tuan, tiet_bat_dau, tiet_ket_thuc, phong_hoc) VALUES ('24200241', 'QHQT_1_MH5', 'GV0100', 'HK1', 2024, 'DHTH5', 4, 1, 3, 'A101');
INSERT INTO lop_hoc_phan (ma_lop_hoc_phan, ma_mon_hoc, ma_giang_vien, hoc_ky, nam_hoc, lop_hoc, thu_trong_tuan, tiet_bat_dau, tiet_ket_thuc, phong_hoc) VALUES ('24100242', 'QHQT_1_MH5', 'GV0073', 'HK1', 2024, 'DHTH5', 6, 1, 3, 'A101');
INSERT INTO lop_hoc_phan (ma_lop_hoc_phan, ma_mon_hoc, ma_giang_vien, hoc_ky, nam_hoc, lop_hoc, thu_trong_tuan, tiet_bat_dau, tiet_ket_thuc, phong_hoc) VALUES ('24300243', 'QHQT_1_MH5', 'GV0049', 'HK1', 2024, 'DHTH3', 3, 1, 3, 'A101');
INSERT INTO lop_hoc_phan (ma_lop_hoc_phan, ma_mon_hoc, ma_giang_vien, hoc_ky, nam_hoc, lop_hoc, thu_trong_tuan, tiet_bat_dau, tiet_ket_thuc, phong_hoc) VALUES ('24100244', 'QHQT_1_MH5', 'GV0095', 'HK1', 2024, 'DHTH8', 5, 1, 3, 'A101');
INSERT INTO lop_hoc_phan (ma_lop_hoc_phan, ma_mon_hoc, ma_giang_vien, hoc_ky, nam_hoc, lop_hoc, thu_trong_tuan, tiet_bat_dau, tiet_ket_thuc, phong_hoc) VALUES ('24300245', 'QHQT_1_MH5', 'GV0035', 'HK1', 2024, 'DHTH1', 5, 1, 3, 'A101');
INSERT INTO lop_hoc_phan (ma_lop_hoc_phan, ma_mon_hoc, ma_giang_vien, hoc_ky, nam_hoc, lop_hoc, thu_trong_tuan, tiet_bat_dau, tiet_ket_thuc, phong_hoc) VALUES ('24300246', 'QHQT_1_MH5', 'GV0086', 'HK1', 2024, 'DHTH5', 4, 1, 3, 'A101');
INSERT INTO lop_hoc_phan (ma_lop_hoc_phan, ma_mon_hoc, ma_giang_vien, hoc_ky, nam_hoc, lop_hoc, thu_trong_tuan, tiet_bat_dau, tiet_ket_thuc, phong_hoc) VALUES ('24200247', 'QHQT_1_MH5', 'GV0035', 'HK1', 2024, 'DHTH4', 3, 1, 3, 'A101');
INSERT INTO lop_hoc_phan (ma_lop_hoc_phan, ma_mon_hoc, ma_giang_vien, hoc_ky, nam_hoc, lop_hoc, thu_trong_tuan, tiet_bat_dau, tiet_ket_thuc, phong_hoc) VALUES ('24200248', 'QHQT_1_MH5', 'GV0096', 'HK1', 2024, 'DHTH10', 4, 1, 3, 'A101');
INSERT INTO lop_hoc_phan (ma_lop_hoc_phan, ma_mon_hoc, ma_giang_vien, hoc_ky, nam_hoc, lop_hoc, thu_trong_tuan, tiet_bat_dau, tiet_ket_thuc, phong_hoc) VALUES ('24100249', 'QHQT_1_MH5', 'GV0007', 'HK1', 2024, 'DHTH7', 2, 1, 3, 'A101');
INSERT INTO lop_hoc_phan (ma_lop_hoc_phan, ma_mon_hoc, ma_giang_vien, hoc_ky, nam_hoc, lop_hoc, thu_trong_tuan, tiet_bat_dau, tiet_ket_thuc, phong_hoc) VALUES ('24100250', 'QHQT_1_MH5', 'GV0099', 'HK1', 2024, 'DHTH4', 5, 1, 3, 'A101');
INSERT INTO mon_hoc (ma_mon_hoc, ten_mon_hoc, tin_chi_ly_thuyet, tin_chi_thuc_hanh, loai_mon) VALUES ('QHQT_2_MH1', 'Môn học 1 - QHQT2', 2, 0, 'ly_thuyet');
INSERT INTO mon_hoc_nganh (ma_mon_hoc, ma_nganh, ma_chuyen_nganh, la_chuyen_nganh, nam_ap_dung) VALUES ('QHQT_2_MH1', 'QHQT', 'QHQT2', TRUE, 2024);
INSERT INTO lop_hoc_phan (ma_lop_hoc_phan, ma_mon_hoc, ma_giang_vien, hoc_ky, nam_hoc, lop_hoc, thu_trong_tuan, tiet_bat_dau, tiet_ket_thuc, phong_hoc) VALUES ('24100251', 'QHQT_2_MH1', 'GV0029', 'HK1', 2024, 'DHTH8', 6, 1, 3, 'A101');
INSERT INTO lop_hoc_phan (ma_lop_hoc_phan, ma_mon_hoc, ma_giang_vien, hoc_ky, nam_hoc, lop_hoc, thu_trong_tuan, tiet_bat_dau, tiet_ket_thuc, phong_hoc) VALUES ('24100252', 'QHQT_2_MH1', 'GV0009', 'HK1', 2024, 'DHTH4', 2, 1, 3, 'A101');
INSERT INTO lop_hoc_phan (ma_lop_hoc_phan, ma_mon_hoc, ma_giang_vien, hoc_ky, nam_hoc, lop_hoc, thu_trong_tuan, tiet_bat_dau, tiet_ket_thuc, phong_hoc) VALUES ('24100253', 'QHQT_2_MH1', 'GV0052', 'HK1', 2024, 'DHTH5', 4, 1, 3, 'A101');
INSERT INTO lop_hoc_phan (ma_lop_hoc_phan, ma_mon_hoc, ma_giang_vien, hoc_ky, nam_hoc, lop_hoc, thu_trong_tuan, tiet_bat_dau, tiet_ket_thuc, phong_hoc) VALUES ('24300254', 'QHQT_2_MH1', 'GV0051', 'HK1', 2024, 'DHTH5', 3, 1, 3, 'A101');
INSERT INTO lop_hoc_phan (ma_lop_hoc_phan, ma_mon_hoc, ma_giang_vien, hoc_ky, nam_hoc, lop_hoc, thu_trong_tuan, tiet_bat_dau, tiet_ket_thuc, phong_hoc) VALUES ('24200255', 'QHQT_2_MH1', 'GV0071', 'HK1', 2024, 'DHTH10', 4, 1, 3, 'A101');
INSERT INTO lop_hoc_phan (ma_lop_hoc_phan, ma_mon_hoc, ma_giang_vien, hoc_ky, nam_hoc, lop_hoc, thu_trong_tuan, tiet_bat_dau, tiet_ket_thuc, phong_hoc) VALUES ('24300256', 'QHQT_2_MH1', 'GV0084', 'HK1', 2024, 'DHTH5', 4, 1, 3, 'A101');
INSERT INTO lop_hoc_phan (ma_lop_hoc_phan, ma_mon_hoc, ma_giang_vien, hoc_ky, nam_hoc, lop_hoc, thu_trong_tuan, tiet_bat_dau, tiet_ket_thuc, phong_hoc) VALUES ('24100257', 'QHQT_2_MH1', 'GV0037', 'HK1', 2024, 'DHTH4', 4, 1, 3, 'A101');
INSERT INTO lop_hoc_phan (ma_lop_hoc_phan, ma_mon_hoc, ma_giang_vien, hoc_ky, nam_hoc, lop_hoc, thu_trong_tuan, tiet_bat_dau, tiet_ket_thuc, phong_hoc) VALUES ('24200258', 'QHQT_2_MH1', 'GV0065', 'HK1', 2024, 'DHTH6', 5, 1, 3, 'A101');
INSERT INTO lop_hoc_phan (ma_lop_hoc_phan, ma_mon_hoc, ma_giang_vien, hoc_ky, nam_hoc, lop_hoc, thu_trong_tuan, tiet_bat_dau, tiet_ket_thuc, phong_hoc) VALUES ('24100259', 'QHQT_2_MH1', 'GV0088', 'HK1', 2024, 'DHTH4', 2, 1, 3, 'A101');
INSERT INTO lop_hoc_phan (ma_lop_hoc_phan, ma_mon_hoc, ma_giang_vien, hoc_ky, nam_hoc, lop_hoc, thu_trong_tuan, tiet_bat_dau, tiet_ket_thuc, phong_hoc) VALUES ('24200260', 'QHQT_2_MH1', 'GV0091', 'HK1', 2024, 'DHTH3', 5, 1, 3, 'A101');
INSERT INTO mon_hoc (ma_mon_hoc, ten_mon_hoc, tin_chi_ly_thuyet, tin_chi_thuc_hanh, loai_mon) VALUES ('QHQT_2_MH2', 'Môn học 2 - QHQT2', 2, 0, 'ly_thuyet');
INSERT INTO mon_hoc_nganh (ma_mon_hoc, ma_nganh, ma_chuyen_nganh, la_chuyen_nganh, nam_ap_dung) VALUES ('QHQT_2_MH2', 'QHQT', 'QHQT2', TRUE, 2024);
INSERT INTO lop_hoc_phan (ma_lop_hoc_phan, ma_mon_hoc, ma_giang_vien, hoc_ky, nam_hoc, lop_hoc, thu_trong_tuan, tiet_bat_dau, tiet_ket_thuc, phong_hoc) VALUES ('24100261', 'QHQT_2_MH2', 'GV0090', 'HK1', 2024, 'DHTH9', 6, 1, 3, 'A101');
INSERT INTO lop_hoc_phan (ma_lop_hoc_phan, ma_mon_hoc, ma_giang_vien, hoc_ky, nam_hoc, lop_hoc, thu_trong_tuan, tiet_bat_dau, tiet_ket_thuc, phong_hoc) VALUES ('24100262', 'QHQT_2_MH2', 'GV0061', 'HK1', 2024, 'DHTH9', 2, 1, 3, 'A101');
INSERT INTO lop_hoc_phan (ma_lop_hoc_phan, ma_mon_hoc, ma_giang_vien, hoc_ky, nam_hoc, lop_hoc, thu_trong_tuan, tiet_bat_dau, tiet_ket_thuc, phong_hoc) VALUES ('24300263', 'QHQT_2_MH2', 'GV0038', 'HK1', 2024, 'DHTH1', 5, 1, 3, 'A101');
INSERT INTO lop_hoc_phan (ma_lop_hoc_phan, ma_mon_hoc, ma_giang_vien, hoc_ky, nam_hoc, lop_hoc, thu_trong_tuan, tiet_bat_dau, tiet_ket_thuc, phong_hoc) VALUES ('24300264', 'QHQT_2_MH2', 'GV0022', 'HK1', 2024, 'DHTH3', 6, 1, 3, 'A101');
INSERT INTO lop_hoc_phan (ma_lop_hoc_phan, ma_mon_hoc, ma_giang_vien, hoc_ky, nam_hoc, lop_hoc, thu_trong_tuan, tiet_bat_dau, tiet_ket_thuc, phong_hoc) VALUES ('24300265', 'QHQT_2_MH2', 'GV0012', 'HK1', 2024, 'DHTH7', 3, 1, 3, 'A101');
INSERT INTO lop_hoc_phan (ma_lop_hoc_phan, ma_mon_hoc, ma_giang_vien, hoc_ky, nam_hoc, lop_hoc, thu_trong_tuan, tiet_bat_dau, tiet_ket_thuc, phong_hoc) VALUES ('24200266', 'QHQT_2_MH2', 'GV0068', 'HK1', 2024, 'DHTH2', 3, 1, 3, 'A101');
INSERT INTO lop_hoc_phan (ma_lop_hoc_phan, ma_mon_hoc, ma_giang_vien, hoc_ky, nam_hoc, lop_hoc, thu_trong_tuan, tiet_bat_dau, tiet_ket_thuc, phong_hoc) VALUES ('24100267', 'QHQT_2_MH2', 'GV0004', 'HK1', 2024, 'DHTH7', 5, 1, 3, 'A101');
INSERT INTO lop_hoc_phan (ma_lop_hoc_phan, ma_mon_hoc, ma_giang_vien, hoc_ky, nam_hoc, lop_hoc, thu_trong_tuan, tiet_bat_dau, tiet_ket_thuc, phong_hoc) VALUES ('24300268', 'QHQT_2_MH2', 'GV0017', 'HK1', 2024, 'DHTH7', 5, 1, 3, 'A101');
INSERT INTO lop_hoc_phan (ma_lop_hoc_phan, ma_mon_hoc, ma_giang_vien, hoc_ky, nam_hoc, lop_hoc, thu_trong_tuan, tiet_bat_dau, tiet_ket_thuc, phong_hoc) VALUES ('24200269', 'QHQT_2_MH2', 'GV0050', 'HK1', 2024, 'DHTH7', 4, 1, 3, 'A101');
INSERT INTO lop_hoc_phan (ma_lop_hoc_phan, ma_mon_hoc, ma_giang_vien, hoc_ky, nam_hoc, lop_hoc, thu_trong_tuan, tiet_bat_dau, tiet_ket_thuc, phong_hoc) VALUES ('24300270', 'QHQT_2_MH2', 'GV0025', 'HK1', 2024, 'DHTH9', 2, 1, 3, 'A101');
INSERT INTO mon_hoc (ma_mon_hoc, ten_mon_hoc, tin_chi_ly_thuyet, tin_chi_thuc_hanh, loai_mon) VALUES ('QHQT_2_MH3', 'Môn học 3 - QHQT2', 2, 0, 'ly_thuyet');
INSERT INTO mon_hoc_nganh (ma_mon_hoc, ma_nganh, ma_chuyen_nganh, la_chuyen_nganh, nam_ap_dung) VALUES ('QHQT_2_MH3', 'QHQT', 'QHQT2', TRUE, 2024);
INSERT INTO lop_hoc_phan (ma_lop_hoc_phan, ma_mon_hoc, ma_giang_vien, hoc_ky, nam_hoc, lop_hoc, thu_trong_tuan, tiet_bat_dau, tiet_ket_thuc, phong_hoc) VALUES ('24100271', 'QHQT_2_MH3', 'GV0032', 'HK1', 2024, 'DHTH6', 5, 1, 3, 'A101');
INSERT INTO lop_hoc_phan (ma_lop_hoc_phan, ma_mon_hoc, ma_giang_vien, hoc_ky, nam_hoc, lop_hoc, thu_trong_tuan, tiet_bat_dau, tiet_ket_thuc, phong_hoc) VALUES ('24200272', 'QHQT_2_MH3', 'GV0081', 'HK1', 2024, 'DHTH5', 5, 1, 3, 'A101');
INSERT INTO lop_hoc_phan (ma_lop_hoc_phan, ma_mon_hoc, ma_giang_vien, hoc_ky, nam_hoc, lop_hoc, thu_trong_tuan, tiet_bat_dau, tiet_ket_thuc, phong_hoc) VALUES ('24200273', 'QHQT_2_MH3', 'GV0073', 'HK1', 2024, 'DHTH6', 4, 1, 3, 'A101');
INSERT INTO lop_hoc_phan (ma_lop_hoc_phan, ma_mon_hoc, ma_giang_vien, hoc_ky, nam_hoc, lop_hoc, thu_trong_tuan, tiet_bat_dau, tiet_ket_thuc, phong_hoc) VALUES ('24300274', 'QHQT_2_MH3', 'GV0028', 'HK1', 2024, 'DHTH3', 2, 1, 3, 'A101');
INSERT INTO lop_hoc_phan (ma_lop_hoc_phan, ma_mon_hoc, ma_giang_vien, hoc_ky, nam_hoc, lop_hoc, thu_trong_tuan, tiet_bat_dau, tiet_ket_thuc, phong_hoc) VALUES ('24200275', 'QHQT_2_MH3', 'GV0048', 'HK1', 2024, 'DHTH5', 6, 1, 3, 'A101');
INSERT INTO lop_hoc_phan (ma_lop_hoc_phan, ma_mon_hoc, ma_giang_vien, hoc_ky, nam_hoc, lop_hoc, thu_trong_tuan, tiet_bat_dau, tiet_ket_thuc, phong_hoc) VALUES ('24300276', 'QHQT_2_MH3', 'GV0043', 'HK1', 2024, 'DHTH5', 6, 1, 3, 'A101');
INSERT INTO lop_hoc_phan (ma_lop_hoc_phan, ma_mon_hoc, ma_giang_vien, hoc_ky, nam_hoc, lop_hoc, thu_trong_tuan, tiet_bat_dau, tiet_ket_thuc, phong_hoc) VALUES ('24200277', 'QHQT_2_MH3', 'GV0093', 'HK1', 2024, 'DHTH4', 6, 1, 3, 'A101');
INSERT INTO lop_hoc_phan (ma_lop_hoc_phan, ma_mon_hoc, ma_giang_vien, hoc_ky, nam_hoc, lop_hoc, thu_trong_tuan, tiet_bat_dau, tiet_ket_thuc, phong_hoc) VALUES ('24200278', 'QHQT_2_MH3', 'GV0024', 'HK1', 2024, 'DHTH2', 4, 1, 3, 'A101');
INSERT INTO lop_hoc_phan (ma_lop_hoc_phan, ma_mon_hoc, ma_giang_vien, hoc_ky, nam_hoc, lop_hoc, thu_trong_tuan, tiet_bat_dau, tiet_ket_thuc, phong_hoc) VALUES ('24100279', 'QHQT_2_MH3', 'GV0054', 'HK1', 2024, 'DHTH9', 2, 1, 3, 'A101');
INSERT INTO lop_hoc_phan (ma_lop_hoc_phan, ma_mon_hoc, ma_giang_vien, hoc_ky, nam_hoc, lop_hoc, thu_trong_tuan, tiet_bat_dau, tiet_ket_thuc, phong_hoc) VALUES ('24200280', 'QHQT_2_MH3', 'GV0086', 'HK1', 2024, 'DHTH4', 2, 1, 3, 'A101');
INSERT INTO mon_hoc (ma_mon_hoc, ten_mon_hoc, tin_chi_ly_thuyet, tin_chi_thuc_hanh, loai_mon) VALUES ('QHQT_2_MH4', 'Môn học 4 - QHQT2', 2, 0, 'ly_thuyet');
INSERT INTO mon_hoc_nganh (ma_mon_hoc, ma_nganh, ma_chuyen_nganh, la_chuyen_nganh, nam_ap_dung) VALUES ('QHQT_2_MH4', 'QHQT', 'QHQT2', TRUE, 2024);
INSERT INTO lop_hoc_phan (ma_lop_hoc_phan, ma_mon_hoc, ma_giang_vien, hoc_ky, nam_hoc, lop_hoc, thu_trong_tuan, tiet_bat_dau, tiet_ket_thuc, phong_hoc) VALUES ('24200281', 'QHQT_2_MH4', 'GV0051', 'HK1', 2024, 'DHTH1', 4, 1, 3, 'A101');
INSERT INTO lop_hoc_phan (ma_lop_hoc_phan, ma_mon_hoc, ma_giang_vien, hoc_ky, nam_hoc, lop_hoc, thu_trong_tuan, tiet_bat_dau, tiet_ket_thuc, phong_hoc) VALUES ('24100282', 'QHQT_2_MH4', 'GV0098', 'HK1', 2024, 'DHTH8', 6, 1, 3, 'A101');
INSERT INTO lop_hoc_phan (ma_lop_hoc_phan, ma_mon_hoc, ma_giang_vien, hoc_ky, nam_hoc, lop_hoc, thu_trong_tuan, tiet_bat_dau, tiet_ket_thuc, phong_hoc) VALUES ('24200283', 'QHQT_2_MH4', 'GV0022', 'HK1', 2024, 'DHTH5', 2, 1, 3, 'A101');
INSERT INTO lop_hoc_phan (ma_lop_hoc_phan, ma_mon_hoc, ma_giang_vien, hoc_ky, nam_hoc, lop_hoc, thu_trong_tuan, tiet_bat_dau, tiet_ket_thuc, phong_hoc) VALUES ('24300284', 'QHQT_2_MH4', 'GV0025', 'HK1', 2024, 'DHTH6', 5, 1, 3, 'A101');
INSERT INTO lop_hoc_phan (ma_lop_hoc_phan, ma_mon_hoc, ma_giang_vien, hoc_ky, nam_hoc, lop_hoc, thu_trong_tuan, tiet_bat_dau, tiet_ket_thuc, phong_hoc) VALUES ('24100285', 'QHQT_2_MH4', 'GV0089', 'HK1', 2024, 'DHTH3', 3, 1, 3, 'A101');
INSERT INTO lop_hoc_phan (ma_lop_hoc_phan, ma_mon_hoc, ma_giang_vien, hoc_ky, nam_hoc, lop_hoc, thu_trong_tuan, tiet_bat_dau, tiet_ket_thuc, phong_hoc) VALUES ('24300286', 'QHQT_2_MH4', 'GV0096', 'HK1', 2024, 'DHTH10', 2, 1, 3, 'A101');
INSERT INTO lop_hoc_phan (ma_lop_hoc_phan, ma_mon_hoc, ma_giang_vien, hoc_ky, nam_hoc, lop_hoc, thu_trong_tuan, tiet_bat_dau, tiet_ket_thuc, phong_hoc) VALUES ('24200287', 'QHQT_2_MH4', 'GV0014', 'HK1', 2024, 'DHTH8', 6, 1, 3, 'A101');
INSERT INTO lop_hoc_phan (ma_lop_hoc_phan, ma_mon_hoc, ma_giang_vien, hoc_ky, nam_hoc, lop_hoc, thu_trong_tuan, tiet_bat_dau, tiet_ket_thuc, phong_hoc) VALUES ('24100288', 'QHQT_2_MH4', 'GV0007', 'HK1', 2024, 'DHTH7', 5, 1, 3, 'A101');
INSERT INTO lop_hoc_phan (ma_lop_hoc_phan, ma_mon_hoc, ma_giang_vien, hoc_ky, nam_hoc, lop_hoc, thu_trong_tuan, tiet_bat_dau, tiet_ket_thuc, phong_hoc) VALUES ('24300289', 'QHQT_2_MH4', 'GV0094', 'HK1', 2024, 'DHTH9', 3, 1, 3, 'A101');
INSERT INTO lop_hoc_phan (ma_lop_hoc_phan, ma_mon_hoc, ma_giang_vien, hoc_ky, nam_hoc, lop_hoc, thu_trong_tuan, tiet_bat_dau, tiet_ket_thuc, phong_hoc) VALUES ('24300290', 'QHQT_2_MH4', 'GV0074', 'HK1', 2024, 'DHTH5', 6, 1, 3, 'A101');
INSERT INTO mon_hoc (ma_mon_hoc, ten_mon_hoc, tin_chi_ly_thuyet, tin_chi_thuc_hanh, loai_mon) VALUES ('QHQT_2_MH5', 'Môn học 5 - QHQT2', 2, 0, 'ly_thuyet');
INSERT INTO mon_hoc_nganh (ma_mon_hoc, ma_nganh, ma_chuyen_nganh, la_chuyen_nganh, nam_ap_dung) VALUES ('QHQT_2_MH5', 'QHQT', 'QHQT2', TRUE, 2024);
INSERT INTO lop_hoc_phan (ma_lop_hoc_phan, ma_mon_hoc, ma_giang_vien, hoc_ky, nam_hoc, lop_hoc, thu_trong_tuan, tiet_bat_dau, tiet_ket_thuc, phong_hoc) VALUES ('24200291', 'QHQT_2_MH5', 'GV0010', 'HK1', 2024, 'DHTH3', 2, 1, 3, 'A101');
INSERT INTO lop_hoc_phan (ma_lop_hoc_phan, ma_mon_hoc, ma_giang_vien, hoc_ky, nam_hoc, lop_hoc, thu_trong_tuan, tiet_bat_dau, tiet_ket_thuc, phong_hoc) VALUES ('24200292', 'QHQT_2_MH5', 'GV0044', 'HK1', 2024, 'DHTH1', 2, 1, 3, 'A101');
INSERT INTO lop_hoc_phan (ma_lop_hoc_phan, ma_mon_hoc, ma_giang_vien, hoc_ky, nam_hoc, lop_hoc, thu_trong_tuan, tiet_bat_dau, tiet_ket_thuc, phong_hoc) VALUES ('24100293', 'QHQT_2_MH5', 'GV0020', 'HK1', 2024, 'DHTH4', 4, 1, 3, 'A101');
INSERT INTO lop_hoc_phan (ma_lop_hoc_phan, ma_mon_hoc, ma_giang_vien, hoc_ky, nam_hoc, lop_hoc, thu_trong_tuan, tiet_bat_dau, tiet_ket_thuc, phong_hoc) VALUES ('24100294', 'QHQT_2_MH5', 'GV0030', 'HK1', 2024, 'DHTH1', 6, 1, 3, 'A101');
INSERT INTO lop_hoc_phan (ma_lop_hoc_phan, ma_mon_hoc, ma_giang_vien, hoc_ky, nam_hoc, lop_hoc, thu_trong_tuan, tiet_bat_dau, tiet_ket_thuc, phong_hoc) VALUES ('24100295', 'QHQT_2_MH5', 'GV0046', 'HK1', 2024, 'DHTH10', 2, 1, 3, 'A101');
INSERT INTO lop_hoc_phan (ma_lop_hoc_phan, ma_mon_hoc, ma_giang_vien, hoc_ky, nam_hoc, lop_hoc, thu_trong_tuan, tiet_bat_dau, tiet_ket_thuc, phong_hoc) VALUES ('24100296', 'QHQT_2_MH5', 'GV0003', 'HK1', 2024, 'DHTH8', 6, 1, 3, 'A101');
INSERT INTO lop_hoc_phan (ma_lop_hoc_phan, ma_mon_hoc, ma_giang_vien, hoc_ky, nam_hoc, lop_hoc, thu_trong_tuan, tiet_bat_dau, tiet_ket_thuc, phong_hoc) VALUES ('24300297', 'QHQT_2_MH5', 'GV0059', 'HK1', 2024, 'DHTH10', 6, 1, 3, 'A101');
INSERT INTO lop_hoc_phan (ma_lop_hoc_phan, ma_mon_hoc, ma_giang_vien, hoc_ky, nam_hoc, lop_hoc, thu_trong_tuan, tiet_bat_dau, tiet_ket_thuc, phong_hoc) VALUES ('24200298', 'QHQT_2_MH5', 'GV0081', 'HK1', 2024, 'DHTH6', 5, 1, 3, 'A101');
INSERT INTO lop_hoc_phan (ma_lop_hoc_phan, ma_mon_hoc, ma_giang_vien, hoc_ky, nam_hoc, lop_hoc, thu_trong_tuan, tiet_bat_dau, tiet_ket_thuc, phong_hoc) VALUES ('24100299', 'QHQT_2_MH5', 'GV0072', 'HK1', 2024, 'DHTH5', 5, 1, 3, 'A101');
INSERT INTO lop_hoc_phan (ma_lop_hoc_phan, ma_mon_hoc, ma_giang_vien, hoc_ky, nam_hoc, lop_hoc, thu_trong_tuan, tiet_bat_dau, tiet_ket_thuc, phong_hoc) VALUES ('24200300', 'QHQT_2_MH5', 'GV0003', 'HK1', 2024, 'DHTH2', 2, 1, 3, 'A101');
INSERT INTO mon_hoc (ma_mon_hoc, ten_mon_hoc, tin_chi_ly_thuyet, tin_chi_thuc_hanh, loai_mon) VALUES ('NNTQ_1_MH1', 'Môn học 1 - NNTQ1', 2, 0, 'ly_thuyet');
INSERT INTO mon_hoc_nganh (ma_mon_hoc, ma_nganh, ma_chuyen_nganh, la_chuyen_nganh, nam_ap_dung) VALUES ('NNTQ_1_MH1', 'NNTQ', 'NNTQ1', TRUE, 2024);
INSERT INTO lop_hoc_phan (ma_lop_hoc_phan, ma_mon_hoc, ma_giang_vien, hoc_ky, nam_hoc, lop_hoc, thu_trong_tuan, tiet_bat_dau, tiet_ket_thuc, phong_hoc) VALUES ('24100301', 'NNTQ_1_MH1', 'GV0093', 'HK1', 2024, 'DHTH7', 6, 1, 3, 'A101');
INSERT INTO lop_hoc_phan (ma_lop_hoc_phan, ma_mon_hoc, ma_giang_vien, hoc_ky, nam_hoc, lop_hoc, thu_trong_tuan, tiet_bat_dau, tiet_ket_thuc, phong_hoc) VALUES ('24200302', 'NNTQ_1_MH1', 'GV0008', 'HK1', 2024, 'DHTH3', 6, 1, 3, 'A101');
INSERT INTO lop_hoc_phan (ma_lop_hoc_phan, ma_mon_hoc, ma_giang_vien, hoc_ky, nam_hoc, lop_hoc, thu_trong_tuan, tiet_bat_dau, tiet_ket_thuc, phong_hoc) VALUES ('24200303', 'NNTQ_1_MH1', 'GV0064', 'HK1', 2024, 'DHTH7', 3, 1, 3, 'A101');
INSERT INTO lop_hoc_phan (ma_lop_hoc_phan, ma_mon_hoc, ma_giang_vien, hoc_ky, nam_hoc, lop_hoc, thu_trong_tuan, tiet_bat_dau, tiet_ket_thuc, phong_hoc) VALUES ('24300304', 'NNTQ_1_MH1', 'GV0020', 'HK1', 2024, 'DHTH3', 5, 1, 3, 'A101');
INSERT INTO lop_hoc_phan (ma_lop_hoc_phan, ma_mon_hoc, ma_giang_vien, hoc_ky, nam_hoc, lop_hoc, thu_trong_tuan, tiet_bat_dau, tiet_ket_thuc, phong_hoc) VALUES ('24300305', 'NNTQ_1_MH1', 'GV0092', 'HK1', 2024, 'DHTH9', 6, 1, 3, 'A101');
INSERT INTO lop_hoc_phan (ma_lop_hoc_phan, ma_mon_hoc, ma_giang_vien, hoc_ky, nam_hoc, lop_hoc, thu_trong_tuan, tiet_bat_dau, tiet_ket_thuc, phong_hoc) VALUES ('24300306', 'NNTQ_1_MH1', 'GV0026', 'HK1', 2024, 'DHTH7', 2, 1, 3, 'A101');
INSERT INTO lop_hoc_phan (ma_lop_hoc_phan, ma_mon_hoc, ma_giang_vien, hoc_ky, nam_hoc, lop_hoc, thu_trong_tuan, tiet_bat_dau, tiet_ket_thuc, phong_hoc) VALUES ('24200307', 'NNTQ_1_MH1', 'GV0066', 'HK1', 2024, 'DHTH2', 3, 1, 3, 'A101');
INSERT INTO lop_hoc_phan (ma_lop_hoc_phan, ma_mon_hoc, ma_giang_vien, hoc_ky, nam_hoc, lop_hoc, thu_trong_tuan, tiet_bat_dau, tiet_ket_thuc, phong_hoc) VALUES ('24100308', 'NNTQ_1_MH1', 'GV0068', 'HK1', 2024, 'DHTH6', 4, 1, 3, 'A101');
INSERT INTO lop_hoc_phan (ma_lop_hoc_phan, ma_mon_hoc, ma_giang_vien, hoc_ky, nam_hoc, lop_hoc, thu_trong_tuan, tiet_bat_dau, tiet_ket_thuc, phong_hoc) VALUES ('24200309', 'NNTQ_1_MH1', 'GV0040', 'HK1', 2024, 'DHTH2', 4, 1, 3, 'A101');
INSERT INTO lop_hoc_phan (ma_lop_hoc_phan, ma_mon_hoc, ma_giang_vien, hoc_ky, nam_hoc, lop_hoc, thu_trong_tuan, tiet_bat_dau, tiet_ket_thuc, phong_hoc) VALUES ('24200310', 'NNTQ_1_MH1', 'GV0087', 'HK1', 2024, 'DHTH4', 5, 1, 3, 'A101');
INSERT INTO mon_hoc (ma_mon_hoc, ten_mon_hoc, tin_chi_ly_thuyet, tin_chi_thuc_hanh, loai_mon) VALUES ('NNTQ_1_MH2', 'Môn học 2 - NNTQ1', 2, 0, 'ly_thuyet');
INSERT INTO mon_hoc_nganh (ma_mon_hoc, ma_nganh, ma_chuyen_nganh, la_chuyen_nganh, nam_ap_dung) VALUES ('NNTQ_1_MH2', 'NNTQ', 'NNTQ1', TRUE, 2024);
INSERT INTO lop_hoc_phan (ma_lop_hoc_phan, ma_mon_hoc, ma_giang_vien, hoc_ky, nam_hoc, lop_hoc, thu_trong_tuan, tiet_bat_dau, tiet_ket_thuc, phong_hoc) VALUES ('24100311', 'NNTQ_1_MH2', 'GV0041', 'HK1', 2024, 'DHTH4', 4, 1, 3, 'A101');
INSERT INTO lop_hoc_phan (ma_lop_hoc_phan, ma_mon_hoc, ma_giang_vien, hoc_ky, nam_hoc, lop_hoc, thu_trong_tuan, tiet_bat_dau, tiet_ket_thuc, phong_hoc) VALUES ('24200312', 'NNTQ_1_MH2', 'GV0038', 'HK1', 2024, 'DHTH8', 6, 1, 3, 'A101');
INSERT INTO lop_hoc_phan (ma_lop_hoc_phan, ma_mon_hoc, ma_giang_vien, hoc_ky, nam_hoc, lop_hoc, thu_trong_tuan, tiet_bat_dau, tiet_ket_thuc, phong_hoc) VALUES ('24100313', 'NNTQ_1_MH2', 'GV0071', 'HK1', 2024, 'DHTH2', 5, 1, 3, 'A101');
INSERT INTO lop_hoc_phan (ma_lop_hoc_phan, ma_mon_hoc, ma_giang_vien, hoc_ky, nam_hoc, lop_hoc, thu_trong_tuan, tiet_bat_dau, tiet_ket_thuc, phong_hoc) VALUES ('24200314', 'NNTQ_1_MH2', 'GV0091', 'HK1', 2024, 'DHTH1', 6, 1, 3, 'A101');
INSERT INTO lop_hoc_phan (ma_lop_hoc_phan, ma_mon_hoc, ma_giang_vien, hoc_ky, nam_hoc, lop_hoc, thu_trong_tuan, tiet_bat_dau, tiet_ket_thuc, phong_hoc) VALUES ('24200315', 'NNTQ_1_MH2', 'GV0001', 'HK1', 2024, 'DHTH1', 6, 1, 3, 'A101');
INSERT INTO lop_hoc_phan (ma_lop_hoc_phan, ma_mon_hoc, ma_giang_vien, hoc_ky, nam_hoc, lop_hoc, thu_trong_tuan, tiet_bat_dau, tiet_ket_thuc, phong_hoc) VALUES ('24300316', 'NNTQ_1_MH2', 'GV0038', 'HK1', 2024, 'DHTH6', 4, 1, 3, 'A101');
INSERT INTO lop_hoc_phan (ma_lop_hoc_phan, ma_mon_hoc, ma_giang_vien, hoc_ky, nam_hoc, lop_hoc, thu_trong_tuan, tiet_bat_dau, tiet_ket_thuc, phong_hoc) VALUES ('24200317', 'NNTQ_1_MH2', 'GV0010', 'HK1', 2024, 'DHTH4', 6, 1, 3, 'A101');
INSERT INTO lop_hoc_phan (ma_lop_hoc_phan, ma_mon_hoc, ma_giang_vien, hoc_ky, nam_hoc, lop_hoc, thu_trong_tuan, tiet_bat_dau, tiet_ket_thuc, phong_hoc) VALUES ('24100318', 'NNTQ_1_MH2', 'GV0023', 'HK1', 2024, 'DHTH4', 2, 1, 3, 'A101');
INSERT INTO lop_hoc_phan (ma_lop_hoc_phan, ma_mon_hoc, ma_giang_vien, hoc_ky, nam_hoc, lop_hoc, thu_trong_tuan, tiet_bat_dau, tiet_ket_thuc, phong_hoc) VALUES ('24100319', 'NNTQ_1_MH2', 'GV0060', 'HK1', 2024, 'DHTH10', 6, 1, 3, 'A101');
INSERT INTO lop_hoc_phan (ma_lop_hoc_phan, ma_mon_hoc, ma_giang_vien, hoc_ky, nam_hoc, lop_hoc, thu_trong_tuan, tiet_bat_dau, tiet_ket_thuc, phong_hoc) VALUES ('24100320', 'NNTQ_1_MH2', 'GV0034', 'HK1', 2024, 'DHTH3', 3, 1, 3, 'A101');
INSERT INTO mon_hoc (ma_mon_hoc, ten_mon_hoc, tin_chi_ly_thuyet, tin_chi_thuc_hanh, loai_mon) VALUES ('NNTQ_1_MH3', 'Môn học 3 - NNTQ1', 2, 0, 'ly_thuyet');
INSERT INTO mon_hoc_nganh (ma_mon_hoc, ma_nganh, ma_chuyen_nganh, la_chuyen_nganh, nam_ap_dung) VALUES ('NNTQ_1_MH3', 'NNTQ', 'NNTQ1', TRUE, 2024);
INSERT INTO lop_hoc_phan (ma_lop_hoc_phan, ma_mon_hoc, ma_giang_vien, hoc_ky, nam_hoc, lop_hoc, thu_trong_tuan, tiet_bat_dau, tiet_ket_thuc, phong_hoc) VALUES ('24100321', 'NNTQ_1_MH3', 'GV0083', 'HK1', 2024, 'DHTH2', 3, 1, 3, 'A101');
INSERT INTO lop_hoc_phan (ma_lop_hoc_phan, ma_mon_hoc, ma_giang_vien, hoc_ky, nam_hoc, lop_hoc, thu_trong_tuan, tiet_bat_dau, tiet_ket_thuc, phong_hoc) VALUES ('24100322', 'NNTQ_1_MH3', 'GV0024', 'HK1', 2024, 'DHTH7', 5, 1, 3, 'A101');
INSERT INTO lop_hoc_phan (ma_lop_hoc_phan, ma_mon_hoc, ma_giang_vien, hoc_ky, nam_hoc, lop_hoc, thu_trong_tuan, tiet_bat_dau, tiet_ket_thuc, phong_hoc) VALUES ('24200323', 'NNTQ_1_MH3', 'GV0093', 'HK1', 2024, 'DHTH8', 5, 1, 3, 'A101');
INSERT INTO lop_hoc_phan (ma_lop_hoc_phan, ma_mon_hoc, ma_giang_vien, hoc_ky, nam_hoc, lop_hoc, thu_trong_tuan, tiet_bat_dau, tiet_ket_thuc, phong_hoc) VALUES ('24300324', 'NNTQ_1_MH3', 'GV0056', 'HK1', 2024, 'DHTH2', 4, 1, 3, 'A101');
INSERT INTO lop_hoc_phan (ma_lop_hoc_phan, ma_mon_hoc, ma_giang_vien, hoc_ky, nam_hoc, lop_hoc, thu_trong_tuan, tiet_bat_dau, tiet_ket_thuc, phong_hoc) VALUES ('24100325', 'NNTQ_1_MH3', 'GV0044', 'HK1', 2024, 'DHTH7', 3, 1, 3, 'A101');
INSERT INTO lop_hoc_phan (ma_lop_hoc_phan, ma_mon_hoc, ma_giang_vien, hoc_ky, nam_hoc, lop_hoc, thu_trong_tuan, tiet_bat_dau, tiet_ket_thuc, phong_hoc) VALUES ('24200326', 'NNTQ_1_MH3', 'GV0096', 'HK1', 2024, 'DHTH3', 3, 1, 3, 'A101');
INSERT INTO lop_hoc_phan (ma_lop_hoc_phan, ma_mon_hoc, ma_giang_vien, hoc_ky, nam_hoc, lop_hoc, thu_trong_tuan, tiet_bat_dau, tiet_ket_thuc, phong_hoc) VALUES ('24200327', 'NNTQ_1_MH3', 'GV0045', 'HK1', 2024, 'DHTH4', 2, 1, 3, 'A101');
INSERT INTO lop_hoc_phan (ma_lop_hoc_phan, ma_mon_hoc, ma_giang_vien, hoc_ky, nam_hoc, lop_hoc, thu_trong_tuan, tiet_bat_dau, tiet_ket_thuc, phong_hoc) VALUES ('24200328', 'NNTQ_1_MH3', 'GV0094', 'HK1', 2024, 'DHTH5', 2, 1, 3, 'A101');
INSERT INTO lop_hoc_phan (ma_lop_hoc_phan, ma_mon_hoc, ma_giang_vien, hoc_ky, nam_hoc, lop_hoc, thu_trong_tuan, tiet_bat_dau, tiet_ket_thuc, phong_hoc) VALUES ('24100329', 'NNTQ_1_MH3', 'GV0060', 'HK1', 2024, 'DHTH8', 5, 1, 3, 'A101');
INSERT INTO lop_hoc_phan (ma_lop_hoc_phan, ma_mon_hoc, ma_giang_vien, hoc_ky, nam_hoc, lop_hoc, thu_trong_tuan, tiet_bat_dau, tiet_ket_thuc, phong_hoc) VALUES ('24100330', 'NNTQ_1_MH3', 'GV0069', 'HK1', 2024, 'DHTH7', 5, 1, 3, 'A101');
INSERT INTO mon_hoc (ma_mon_hoc, ten_mon_hoc, tin_chi_ly_thuyet, tin_chi_thuc_hanh, loai_mon) VALUES ('NNTQ_1_MH4', 'Môn học 4 - NNTQ1', 2, 0, 'ly_thuyet');
INSERT INTO mon_hoc_nganh (ma_mon_hoc, ma_nganh, ma_chuyen_nganh, la_chuyen_nganh, nam_ap_dung) VALUES ('NNTQ_1_MH4', 'NNTQ', 'NNTQ1', TRUE, 2024);
INSERT INTO lop_hoc_phan (ma_lop_hoc_phan, ma_mon_hoc, ma_giang_vien, hoc_ky, nam_hoc, lop_hoc, thu_trong_tuan, tiet_bat_dau, tiet_ket_thuc, phong_hoc) VALUES ('24200331', 'NNTQ_1_MH4', 'GV0042', 'HK1', 2024, 'DHTH9', 5, 1, 3, 'A101');
INSERT INTO lop_hoc_phan (ma_lop_hoc_phan, ma_mon_hoc, ma_giang_vien, hoc_ky, nam_hoc, lop_hoc, thu_trong_tuan, tiet_bat_dau, tiet_ket_thuc, phong_hoc) VALUES ('24200332', 'NNTQ_1_MH4', 'GV0035', 'HK1', 2024, 'DHTH4', 4, 1, 3, 'A101');
INSERT INTO lop_hoc_phan (ma_lop_hoc_phan, ma_mon_hoc, ma_giang_vien, hoc_ky, nam_hoc, lop_hoc, thu_trong_tuan, tiet_bat_dau, tiet_ket_thuc, phong_hoc) VALUES ('24100333', 'NNTQ_1_MH4', 'GV0099', 'HK1', 2024, 'DHTH9', 3, 1, 3, 'A101');
INSERT INTO lop_hoc_phan (ma_lop_hoc_phan, ma_mon_hoc, ma_giang_vien, hoc_ky, nam_hoc, lop_hoc, thu_trong_tuan, tiet_bat_dau, tiet_ket_thuc, phong_hoc) VALUES ('24100334', 'NNTQ_1_MH4', 'GV0064', 'HK1', 2024, 'DHTH10', 6, 1, 3, 'A101');
INSERT INTO lop_hoc_phan (ma_lop_hoc_phan, ma_mon_hoc, ma_giang_vien, hoc_ky, nam_hoc, lop_hoc, thu_trong_tuan, tiet_bat_dau, tiet_ket_thuc, phong_hoc) VALUES ('24200335', 'NNTQ_1_MH4', 'GV0005', 'HK1', 2024, 'DHTH2', 6, 1, 3, 'A101');
INSERT INTO lop_hoc_phan (ma_lop_hoc_phan, ma_mon_hoc, ma_giang_vien, hoc_ky, nam_hoc, lop_hoc, thu_trong_tuan, tiet_bat_dau, tiet_ket_thuc, phong_hoc) VALUES ('24300336', 'NNTQ_1_MH4', 'GV0087', 'HK1', 2024, 'DHTH7', 5, 1, 3, 'A101');
INSERT INTO lop_hoc_phan (ma_lop_hoc_phan, ma_mon_hoc, ma_giang_vien, hoc_ky, nam_hoc, lop_hoc, thu_trong_tuan, tiet_bat_dau, tiet_ket_thuc, phong_hoc) VALUES ('24100337', 'NNTQ_1_MH4', 'GV0020', 'HK1', 2024, 'DHTH7', 5, 1, 3, 'A101');
INSERT INTO lop_hoc_phan (ma_lop_hoc_phan, ma_mon_hoc, ma_giang_vien, hoc_ky, nam_hoc, lop_hoc, thu_trong_tuan, tiet_bat_dau, tiet_ket_thuc, phong_hoc) VALUES ('24300338', 'NNTQ_1_MH4', 'GV0096', 'HK1', 2024, 'DHTH10', 5, 1, 3, 'A101');
INSERT INTO lop_hoc_phan (ma_lop_hoc_phan, ma_mon_hoc, ma_giang_vien, hoc_ky, nam_hoc, lop_hoc, thu_trong_tuan, tiet_bat_dau, tiet_ket_thuc, phong_hoc) VALUES ('24100339', 'NNTQ_1_MH4', 'GV0082', 'HK1', 2024, 'DHTH4', 5, 1, 3, 'A101');
INSERT INTO lop_hoc_phan (ma_lop_hoc_phan, ma_mon_hoc, ma_giang_vien, hoc_ky, nam_hoc, lop_hoc, thu_trong_tuan, tiet_bat_dau, tiet_ket_thuc, phong_hoc) VALUES ('24200340', 'NNTQ_1_MH4', 'GV0012', 'HK1', 2024, 'DHTH10', 5, 1, 3, 'A101');
INSERT INTO mon_hoc (ma_mon_hoc, ten_mon_hoc, tin_chi_ly_thuyet, tin_chi_thuc_hanh, loai_mon) VALUES ('NNTQ_1_MH5', 'Môn học 5 - NNTQ1', 2, 0, 'ly_thuyet');
INSERT INTO mon_hoc_nganh (ma_mon_hoc, ma_nganh, ma_chuyen_nganh, la_chuyen_nganh, nam_ap_dung) VALUES ('NNTQ_1_MH5', 'NNTQ', 'NNTQ1', TRUE, 2024);
INSERT INTO lop_hoc_phan (ma_lop_hoc_phan, ma_mon_hoc, ma_giang_vien, hoc_ky, nam_hoc, lop_hoc, thu_trong_tuan, tiet_bat_dau, tiet_ket_thuc, phong_hoc) VALUES ('24300341', 'NNTQ_1_MH5', 'GV0071', 'HK1', 2024, 'DHTH5', 2, 1, 3, 'A101');
INSERT INTO lop_hoc_phan (ma_lop_hoc_phan, ma_mon_hoc, ma_giang_vien, hoc_ky, nam_hoc, lop_hoc, thu_trong_tuan, tiet_bat_dau, tiet_ket_thuc, phong_hoc) VALUES ('24200342', 'NNTQ_1_MH5', 'GV0075', 'HK1', 2024, 'DHTH2', 2, 1, 3, 'A101');
INSERT INTO lop_hoc_phan (ma_lop_hoc_phan, ma_mon_hoc, ma_giang_vien, hoc_ky, nam_hoc, lop_hoc, thu_trong_tuan, tiet_bat_dau, tiet_ket_thuc, phong_hoc) VALUES ('24100343', 'NNTQ_1_MH5', 'GV0075', 'HK1', 2024, 'DHTH9', 3, 1, 3, 'A101');
INSERT INTO lop_hoc_phan (ma_lop_hoc_phan, ma_mon_hoc, ma_giang_vien, hoc_ky, nam_hoc, lop_hoc, thu_trong_tuan, tiet_bat_dau, tiet_ket_thuc, phong_hoc) VALUES ('24200344', 'NNTQ_1_MH5', 'GV0021', 'HK1', 2024, 'DHTH8', 5, 1, 3, 'A101');
INSERT INTO lop_hoc_phan (ma_lop_hoc_phan, ma_mon_hoc, ma_giang_vien, hoc_ky, nam_hoc, lop_hoc, thu_trong_tuan, tiet_bat_dau, tiet_ket_thuc, phong_hoc) VALUES ('24300345', 'NNTQ_1_MH5', 'GV0100', 'HK1', 2024, 'DHTH9', 4, 1, 3, 'A101');
INSERT INTO lop_hoc_phan (ma_lop_hoc_phan, ma_mon_hoc, ma_giang_vien, hoc_ky, nam_hoc, lop_hoc, thu_trong_tuan, tiet_bat_dau, tiet_ket_thuc, phong_hoc) VALUES ('24100346', 'NNTQ_1_MH5', 'GV0073', 'HK1', 2024, 'DHTH10', 5, 1, 3, 'A101');
INSERT INTO lop_hoc_phan (ma_lop_hoc_phan, ma_mon_hoc, ma_giang_vien, hoc_ky, nam_hoc, lop_hoc, thu_trong_tuan, tiet_bat_dau, tiet_ket_thuc, phong_hoc) VALUES ('24100347', 'NNTQ_1_MH5', 'GV0061', 'HK1', 2024, 'DHTH5', 2, 1, 3, 'A101');
INSERT INTO lop_hoc_phan (ma_lop_hoc_phan, ma_mon_hoc, ma_giang_vien, hoc_ky, nam_hoc, lop_hoc, thu_trong_tuan, tiet_bat_dau, tiet_ket_thuc, phong_hoc) VALUES ('24100348', 'NNTQ_1_MH5', 'GV0040', 'HK1', 2024, 'DHTH6', 5, 1, 3, 'A101');
INSERT INTO lop_hoc_phan (ma_lop_hoc_phan, ma_mon_hoc, ma_giang_vien, hoc_ky, nam_hoc, lop_hoc, thu_trong_tuan, tiet_bat_dau, tiet_ket_thuc, phong_hoc) VALUES ('24300349', 'NNTQ_1_MH5', 'GV0076', 'HK1', 2024, 'DHTH6', 5, 1, 3, 'A101');
INSERT INTO lop_hoc_phan (ma_lop_hoc_phan, ma_mon_hoc, ma_giang_vien, hoc_ky, nam_hoc, lop_hoc, thu_trong_tuan, tiet_bat_dau, tiet_ket_thuc, phong_hoc) VALUES ('24100350', 'NNTQ_1_MH5', 'GV0093', 'HK1', 2024, 'DHTH5', 3, 1, 3, 'A101');
INSERT INTO mon_hoc (ma_mon_hoc, ten_mon_hoc, tin_chi_ly_thuyet, tin_chi_thuc_hanh, loai_mon) VALUES ('NNTQ_2_MH1', 'Môn học 1 - NNTQ2', 2, 0, 'ly_thuyet');
INSERT INTO mon_hoc_nganh (ma_mon_hoc, ma_nganh, ma_chuyen_nganh, la_chuyen_nganh, nam_ap_dung) VALUES ('NNTQ_2_MH1', 'NNTQ', 'NNTQ2', TRUE, 2024);
INSERT INTO lop_hoc_phan (ma_lop_hoc_phan, ma_mon_hoc, ma_giang_vien, hoc_ky, nam_hoc, lop_hoc, thu_trong_tuan, tiet_bat_dau, tiet_ket_thuc, phong_hoc) VALUES ('24100351', 'NNTQ_2_MH1', 'GV0043', 'HK1', 2024, 'DHTH10', 4, 1, 3, 'A101');
INSERT INTO lop_hoc_phan (ma_lop_hoc_phan, ma_mon_hoc, ma_giang_vien, hoc_ky, nam_hoc, lop_hoc, thu_trong_tuan, tiet_bat_dau, tiet_ket_thuc, phong_hoc) VALUES ('24300352', 'NNTQ_2_MH1', 'GV0088', 'HK1', 2024, 'DHTH9', 3, 1, 3, 'A101');
INSERT INTO lop_hoc_phan (ma_lop_hoc_phan, ma_mon_hoc, ma_giang_vien, hoc_ky, nam_hoc, lop_hoc, thu_trong_tuan, tiet_bat_dau, tiet_ket_thuc, phong_hoc) VALUES ('24300353', 'NNTQ_2_MH1', 'GV0025', 'HK1', 2024, 'DHTH3', 5, 1, 3, 'A101');
INSERT INTO lop_hoc_phan (ma_lop_hoc_phan, ma_mon_hoc, ma_giang_vien, hoc_ky, nam_hoc, lop_hoc, thu_trong_tuan, tiet_bat_dau, tiet_ket_thuc, phong_hoc) VALUES ('24200354', 'NNTQ_2_MH1', 'GV0043', 'HK1', 2024, 'DHTH2', 4, 1, 3, 'A101');
INSERT INTO lop_hoc_phan (ma_lop_hoc_phan, ma_mon_hoc, ma_giang_vien, hoc_ky, nam_hoc, lop_hoc, thu_trong_tuan, tiet_bat_dau, tiet_ket_thuc, phong_hoc) VALUES ('24100355', 'NNTQ_2_MH1', 'GV0065', 'HK1', 2024, 'DHTH10', 4, 1, 3, 'A101');
INSERT INTO lop_hoc_phan (ma_lop_hoc_phan, ma_mon_hoc, ma_giang_vien, hoc_ky, nam_hoc, lop_hoc, thu_trong_tuan, tiet_bat_dau, tiet_ket_thuc, phong_hoc) VALUES ('24100356', 'NNTQ_2_MH1', 'GV0070', 'HK1', 2024, 'DHTH9', 6, 1, 3, 'A101');
INSERT INTO lop_hoc_phan (ma_lop_hoc_phan, ma_mon_hoc, ma_giang_vien, hoc_ky, nam_hoc, lop_hoc, thu_trong_tuan, tiet_bat_dau, tiet_ket_thuc, phong_hoc) VALUES ('24300357', 'NNTQ_2_MH1', 'GV0086', 'HK1', 2024, 'DHTH3', 3, 1, 3, 'A101');
INSERT INTO lop_hoc_phan (ma_lop_hoc_phan, ma_mon_hoc, ma_giang_vien, hoc_ky, nam_hoc, lop_hoc, thu_trong_tuan, tiet_bat_dau, tiet_ket_thuc, phong_hoc) VALUES ('24100358', 'NNTQ_2_MH1', 'GV0041', 'HK1', 2024, 'DHTH7', 3, 1, 3, 'A101');
INSERT INTO lop_hoc_phan (ma_lop_hoc_phan, ma_mon_hoc, ma_giang_vien, hoc_ky, nam_hoc, lop_hoc, thu_trong_tuan, tiet_bat_dau, tiet_ket_thuc, phong_hoc) VALUES ('24100359', 'NNTQ_2_MH1', 'GV0056', 'HK1', 2024, 'DHTH10', 6, 1, 3, 'A101');
INSERT INTO lop_hoc_phan (ma_lop_hoc_phan, ma_mon_hoc, ma_giang_vien, hoc_ky, nam_hoc, lop_hoc, thu_trong_tuan, tiet_bat_dau, tiet_ket_thuc, phong_hoc) VALUES ('24200360', 'NNTQ_2_MH1', 'GV0037', 'HK1', 2024, 'DHTH5', 5, 1, 3, 'A101');
INSERT INTO mon_hoc (ma_mon_hoc, ten_mon_hoc, tin_chi_ly_thuyet, tin_chi_thuc_hanh, loai_mon) VALUES ('NNTQ_2_MH2', 'Môn học 2 - NNTQ2', 2, 0, 'ly_thuyet');
INSERT INTO mon_hoc_nganh (ma_mon_hoc, ma_nganh, ma_chuyen_nganh, la_chuyen_nganh, nam_ap_dung) VALUES ('NNTQ_2_MH2', 'NNTQ', 'NNTQ2', TRUE, 2024);
INSERT INTO lop_hoc_phan (ma_lop_hoc_phan, ma_mon_hoc, ma_giang_vien, hoc_ky, nam_hoc, lop_hoc, thu_trong_tuan, tiet_bat_dau, tiet_ket_thuc, phong_hoc) VALUES ('24300361', 'NNTQ_2_MH2', 'GV0016', 'HK1', 2024, 'DHTH1', 2, 1, 3, 'A101');
INSERT INTO lop_hoc_phan (ma_lop_hoc_phan, ma_mon_hoc, ma_giang_vien, hoc_ky, nam_hoc, lop_hoc, thu_trong_tuan, tiet_bat_dau, tiet_ket_thuc, phong_hoc) VALUES ('24300362', 'NNTQ_2_MH2', 'GV0041', 'HK1', 2024, 'DHTH3', 5, 1, 3, 'A101');
INSERT INTO lop_hoc_phan (ma_lop_hoc_phan, ma_mon_hoc, ma_giang_vien, hoc_ky, nam_hoc, lop_hoc, thu_trong_tuan, tiet_bat_dau, tiet_ket_thuc, phong_hoc) VALUES ('24100363', 'NNTQ_2_MH2', 'GV0002', 'HK1', 2024, 'DHTH9', 4, 1, 3, 'A101');
INSERT INTO lop_hoc_phan (ma_lop_hoc_phan, ma_mon_hoc, ma_giang_vien, hoc_ky, nam_hoc, lop_hoc, thu_trong_tuan, tiet_bat_dau, tiet_ket_thuc, phong_hoc) VALUES ('24100364', 'NNTQ_2_MH2', 'GV0003', 'HK1', 2024, 'DHTH5', 6, 1, 3, 'A101');
INSERT INTO lop_hoc_phan (ma_lop_hoc_phan, ma_mon_hoc, ma_giang_vien, hoc_ky, nam_hoc, lop_hoc, thu_trong_tuan, tiet_bat_dau, tiet_ket_thuc, phong_hoc) VALUES ('24200365', 'NNTQ_2_MH2', 'GV0096', 'HK1', 2024, 'DHTH5', 2, 1, 3, 'A101');
INSERT INTO lop_hoc_phan (ma_lop_hoc_phan, ma_mon_hoc, ma_giang_vien, hoc_ky, nam_hoc, lop_hoc, thu_trong_tuan, tiet_bat_dau, tiet_ket_thuc, phong_hoc) VALUES ('24200366', 'NNTQ_2_MH2', 'GV0011', 'HK1', 2024, 'DHTH10', 6, 1, 3, 'A101');
INSERT INTO lop_hoc_phan (ma_lop_hoc_phan, ma_mon_hoc, ma_giang_vien, hoc_ky, nam_hoc, lop_hoc, thu_trong_tuan, tiet_bat_dau, tiet_ket_thuc, phong_hoc) VALUES ('24100367', 'NNTQ_2_MH2', 'GV0051', 'HK1', 2024, 'DHTH4', 2, 1, 3, 'A101');
INSERT INTO lop_hoc_phan (ma_lop_hoc_phan, ma_mon_hoc, ma_giang_vien, hoc_ky, nam_hoc, lop_hoc, thu_trong_tuan, tiet_bat_dau, tiet_ket_thuc, phong_hoc) VALUES ('24200368', 'NNTQ_2_MH2', 'GV0069', 'HK1', 2024, 'DHTH8', 3, 1, 3, 'A101');
INSERT INTO lop_hoc_phan (ma_lop_hoc_phan, ma_mon_hoc, ma_giang_vien, hoc_ky, nam_hoc, lop_hoc, thu_trong_tuan, tiet_bat_dau, tiet_ket_thuc, phong_hoc) VALUES ('24100369', 'NNTQ_2_MH2', 'GV0015', 'HK1', 2024, 'DHTH1', 4, 1, 3, 'A101');
INSERT INTO lop_hoc_phan (ma_lop_hoc_phan, ma_mon_hoc, ma_giang_vien, hoc_ky, nam_hoc, lop_hoc, thu_trong_tuan, tiet_bat_dau, tiet_ket_thuc, phong_hoc) VALUES ('24100370', 'NNTQ_2_MH2', 'GV0046', 'HK1', 2024, 'DHTH10', 5, 1, 3, 'A101');
INSERT INTO mon_hoc (ma_mon_hoc, ten_mon_hoc, tin_chi_ly_thuyet, tin_chi_thuc_hanh, loai_mon) VALUES ('NNTQ_2_MH3', 'Môn học 3 - NNTQ2', 2, 0, 'ly_thuyet');
INSERT INTO mon_hoc_nganh (ma_mon_hoc, ma_nganh, ma_chuyen_nganh, la_chuyen_nganh, nam_ap_dung) VALUES ('NNTQ_2_MH3', 'NNTQ', 'NNTQ2', TRUE, 2024);
INSERT INTO lop_hoc_phan (ma_lop_hoc_phan, ma_mon_hoc, ma_giang_vien, hoc_ky, nam_hoc, lop_hoc, thu_trong_tuan, tiet_bat_dau, tiet_ket_thuc, phong_hoc) VALUES ('24100371', 'NNTQ_2_MH3', 'GV0077', 'HK1', 2024, 'DHTH10', 3, 1, 3, 'A101');
INSERT INTO lop_hoc_phan (ma_lop_hoc_phan, ma_mon_hoc, ma_giang_vien, hoc_ky, nam_hoc, lop_hoc, thu_trong_tuan, tiet_bat_dau, tiet_ket_thuc, phong_hoc) VALUES ('24100372', 'NNTQ_2_MH3', 'GV0037', 'HK1', 2024, 'DHTH4', 4, 1, 3, 'A101');
INSERT INTO lop_hoc_phan (ma_lop_hoc_phan, ma_mon_hoc, ma_giang_vien, hoc_ky, nam_hoc, lop_hoc, thu_trong_tuan, tiet_bat_dau, tiet_ket_thuc, phong_hoc) VALUES ('24300373', 'NNTQ_2_MH3', 'GV0090', 'HK1', 2024, 'DHTH4', 5, 1, 3, 'A101');
INSERT INTO lop_hoc_phan (ma_lop_hoc_phan, ma_mon_hoc, ma_giang_vien, hoc_ky, nam_hoc, lop_hoc, thu_trong_tuan, tiet_bat_dau, tiet_ket_thuc, phong_hoc) VALUES ('24100374', 'NNTQ_2_MH3', 'GV0062', 'HK1', 2024, 'DHTH6', 3, 1, 3, 'A101');
INSERT INTO lop_hoc_phan (ma_lop_hoc_phan, ma_mon_hoc, ma_giang_vien, hoc_ky, nam_hoc, lop_hoc, thu_trong_tuan, tiet_bat_dau, tiet_ket_thuc, phong_hoc) VALUES ('24200375', 'NNTQ_2_MH3', 'GV0037', 'HK1', 2024, 'DHTH6', 2, 1, 3, 'A101');
INSERT INTO lop_hoc_phan (ma_lop_hoc_phan, ma_mon_hoc, ma_giang_vien, hoc_ky, nam_hoc, lop_hoc, thu_trong_tuan, tiet_bat_dau, tiet_ket_thuc, phong_hoc) VALUES ('24200376', 'NNTQ_2_MH3', 'GV0023', 'HK1', 2024, 'DHTH7', 5, 1, 3, 'A101');
INSERT INTO lop_hoc_phan (ma_lop_hoc_phan, ma_mon_hoc, ma_giang_vien, hoc_ky, nam_hoc, lop_hoc, thu_trong_tuan, tiet_bat_dau, tiet_ket_thuc, phong_hoc) VALUES ('24300377', 'NNTQ_2_MH3', 'GV0027', 'HK1', 2024, 'DHTH1', 4, 1, 3, 'A101');
INSERT INTO lop_hoc_phan (ma_lop_hoc_phan, ma_mon_hoc, ma_giang_vien, hoc_ky, nam_hoc, lop_hoc, thu_trong_tuan, tiet_bat_dau, tiet_ket_thuc, phong_hoc) VALUES ('24300378', 'NNTQ_2_MH3', 'GV0057', 'HK1', 2024, 'DHTH9', 6, 1, 3, 'A101');
INSERT INTO lop_hoc_phan (ma_lop_hoc_phan, ma_mon_hoc, ma_giang_vien, hoc_ky, nam_hoc, lop_hoc, thu_trong_tuan, tiet_bat_dau, tiet_ket_thuc, phong_hoc) VALUES ('24100379', 'NNTQ_2_MH3', 'GV0017', 'HK1', 2024, 'DHTH2', 6, 1, 3, 'A101');
INSERT INTO lop_hoc_phan (ma_lop_hoc_phan, ma_mon_hoc, ma_giang_vien, hoc_ky, nam_hoc, lop_hoc, thu_trong_tuan, tiet_bat_dau, tiet_ket_thuc, phong_hoc) VALUES ('24100380', 'NNTQ_2_MH3', 'GV0061', 'HK1', 2024, 'DHTH6', 3, 1, 3, 'A101');
INSERT INTO mon_hoc (ma_mon_hoc, ten_mon_hoc, tin_chi_ly_thuyet, tin_chi_thuc_hanh, loai_mon) VALUES ('NNTQ_2_MH4', 'Môn học 4 - NNTQ2', 2, 0, 'ly_thuyet');
INSERT INTO mon_hoc_nganh (ma_mon_hoc, ma_nganh, ma_chuyen_nganh, la_chuyen_nganh, nam_ap_dung) VALUES ('NNTQ_2_MH4', 'NNTQ', 'NNTQ2', TRUE, 2024);
INSERT INTO lop_hoc_phan (ma_lop_hoc_phan, ma_mon_hoc, ma_giang_vien, hoc_ky, nam_hoc, lop_hoc, thu_trong_tuan, tiet_bat_dau, tiet_ket_thuc, phong_hoc) VALUES ('24200381', 'NNTQ_2_MH4', 'GV0058', 'HK1', 2024, 'DHTH1', 4, 1, 3, 'A101');
INSERT INTO lop_hoc_phan (ma_lop_hoc_phan, ma_mon_hoc, ma_giang_vien, hoc_ky, nam_hoc, lop_hoc, thu_trong_tuan, tiet_bat_dau, tiet_ket_thuc, phong_hoc) VALUES ('24100382', 'NNTQ_2_MH4', 'GV0012', 'HK1', 2024, 'DHTH4', 4, 1, 3, 'A101');
INSERT INTO lop_hoc_phan (ma_lop_hoc_phan, ma_mon_hoc, ma_giang_vien, hoc_ky, nam_hoc, lop_hoc, thu_trong_tuan, tiet_bat_dau, tiet_ket_thuc, phong_hoc) VALUES ('24300383', 'NNTQ_2_MH4', 'GV0100', 'HK1', 2024, 'DHTH7', 3, 1, 3, 'A101');
INSERT INTO lop_hoc_phan (ma_lop_hoc_phan, ma_mon_hoc, ma_giang_vien, hoc_ky, nam_hoc, lop_hoc, thu_trong_tuan, tiet_bat_dau, tiet_ket_thuc, phong_hoc) VALUES ('24200384', 'NNTQ_2_MH4', 'GV0097', 'HK1', 2024, 'DHTH7', 2, 1, 3, 'A101');
INSERT INTO lop_hoc_phan (ma_lop_hoc_phan, ma_mon_hoc, ma_giang_vien, hoc_ky, nam_hoc, lop_hoc, thu_trong_tuan, tiet_bat_dau, tiet_ket_thuc, phong_hoc) VALUES ('24100385', 'NNTQ_2_MH4', 'GV0037', 'HK1', 2024, 'DHTH9', 3, 1, 3, 'A101');
INSERT INTO lop_hoc_phan (ma_lop_hoc_phan, ma_mon_hoc, ma_giang_vien, hoc_ky, nam_hoc, lop_hoc, thu_trong_tuan, tiet_bat_dau, tiet_ket_thuc, phong_hoc) VALUES ('24100386', 'NNTQ_2_MH4', 'GV0022', 'HK1', 2024, 'DHTH1', 3, 1, 3, 'A101');
INSERT INTO lop_hoc_phan (ma_lop_hoc_phan, ma_mon_hoc, ma_giang_vien, hoc_ky, nam_hoc, lop_hoc, thu_trong_tuan, tiet_bat_dau, tiet_ket_thuc, phong_hoc) VALUES ('24300387', 'NNTQ_2_MH4', 'GV0085', 'HK1', 2024, 'DHTH7', 4, 1, 3, 'A101');
INSERT INTO lop_hoc_phan (ma_lop_hoc_phan, ma_mon_hoc, ma_giang_vien, hoc_ky, nam_hoc, lop_hoc, thu_trong_tuan, tiet_bat_dau, tiet_ket_thuc, phong_hoc) VALUES ('24300388', 'NNTQ_2_MH4', 'GV0077', 'HK1', 2024, 'DHTH10', 3, 1, 3, 'A101');
INSERT INTO lop_hoc_phan (ma_lop_hoc_phan, ma_mon_hoc, ma_giang_vien, hoc_ky, nam_hoc, lop_hoc, thu_trong_tuan, tiet_bat_dau, tiet_ket_thuc, phong_hoc) VALUES ('24100389', 'NNTQ_2_MH4', 'GV0026', 'HK1', 2024, 'DHTH6', 6, 1, 3, 'A101');
INSERT INTO lop_hoc_phan (ma_lop_hoc_phan, ma_mon_hoc, ma_giang_vien, hoc_ky, nam_hoc, lop_hoc, thu_trong_tuan, tiet_bat_dau, tiet_ket_thuc, phong_hoc) VALUES ('24200390', 'NNTQ_2_MH4', 'GV0077', 'HK1', 2024, 'DHTH1', 4, 1, 3, 'A101');
INSERT INTO mon_hoc (ma_mon_hoc, ten_mon_hoc, tin_chi_ly_thuyet, tin_chi_thuc_hanh, loai_mon) VALUES ('NNTQ_2_MH5', 'Môn học 5 - NNTQ2', 2, 0, 'ly_thuyet');
INSERT INTO mon_hoc_nganh (ma_mon_hoc, ma_nganh, ma_chuyen_nganh, la_chuyen_nganh, nam_ap_dung) VALUES ('NNTQ_2_MH5', 'NNTQ', 'NNTQ2', TRUE, 2024);
INSERT INTO lop_hoc_phan (ma_lop_hoc_phan, ma_mon_hoc, ma_giang_vien, hoc_ky, nam_hoc, lop_hoc, thu_trong_tuan, tiet_bat_dau, tiet_ket_thuc, phong_hoc) VALUES ('24200391', 'NNTQ_2_MH5', 'GV0030', 'HK1', 2024, 'DHTH6', 5, 1, 3, 'A101');
INSERT INTO lop_hoc_phan (ma_lop_hoc_phan, ma_mon_hoc, ma_giang_vien, hoc_ky, nam_hoc, lop_hoc, thu_trong_tuan, tiet_bat_dau, tiet_ket_thuc, phong_hoc) VALUES ('24200392', 'NNTQ_2_MH5', 'GV0057', 'HK1', 2024, 'DHTH9', 6, 1, 3, 'A101');
INSERT INTO lop_hoc_phan (ma_lop_hoc_phan, ma_mon_hoc, ma_giang_vien, hoc_ky, nam_hoc, lop_hoc, thu_trong_tuan, tiet_bat_dau, tiet_ket_thuc, phong_hoc) VALUES ('24200393', 'NNTQ_2_MH5', 'GV0057', 'HK1', 2024, 'DHTH2', 4, 1, 3, 'A101');
INSERT INTO lop_hoc_phan (ma_lop_hoc_phan, ma_mon_hoc, ma_giang_vien, hoc_ky, nam_hoc, lop_hoc, thu_trong_tuan, tiet_bat_dau, tiet_ket_thuc, phong_hoc) VALUES ('24300394', 'NNTQ_2_MH5', 'GV0003', 'HK1', 2024, 'DHTH6', 4, 1, 3, 'A101');
INSERT INTO lop_hoc_phan (ma_lop_hoc_phan, ma_mon_hoc, ma_giang_vien, hoc_ky, nam_hoc, lop_hoc, thu_trong_tuan, tiet_bat_dau, tiet_ket_thuc, phong_hoc) VALUES ('24200395', 'NNTQ_2_MH5', 'GV0022', 'HK1', 2024, 'DHTH2', 6, 1, 3, 'A101');
INSERT INTO lop_hoc_phan (ma_lop_hoc_phan, ma_mon_hoc, ma_giang_vien, hoc_ky, nam_hoc, lop_hoc, thu_trong_tuan, tiet_bat_dau, tiet_ket_thuc, phong_hoc) VALUES ('24100396', 'NNTQ_2_MH5', 'GV0081', 'HK1', 2024, 'DHTH6', 2, 1, 3, 'A101');
INSERT INTO lop_hoc_phan (ma_lop_hoc_phan, ma_mon_hoc, ma_giang_vien, hoc_ky, nam_hoc, lop_hoc, thu_trong_tuan, tiet_bat_dau, tiet_ket_thuc, phong_hoc) VALUES ('24300397', 'NNTQ_2_MH5', 'GV0004', 'HK1', 2024, 'DHTH4', 3, 1, 3, 'A101');
INSERT INTO lop_hoc_phan (ma_lop_hoc_phan, ma_mon_hoc, ma_giang_vien, hoc_ky, nam_hoc, lop_hoc, thu_trong_tuan, tiet_bat_dau, tiet_ket_thuc, phong_hoc) VALUES ('24100398', 'NNTQ_2_MH5', 'GV0066', 'HK1', 2024, 'DHTH4', 3, 1, 3, 'A101');
INSERT INTO lop_hoc_phan (ma_lop_hoc_phan, ma_mon_hoc, ma_giang_vien, hoc_ky, nam_hoc, lop_hoc, thu_trong_tuan, tiet_bat_dau, tiet_ket_thuc, phong_hoc) VALUES ('24100399', 'NNTQ_2_MH5', 'GV0070', 'HK1', 2024, 'DHTH7', 6, 1, 3, 'A101');
INSERT INTO lop_hoc_phan (ma_lop_hoc_phan, ma_mon_hoc, ma_giang_vien, hoc_ky, nam_hoc, lop_hoc, thu_trong_tuan, tiet_bat_dau, tiet_ket_thuc, phong_hoc) VALUES ('24300400', 'NNTQ_2_MH5', 'GV0091', 'HK1', 2024, 'DHTH7', 5, 1, 3, 'A101');
INSERT INTO mon_hoc (ma_mon_hoc, ten_mon_hoc, tin_chi_ly_thuyet, tin_chi_thuc_hanh, loai_mon) VALUES ('QTKD_1_MH1', 'Môn học 1 - QTKD1', 2, 0, 'ly_thuyet');
INSERT INTO mon_hoc_nganh (ma_mon_hoc, ma_nganh, ma_chuyen_nganh, la_chuyen_nganh, nam_ap_dung) VALUES ('QTKD_1_MH1', 'QTKD', 'QTKD1', TRUE, 2024);
INSERT INTO lop_hoc_phan (ma_lop_hoc_phan, ma_mon_hoc, ma_giang_vien, hoc_ky, nam_hoc, lop_hoc, thu_trong_tuan, tiet_bat_dau, tiet_ket_thuc, phong_hoc) VALUES ('24300401', 'QTKD_1_MH1', 'GV0026', 'HK1', 2024, 'DHTH7', 6, 1, 3, 'A101');
INSERT INTO lop_hoc_phan (ma_lop_hoc_phan, ma_mon_hoc, ma_giang_vien, hoc_ky, nam_hoc, lop_hoc, thu_trong_tuan, tiet_bat_dau, tiet_ket_thuc, phong_hoc) VALUES ('24200402', 'QTKD_1_MH1', 'GV0095', 'HK1', 2024, 'DHTH7', 3, 1, 3, 'A101');
INSERT INTO lop_hoc_phan (ma_lop_hoc_phan, ma_mon_hoc, ma_giang_vien, hoc_ky, nam_hoc, lop_hoc, thu_trong_tuan, tiet_bat_dau, tiet_ket_thuc, phong_hoc) VALUES ('24200403', 'QTKD_1_MH1', 'GV0082', 'HK1', 2024, 'DHTH4', 5, 1, 3, 'A101');
INSERT INTO lop_hoc_phan (ma_lop_hoc_phan, ma_mon_hoc, ma_giang_vien, hoc_ky, nam_hoc, lop_hoc, thu_trong_tuan, tiet_bat_dau, tiet_ket_thuc, phong_hoc) VALUES ('24200404', 'QTKD_1_MH1', 'GV0086', 'HK1', 2024, 'DHTH3', 3, 1, 3, 'A101');
INSERT INTO lop_hoc_phan (ma_lop_hoc_phan, ma_mon_hoc, ma_giang_vien, hoc_ky, nam_hoc, lop_hoc, thu_trong_tuan, tiet_bat_dau, tiet_ket_thuc, phong_hoc) VALUES ('24300405', 'QTKD_1_MH1', 'GV0036', 'HK1', 2024, 'DHTH3', 5, 1, 3, 'A101');
INSERT INTO lop_hoc_phan (ma_lop_hoc_phan, ma_mon_hoc, ma_giang_vien, hoc_ky, nam_hoc, lop_hoc, thu_trong_tuan, tiet_bat_dau, tiet_ket_thuc, phong_hoc) VALUES ('24100406', 'QTKD_1_MH1', 'GV0028', 'HK1', 2024, 'DHTH8', 5, 1, 3, 'A101');
INSERT INTO lop_hoc_phan (ma_lop_hoc_phan, ma_mon_hoc, ma_giang_vien, hoc_ky, nam_hoc, lop_hoc, thu_trong_tuan, tiet_bat_dau, tiet_ket_thuc, phong_hoc) VALUES ('24300407', 'QTKD_1_MH1', 'GV0001', 'HK1', 2024, 'DHTH5', 4, 1, 3, 'A101');
INSERT INTO lop_hoc_phan (ma_lop_hoc_phan, ma_mon_hoc, ma_giang_vien, hoc_ky, nam_hoc, lop_hoc, thu_trong_tuan, tiet_bat_dau, tiet_ket_thuc, phong_hoc) VALUES ('24300408', 'QTKD_1_MH1', 'GV0001', 'HK1', 2024, 'DHTH2', 3, 1, 3, 'A101');
INSERT INTO lop_hoc_phan (ma_lop_hoc_phan, ma_mon_hoc, ma_giang_vien, hoc_ky, nam_hoc, lop_hoc, thu_trong_tuan, tiet_bat_dau, tiet_ket_thuc, phong_hoc) VALUES ('24300409', 'QTKD_1_MH1', 'GV0020', 'HK1', 2024, 'DHTH2', 2, 1, 3, 'A101');
INSERT INTO lop_hoc_phan (ma_lop_hoc_phan, ma_mon_hoc, ma_giang_vien, hoc_ky, nam_hoc, lop_hoc, thu_trong_tuan, tiet_bat_dau, tiet_ket_thuc, phong_hoc) VALUES ('24300410', 'QTKD_1_MH1', 'GV0005', 'HK1', 2024, 'DHTH7', 2, 1, 3, 'A101');
INSERT INTO mon_hoc (ma_mon_hoc, ten_mon_hoc, tin_chi_ly_thuyet, tin_chi_thuc_hanh, loai_mon) VALUES ('QTKD_1_MH2', 'Môn học 2 - QTKD1', 2, 0, 'ly_thuyet');
INSERT INTO mon_hoc_nganh (ma_mon_hoc, ma_nganh, ma_chuyen_nganh, la_chuyen_nganh, nam_ap_dung) VALUES ('QTKD_1_MH2', 'QTKD', 'QTKD1', TRUE, 2024);
INSERT INTO lop_hoc_phan (ma_lop_hoc_phan, ma_mon_hoc, ma_giang_vien, hoc_ky, nam_hoc, lop_hoc, thu_trong_tuan, tiet_bat_dau, tiet_ket_thuc, phong_hoc) VALUES ('24100411', 'QTKD_1_MH2', 'GV0001', 'HK1', 2024, 'DHTH3', 2, 1, 3, 'A101');
INSERT INTO lop_hoc_phan (ma_lop_hoc_phan, ma_mon_hoc, ma_giang_vien, hoc_ky, nam_hoc, lop_hoc, thu_trong_tuan, tiet_bat_dau, tiet_ket_thuc, phong_hoc) VALUES ('24100412', 'QTKD_1_MH2', 'GV0068', 'HK1', 2024, 'DHTH7', 4, 1, 3, 'A101');
INSERT INTO lop_hoc_phan (ma_lop_hoc_phan, ma_mon_hoc, ma_giang_vien, hoc_ky, nam_hoc, lop_hoc, thu_trong_tuan, tiet_bat_dau, tiet_ket_thuc, phong_hoc) VALUES ('24200413', 'QTKD_1_MH2', 'GV0026', 'HK1', 2024, 'DHTH6', 6, 1, 3, 'A101');
INSERT INTO lop_hoc_phan (ma_lop_hoc_phan, ma_mon_hoc, ma_giang_vien, hoc_ky, nam_hoc, lop_hoc, thu_trong_tuan, tiet_bat_dau, tiet_ket_thuc, phong_hoc) VALUES ('24300414', 'QTKD_1_MH2', 'GV0028', 'HK1', 2024, 'DHTH7', 4, 1, 3, 'A101');
INSERT INTO lop_hoc_phan (ma_lop_hoc_phan, ma_mon_hoc, ma_giang_vien, hoc_ky, nam_hoc, lop_hoc, thu_trong_tuan, tiet_bat_dau, tiet_ket_thuc, phong_hoc) VALUES ('24300415', 'QTKD_1_MH2', 'GV0082', 'HK1', 2024, 'DHTH7', 3, 1, 3, 'A101');
INSERT INTO lop_hoc_phan (ma_lop_hoc_phan, ma_mon_hoc, ma_giang_vien, hoc_ky, nam_hoc, lop_hoc, thu_trong_tuan, tiet_bat_dau, tiet_ket_thuc, phong_hoc) VALUES ('24300416', 'QTKD_1_MH2', 'GV0001', 'HK1', 2024, 'DHTH9', 4, 1, 3, 'A101');
INSERT INTO lop_hoc_phan (ma_lop_hoc_phan, ma_mon_hoc, ma_giang_vien, hoc_ky, nam_hoc, lop_hoc, thu_trong_tuan, tiet_bat_dau, tiet_ket_thuc, phong_hoc) VALUES ('24200417', 'QTKD_1_MH2', 'GV0027', 'HK1', 2024, 'DHTH1', 3, 1, 3, 'A101');
INSERT INTO lop_hoc_phan (ma_lop_hoc_phan, ma_mon_hoc, ma_giang_vien, hoc_ky, nam_hoc, lop_hoc, thu_trong_tuan, tiet_bat_dau, tiet_ket_thuc, phong_hoc) VALUES ('24300418', 'QTKD_1_MH2', 'GV0022', 'HK1', 2024, 'DHTH7', 2, 1, 3, 'A101');
INSERT INTO lop_hoc_phan (ma_lop_hoc_phan, ma_mon_hoc, ma_giang_vien, hoc_ky, nam_hoc, lop_hoc, thu_trong_tuan, tiet_bat_dau, tiet_ket_thuc, phong_hoc) VALUES ('24200419', 'QTKD_1_MH2', 'GV0016', 'HK1', 2024, 'DHTH7', 5, 1, 3, 'A101');
INSERT INTO lop_hoc_phan (ma_lop_hoc_phan, ma_mon_hoc, ma_giang_vien, hoc_ky, nam_hoc, lop_hoc, thu_trong_tuan, tiet_bat_dau, tiet_ket_thuc, phong_hoc) VALUES ('24300420', 'QTKD_1_MH2', 'GV0004', 'HK1', 2024, 'DHTH7', 4, 1, 3, 'A101');
INSERT INTO mon_hoc (ma_mon_hoc, ten_mon_hoc, tin_chi_ly_thuyet, tin_chi_thuc_hanh, loai_mon) VALUES ('QTKD_1_MH3', 'Môn học 3 - QTKD1', 2, 0, 'ly_thuyet');
INSERT INTO mon_hoc_nganh (ma_mon_hoc, ma_nganh, ma_chuyen_nganh, la_chuyen_nganh, nam_ap_dung) VALUES ('QTKD_1_MH3', 'QTKD', 'QTKD1', TRUE, 2024);
INSERT INTO lop_hoc_phan (ma_lop_hoc_phan, ma_mon_hoc, ma_giang_vien, hoc_ky, nam_hoc, lop_hoc, thu_trong_tuan, tiet_bat_dau, tiet_ket_thuc, phong_hoc) VALUES ('24200421', 'QTKD_1_MH3', 'GV0022', 'HK1', 2024, 'DHTH4', 4, 1, 3, 'A101');
INSERT INTO lop_hoc_phan (ma_lop_hoc_phan, ma_mon_hoc, ma_giang_vien, hoc_ky, nam_hoc, lop_hoc, thu_trong_tuan, tiet_bat_dau, tiet_ket_thuc, phong_hoc) VALUES ('24100422', 'QTKD_1_MH3', 'GV0081', 'HK1', 2024, 'DHTH3', 6, 1, 3, 'A101');
INSERT INTO lop_hoc_phan (ma_lop_hoc_phan, ma_mon_hoc, ma_giang_vien, hoc_ky, nam_hoc, lop_hoc, thu_trong_tuan, tiet_bat_dau, tiet_ket_thuc, phong_hoc) VALUES ('24200423', 'QTKD_1_MH3', 'GV0083', 'HK1', 2024, 'DHTH1', 4, 1, 3, 'A101');
INSERT INTO lop_hoc_phan (ma_lop_hoc_phan, ma_mon_hoc, ma_giang_vien, hoc_ky, nam_hoc, lop_hoc, thu_trong_tuan, tiet_bat_dau, tiet_ket_thuc, phong_hoc) VALUES ('24300424', 'QTKD_1_MH3', 'GV0011', 'HK1', 2024, 'DHTH5', 4, 1, 3, 'A101');
INSERT INTO lop_hoc_phan (ma_lop_hoc_phan, ma_mon_hoc, ma_giang_vien, hoc_ky, nam_hoc, lop_hoc, thu_trong_tuan, tiet_bat_dau, tiet_ket_thuc, phong_hoc) VALUES ('24200425', 'QTKD_1_MH3', 'GV0080', 'HK1', 2024, 'DHTH9', 5, 1, 3, 'A101');
INSERT INTO lop_hoc_phan (ma_lop_hoc_phan, ma_mon_hoc, ma_giang_vien, hoc_ky, nam_hoc, lop_hoc, thu_trong_tuan, tiet_bat_dau, tiet_ket_thuc, phong_hoc) VALUES ('24100426', 'QTKD_1_MH3', 'GV0019', 'HK1', 2024, 'DHTH10', 2, 1, 3, 'A101');
INSERT INTO lop_hoc_phan (ma_lop_hoc_phan, ma_mon_hoc, ma_giang_vien, hoc_ky, nam_hoc, lop_hoc, thu_trong_tuan, tiet_bat_dau, tiet_ket_thuc, phong_hoc) VALUES ('24100427', 'QTKD_1_MH3', 'GV0065', 'HK1', 2024, 'DHTH9', 3, 1, 3, 'A101');
INSERT INTO lop_hoc_phan (ma_lop_hoc_phan, ma_mon_hoc, ma_giang_vien, hoc_ky, nam_hoc, lop_hoc, thu_trong_tuan, tiet_bat_dau, tiet_ket_thuc, phong_hoc) VALUES ('24100428', 'QTKD_1_MH3', 'GV0044', 'HK1', 2024, 'DHTH4', 2, 1, 3, 'A101');
INSERT INTO lop_hoc_phan (ma_lop_hoc_phan, ma_mon_hoc, ma_giang_vien, hoc_ky, nam_hoc, lop_hoc, thu_trong_tuan, tiet_bat_dau, tiet_ket_thuc, phong_hoc) VALUES ('24200429', 'QTKD_1_MH3', 'GV0073', 'HK1', 2024, 'DHTH5', 4, 1, 3, 'A101');
INSERT INTO lop_hoc_phan (ma_lop_hoc_phan, ma_mon_hoc, ma_giang_vien, hoc_ky, nam_hoc, lop_hoc, thu_trong_tuan, tiet_bat_dau, tiet_ket_thuc, phong_hoc) VALUES ('24300430', 'QTKD_1_MH3', 'GV0001', 'HK1', 2024, 'DHTH4', 4, 1, 3, 'A101');
INSERT INTO mon_hoc (ma_mon_hoc, ten_mon_hoc, tin_chi_ly_thuyet, tin_chi_thuc_hanh, loai_mon) VALUES ('QTKD_1_MH4', 'Môn học 4 - QTKD1', 2, 0, 'ly_thuyet');
INSERT INTO mon_hoc_nganh (ma_mon_hoc, ma_nganh, ma_chuyen_nganh, la_chuyen_nganh, nam_ap_dung) VALUES ('QTKD_1_MH4', 'QTKD', 'QTKD1', TRUE, 2024);
INSERT INTO lop_hoc_phan (ma_lop_hoc_phan, ma_mon_hoc, ma_giang_vien, hoc_ky, nam_hoc, lop_hoc, thu_trong_tuan, tiet_bat_dau, tiet_ket_thuc, phong_hoc) VALUES ('24200431', 'QTKD_1_MH4', 'GV0042', 'HK1', 2024, 'DHTH8', 4, 1, 3, 'A101');
INSERT INTO lop_hoc_phan (ma_lop_hoc_phan, ma_mon_hoc, ma_giang_vien, hoc_ky, nam_hoc, lop_hoc, thu_trong_tuan, tiet_bat_dau, tiet_ket_thuc, phong_hoc) VALUES ('24200432', 'QTKD_1_MH4', 'GV0008', 'HK1', 2024, 'DHTH7', 5, 1, 3, 'A101');
INSERT INTO lop_hoc_phan (ma_lop_hoc_phan, ma_mon_hoc, ma_giang_vien, hoc_ky, nam_hoc, lop_hoc, thu_trong_tuan, tiet_bat_dau, tiet_ket_thuc, phong_hoc) VALUES ('24300433', 'QTKD_1_MH4', 'GV0078', 'HK1', 2024, 'DHTH6', 3, 1, 3, 'A101');
INSERT INTO lop_hoc_phan (ma_lop_hoc_phan, ma_mon_hoc, ma_giang_vien, hoc_ky, nam_hoc, lop_hoc, thu_trong_tuan, tiet_bat_dau, tiet_ket_thuc, phong_hoc) VALUES ('24100434', 'QTKD_1_MH4', 'GV0046', 'HK1', 2024, 'DHTH1', 3, 1, 3, 'A101');
INSERT INTO lop_hoc_phan (ma_lop_hoc_phan, ma_mon_hoc, ma_giang_vien, hoc_ky, nam_hoc, lop_hoc, thu_trong_tuan, tiet_bat_dau, tiet_ket_thuc, phong_hoc) VALUES ('24200435', 'QTKD_1_MH4', 'GV0038', 'HK1', 2024, 'DHTH6', 2, 1, 3, 'A101');
INSERT INTO lop_hoc_phan (ma_lop_hoc_phan, ma_mon_hoc, ma_giang_vien, hoc_ky, nam_hoc, lop_hoc, thu_trong_tuan, tiet_bat_dau, tiet_ket_thuc, phong_hoc) VALUES ('24200436', 'QTKD_1_MH4', 'GV0092', 'HK1', 2024, 'DHTH8', 3, 1, 3, 'A101');
INSERT INTO lop_hoc_phan (ma_lop_hoc_phan, ma_mon_hoc, ma_giang_vien, hoc_ky, nam_hoc, lop_hoc, thu_trong_tuan, tiet_bat_dau, tiet_ket_thuc, phong_hoc) VALUES ('24300437', 'QTKD_1_MH4', 'GV0023', 'HK1', 2024, 'DHTH10', 4, 1, 3, 'A101');
INSERT INTO lop_hoc_phan (ma_lop_hoc_phan, ma_mon_hoc, ma_giang_vien, hoc_ky, nam_hoc, lop_hoc, thu_trong_tuan, tiet_bat_dau, tiet_ket_thuc, phong_hoc) VALUES ('24100438', 'QTKD_1_MH4', 'GV0081', 'HK1', 2024, 'DHTH3', 3, 1, 3, 'A101');
INSERT INTO lop_hoc_phan (ma_lop_hoc_phan, ma_mon_hoc, ma_giang_vien, hoc_ky, nam_hoc, lop_hoc, thu_trong_tuan, tiet_bat_dau, tiet_ket_thuc, phong_hoc) VALUES ('24100439', 'QTKD_1_MH4', 'GV0034', 'HK1', 2024, 'DHTH3', 3, 1, 3, 'A101');
INSERT INTO lop_hoc_phan (ma_lop_hoc_phan, ma_mon_hoc, ma_giang_vien, hoc_ky, nam_hoc, lop_hoc, thu_trong_tuan, tiet_bat_dau, tiet_ket_thuc, phong_hoc) VALUES ('24100440', 'QTKD_1_MH4', 'GV0029', 'HK1', 2024, 'DHTH1', 3, 1, 3, 'A101');
INSERT INTO mon_hoc (ma_mon_hoc, ten_mon_hoc, tin_chi_ly_thuyet, tin_chi_thuc_hanh, loai_mon) VALUES ('QTKD_1_MH5', 'Môn học 5 - QTKD1', 2, 0, 'ly_thuyet');
INSERT INTO mon_hoc_nganh (ma_mon_hoc, ma_nganh, ma_chuyen_nganh, la_chuyen_nganh, nam_ap_dung) VALUES ('QTKD_1_MH5', 'QTKD', 'QTKD1', TRUE, 2024);
INSERT INTO lop_hoc_phan (ma_lop_hoc_phan, ma_mon_hoc, ma_giang_vien, hoc_ky, nam_hoc, lop_hoc, thu_trong_tuan, tiet_bat_dau, tiet_ket_thuc, phong_hoc) VALUES ('24300441', 'QTKD_1_MH5', 'GV0081', 'HK1', 2024, 'DHTH6', 2, 1, 3, 'A101');
INSERT INTO lop_hoc_phan (ma_lop_hoc_phan, ma_mon_hoc, ma_giang_vien, hoc_ky, nam_hoc, lop_hoc, thu_trong_tuan, tiet_bat_dau, tiet_ket_thuc, phong_hoc) VALUES ('24300442', 'QTKD_1_MH5', 'GV0078', 'HK1', 2024, 'DHTH5', 4, 1, 3, 'A101');
INSERT INTO lop_hoc_phan (ma_lop_hoc_phan, ma_mon_hoc, ma_giang_vien, hoc_ky, nam_hoc, lop_hoc, thu_trong_tuan, tiet_bat_dau, tiet_ket_thuc, phong_hoc) VALUES ('24200443', 'QTKD_1_MH5', 'GV0067', 'HK1', 2024, 'DHTH3', 6, 1, 3, 'A101');
INSERT INTO lop_hoc_phan (ma_lop_hoc_phan, ma_mon_hoc, ma_giang_vien, hoc_ky, nam_hoc, lop_hoc, thu_trong_tuan, tiet_bat_dau, tiet_ket_thuc, phong_hoc) VALUES ('24300444', 'QTKD_1_MH5', 'GV0059', 'HK1', 2024, 'DHTH3', 6, 1, 3, 'A101');
INSERT INTO lop_hoc_phan (ma_lop_hoc_phan, ma_mon_hoc, ma_giang_vien, hoc_ky, nam_hoc, lop_hoc, thu_trong_tuan, tiet_bat_dau, tiet_ket_thuc, phong_hoc) VALUES ('24100445', 'QTKD_1_MH5', 'GV0006', 'HK1', 2024, 'DHTH4', 2, 1, 3, 'A101');
INSERT INTO lop_hoc_phan (ma_lop_hoc_phan, ma_mon_hoc, ma_giang_vien, hoc_ky, nam_hoc, lop_hoc, thu_trong_tuan, tiet_bat_dau, tiet_ket_thuc, phong_hoc) VALUES ('24200446', 'QTKD_1_MH5', 'GV0016', 'HK1', 2024, 'DHTH6', 3, 1, 3, 'A101');
INSERT INTO lop_hoc_phan (ma_lop_hoc_phan, ma_mon_hoc, ma_giang_vien, hoc_ky, nam_hoc, lop_hoc, thu_trong_tuan, tiet_bat_dau, tiet_ket_thuc, phong_hoc) VALUES ('24300447', 'QTKD_1_MH5', 'GV0011', 'HK1', 2024, 'DHTH2', 2, 1, 3, 'A101');
INSERT INTO lop_hoc_phan (ma_lop_hoc_phan, ma_mon_hoc, ma_giang_vien, hoc_ky, nam_hoc, lop_hoc, thu_trong_tuan, tiet_bat_dau, tiet_ket_thuc, phong_hoc) VALUES ('24300448', 'QTKD_1_MH5', 'GV0071', 'HK1', 2024, 'DHTH2', 4, 1, 3, 'A101');
INSERT INTO lop_hoc_phan (ma_lop_hoc_phan, ma_mon_hoc, ma_giang_vien, hoc_ky, nam_hoc, lop_hoc, thu_trong_tuan, tiet_bat_dau, tiet_ket_thuc, phong_hoc) VALUES ('24200449', 'QTKD_1_MH5', 'GV0020', 'HK1', 2024, 'DHTH1', 2, 1, 3, 'A101');
INSERT INTO lop_hoc_phan (ma_lop_hoc_phan, ma_mon_hoc, ma_giang_vien, hoc_ky, nam_hoc, lop_hoc, thu_trong_tuan, tiet_bat_dau, tiet_ket_thuc, phong_hoc) VALUES ('24300450', 'QTKD_1_MH5', 'GV0049', 'HK1', 2024, 'DHTH4', 6, 1, 3, 'A101');
INSERT INTO mon_hoc (ma_mon_hoc, ten_mon_hoc, tin_chi_ly_thuyet, tin_chi_thuc_hanh, loai_mon) VALUES ('QTKD_2_MH1', 'Môn học 1 - QTKD2', 2, 0, 'ly_thuyet');
INSERT INTO mon_hoc_nganh (ma_mon_hoc, ma_nganh, ma_chuyen_nganh, la_chuyen_nganh, nam_ap_dung) VALUES ('QTKD_2_MH1', 'QTKD', 'QTKD2', TRUE, 2024);
INSERT INTO lop_hoc_phan (ma_lop_hoc_phan, ma_mon_hoc, ma_giang_vien, hoc_ky, nam_hoc, lop_hoc, thu_trong_tuan, tiet_bat_dau, tiet_ket_thuc, phong_hoc) VALUES ('24100451', 'QTKD_2_MH1', 'GV0064', 'HK1', 2024, 'DHTH3', 3, 1, 3, 'A101');
INSERT INTO lop_hoc_phan (ma_lop_hoc_phan, ma_mon_hoc, ma_giang_vien, hoc_ky, nam_hoc, lop_hoc, thu_trong_tuan, tiet_bat_dau, tiet_ket_thuc, phong_hoc) VALUES ('24100452', 'QTKD_2_MH1', 'GV0013', 'HK1', 2024, 'DHTH7', 4, 1, 3, 'A101');
INSERT INTO lop_hoc_phan (ma_lop_hoc_phan, ma_mon_hoc, ma_giang_vien, hoc_ky, nam_hoc, lop_hoc, thu_trong_tuan, tiet_bat_dau, tiet_ket_thuc, phong_hoc) VALUES ('24200453', 'QTKD_2_MH1', 'GV0074', 'HK1', 2024, 'DHTH9', 3, 1, 3, 'A101');
INSERT INTO lop_hoc_phan (ma_lop_hoc_phan, ma_mon_hoc, ma_giang_vien, hoc_ky, nam_hoc, lop_hoc, thu_trong_tuan, tiet_bat_dau, tiet_ket_thuc, phong_hoc) VALUES ('24100454', 'QTKD_2_MH1', 'GV0063', 'HK1', 2024, 'DHTH8', 5, 1, 3, 'A101');
INSERT INTO lop_hoc_phan (ma_lop_hoc_phan, ma_mon_hoc, ma_giang_vien, hoc_ky, nam_hoc, lop_hoc, thu_trong_tuan, tiet_bat_dau, tiet_ket_thuc, phong_hoc) VALUES ('24200455', 'QTKD_2_MH1', 'GV0031', 'HK1', 2024, 'DHTH10', 2, 1, 3, 'A101');
INSERT INTO lop_hoc_phan (ma_lop_hoc_phan, ma_mon_hoc, ma_giang_vien, hoc_ky, nam_hoc, lop_hoc, thu_trong_tuan, tiet_bat_dau, tiet_ket_thuc, phong_hoc) VALUES ('24300456', 'QTKD_2_MH1', 'GV0036', 'HK1', 2024, 'DHTH6', 5, 1, 3, 'A101');
INSERT INTO lop_hoc_phan (ma_lop_hoc_phan, ma_mon_hoc, ma_giang_vien, hoc_ky, nam_hoc, lop_hoc, thu_trong_tuan, tiet_bat_dau, tiet_ket_thuc, phong_hoc) VALUES ('24100457', 'QTKD_2_MH1', 'GV0002', 'HK1', 2024, 'DHTH10', 3, 1, 3, 'A101');
INSERT INTO lop_hoc_phan (ma_lop_hoc_phan, ma_mon_hoc, ma_giang_vien, hoc_ky, nam_hoc, lop_hoc, thu_trong_tuan, tiet_bat_dau, tiet_ket_thuc, phong_hoc) VALUES ('24300458', 'QTKD_2_MH1', 'GV0066', 'HK1', 2024, 'DHTH5', 2, 1, 3, 'A101');
INSERT INTO lop_hoc_phan (ma_lop_hoc_phan, ma_mon_hoc, ma_giang_vien, hoc_ky, nam_hoc, lop_hoc, thu_trong_tuan, tiet_bat_dau, tiet_ket_thuc, phong_hoc) VALUES ('24100459', 'QTKD_2_MH1', 'GV0082', 'HK1', 2024, 'DHTH8', 6, 1, 3, 'A101');
INSERT INTO lop_hoc_phan (ma_lop_hoc_phan, ma_mon_hoc, ma_giang_vien, hoc_ky, nam_hoc, lop_hoc, thu_trong_tuan, tiet_bat_dau, tiet_ket_thuc, phong_hoc) VALUES ('24100460', 'QTKD_2_MH1', 'GV0062', 'HK1', 2024, 'DHTH5', 3, 1, 3, 'A101');
INSERT INTO mon_hoc (ma_mon_hoc, ten_mon_hoc, tin_chi_ly_thuyet, tin_chi_thuc_hanh, loai_mon) VALUES ('QTKD_2_MH2', 'Môn học 2 - QTKD2', 2, 0, 'ly_thuyet');
INSERT INTO mon_hoc_nganh (ma_mon_hoc, ma_nganh, ma_chuyen_nganh, la_chuyen_nganh, nam_ap_dung) VALUES ('QTKD_2_MH2', 'QTKD', 'QTKD2', TRUE, 2024);
INSERT INTO lop_hoc_phan (ma_lop_hoc_phan, ma_mon_hoc, ma_giang_vien, hoc_ky, nam_hoc, lop_hoc, thu_trong_tuan, tiet_bat_dau, tiet_ket_thuc, phong_hoc) VALUES ('24200461', 'QTKD_2_MH2', 'GV0078', 'HK1', 2024, 'DHTH2', 5, 1, 3, 'A101');
INSERT INTO lop_hoc_phan (ma_lop_hoc_phan, ma_mon_hoc, ma_giang_vien, hoc_ky, nam_hoc, lop_hoc, thu_trong_tuan, tiet_bat_dau, tiet_ket_thuc, phong_hoc) VALUES ('24100462', 'QTKD_2_MH2', 'GV0065', 'HK1', 2024, 'DHTH2', 4, 1, 3, 'A101');
INSERT INTO lop_hoc_phan (ma_lop_hoc_phan, ma_mon_hoc, ma_giang_vien, hoc_ky, nam_hoc, lop_hoc, thu_trong_tuan, tiet_bat_dau, tiet_ket_thuc, phong_hoc) VALUES ('24300463', 'QTKD_2_MH2', 'GV0077', 'HK1', 2024, 'DHTH3', 3, 1, 3, 'A101');
INSERT INTO lop_hoc_phan (ma_lop_hoc_phan, ma_mon_hoc, ma_giang_vien, hoc_ky, nam_hoc, lop_hoc, thu_trong_tuan, tiet_bat_dau, tiet_ket_thuc, phong_hoc) VALUES ('24100464', 'QTKD_2_MH2', 'GV0062', 'HK1', 2024, 'DHTH7', 3, 1, 3, 'A101');
INSERT INTO lop_hoc_phan (ma_lop_hoc_phan, ma_mon_hoc, ma_giang_vien, hoc_ky, nam_hoc, lop_hoc, thu_trong_tuan, tiet_bat_dau, tiet_ket_thuc, phong_hoc) VALUES ('24100465', 'QTKD_2_MH2', 'GV0033', 'HK1', 2024, 'DHTH2', 4, 1, 3, 'A101');
INSERT INTO lop_hoc_phan (ma_lop_hoc_phan, ma_mon_hoc, ma_giang_vien, hoc_ky, nam_hoc, lop_hoc, thu_trong_tuan, tiet_bat_dau, tiet_ket_thuc, phong_hoc) VALUES ('24300466', 'QTKD_2_MH2', 'GV0048', 'HK1', 2024, 'DHTH2', 5, 1, 3, 'A101');
INSERT INTO lop_hoc_phan (ma_lop_hoc_phan, ma_mon_hoc, ma_giang_vien, hoc_ky, nam_hoc, lop_hoc, thu_trong_tuan, tiet_bat_dau, tiet_ket_thuc, phong_hoc) VALUES ('24300467', 'QTKD_2_MH2', 'GV0057', 'HK1', 2024, 'DHTH10', 6, 1, 3, 'A101');
INSERT INTO lop_hoc_phan (ma_lop_hoc_phan, ma_mon_hoc, ma_giang_vien, hoc_ky, nam_hoc, lop_hoc, thu_trong_tuan, tiet_bat_dau, tiet_ket_thuc, phong_hoc) VALUES ('24100468', 'QTKD_2_MH2', 'GV0059', 'HK1', 2024, 'DHTH3', 5, 1, 3, 'A101');
INSERT INTO lop_hoc_phan (ma_lop_hoc_phan, ma_mon_hoc, ma_giang_vien, hoc_ky, nam_hoc, lop_hoc, thu_trong_tuan, tiet_bat_dau, tiet_ket_thuc, phong_hoc) VALUES ('24200469', 'QTKD_2_MH2', 'GV0099', 'HK1', 2024, 'DHTH8', 3, 1, 3, 'A101');
INSERT INTO lop_hoc_phan (ma_lop_hoc_phan, ma_mon_hoc, ma_giang_vien, hoc_ky, nam_hoc, lop_hoc, thu_trong_tuan, tiet_bat_dau, tiet_ket_thuc, phong_hoc) VALUES ('24300470', 'QTKD_2_MH2', 'GV0050', 'HK1', 2024, 'DHTH3', 3, 1, 3, 'A101');
INSERT INTO mon_hoc (ma_mon_hoc, ten_mon_hoc, tin_chi_ly_thuyet, tin_chi_thuc_hanh, loai_mon) VALUES ('QTKD_2_MH3', 'Môn học 3 - QTKD2', 2, 0, 'ly_thuyet');
INSERT INTO mon_hoc_nganh (ma_mon_hoc, ma_nganh, ma_chuyen_nganh, la_chuyen_nganh, nam_ap_dung) VALUES ('QTKD_2_MH3', 'QTKD', 'QTKD2', TRUE, 2024);
INSERT INTO lop_hoc_phan (ma_lop_hoc_phan, ma_mon_hoc, ma_giang_vien, hoc_ky, nam_hoc, lop_hoc, thu_trong_tuan, tiet_bat_dau, tiet_ket_thuc, phong_hoc) VALUES ('24200471', 'QTKD_2_MH3', 'GV0080', 'HK1', 2024, 'DHTH4', 2, 1, 3, 'A101');
INSERT INTO lop_hoc_phan (ma_lop_hoc_phan, ma_mon_hoc, ma_giang_vien, hoc_ky, nam_hoc, lop_hoc, thu_trong_tuan, tiet_bat_dau, tiet_ket_thuc, phong_hoc) VALUES ('24100472', 'QTKD_2_MH3', 'GV0034', 'HK1', 2024, 'DHTH2', 4, 1, 3, 'A101');
INSERT INTO lop_hoc_phan (ma_lop_hoc_phan, ma_mon_hoc, ma_giang_vien, hoc_ky, nam_hoc, lop_hoc, thu_trong_tuan, tiet_bat_dau, tiet_ket_thuc, phong_hoc) VALUES ('24200473', 'QTKD_2_MH3', 'GV0016', 'HK1', 2024, 'DHTH10', 3, 1, 3, 'A101');
INSERT INTO lop_hoc_phan (ma_lop_hoc_phan, ma_mon_hoc, ma_giang_vien, hoc_ky, nam_hoc, lop_hoc, thu_trong_tuan, tiet_bat_dau, tiet_ket_thuc, phong_hoc) VALUES ('24300474', 'QTKD_2_MH3', 'GV0020', 'HK1', 2024, 'DHTH5', 3, 1, 3, 'A101');
INSERT INTO lop_hoc_phan (ma_lop_hoc_phan, ma_mon_hoc, ma_giang_vien, hoc_ky, nam_hoc, lop_hoc, thu_trong_tuan, tiet_bat_dau, tiet_ket_thuc, phong_hoc) VALUES ('24300475', 'QTKD_2_MH3', 'GV0092', 'HK1', 2024, 'DHTH9', 6, 1, 3, 'A101');
INSERT INTO lop_hoc_phan (ma_lop_hoc_phan, ma_mon_hoc, ma_giang_vien, hoc_ky, nam_hoc, lop_hoc, thu_trong_tuan, tiet_bat_dau, tiet_ket_thuc, phong_hoc) VALUES ('24300476', 'QTKD_2_MH3', 'GV0068', 'HK1', 2024, 'DHTH5', 5, 1, 3, 'A101');
INSERT INTO lop_hoc_phan (ma_lop_hoc_phan, ma_mon_hoc, ma_giang_vien, hoc_ky, nam_hoc, lop_hoc, thu_trong_tuan, tiet_bat_dau, tiet_ket_thuc, phong_hoc) VALUES ('24300477', 'QTKD_2_MH3', 'GV0075', 'HK1', 2024, 'DHTH2', 6, 1, 3, 'A101');
INSERT INTO lop_hoc_phan (ma_lop_hoc_phan, ma_mon_hoc, ma_giang_vien, hoc_ky, nam_hoc, lop_hoc, thu_trong_tuan, tiet_bat_dau, tiet_ket_thuc, phong_hoc) VALUES ('24200478', 'QTKD_2_MH3', 'GV0005', 'HK1', 2024, 'DHTH5', 6, 1, 3, 'A101');
INSERT INTO lop_hoc_phan (ma_lop_hoc_phan, ma_mon_hoc, ma_giang_vien, hoc_ky, nam_hoc, lop_hoc, thu_trong_tuan, tiet_bat_dau, tiet_ket_thuc, phong_hoc) VALUES ('24200479', 'QTKD_2_MH3', 'GV0095', 'HK1', 2024, 'DHTH6', 4, 1, 3, 'A101');
INSERT INTO lop_hoc_phan (ma_lop_hoc_phan, ma_mon_hoc, ma_giang_vien, hoc_ky, nam_hoc, lop_hoc, thu_trong_tuan, tiet_bat_dau, tiet_ket_thuc, phong_hoc) VALUES ('24100480', 'QTKD_2_MH3', 'GV0024', 'HK1', 2024, 'DHTH10', 2, 1, 3, 'A101');
INSERT INTO mon_hoc (ma_mon_hoc, ten_mon_hoc, tin_chi_ly_thuyet, tin_chi_thuc_hanh, loai_mon) VALUES ('QTKD_2_MH4', 'Môn học 4 - QTKD2', 2, 0, 'ly_thuyet');
INSERT INTO mon_hoc_nganh (ma_mon_hoc, ma_nganh, ma_chuyen_nganh, la_chuyen_nganh, nam_ap_dung) VALUES ('QTKD_2_MH4', 'QTKD', 'QTKD2', TRUE, 2024);
INSERT INTO lop_hoc_phan (ma_lop_hoc_phan, ma_mon_hoc, ma_giang_vien, hoc_ky, nam_hoc, lop_hoc, thu_trong_tuan, tiet_bat_dau, tiet_ket_thuc, phong_hoc) VALUES ('24300481', 'QTKD_2_MH4', 'GV0027', 'HK1', 2024, 'DHTH2', 3, 1, 3, 'A101');
INSERT INTO lop_hoc_phan (ma_lop_hoc_phan, ma_mon_hoc, ma_giang_vien, hoc_ky, nam_hoc, lop_hoc, thu_trong_tuan, tiet_bat_dau, tiet_ket_thuc, phong_hoc) VALUES ('24200482', 'QTKD_2_MH4', 'GV0060', 'HK1', 2024, 'DHTH9', 3, 1, 3, 'A101');
INSERT INTO lop_hoc_phan (ma_lop_hoc_phan, ma_mon_hoc, ma_giang_vien, hoc_ky, nam_hoc, lop_hoc, thu_trong_tuan, tiet_bat_dau, tiet_ket_thuc, phong_hoc) VALUES ('24300483', 'QTKD_2_MH4', 'GV0095', 'HK1', 2024, 'DHTH9', 6, 1, 3, 'A101');
INSERT INTO lop_hoc_phan (ma_lop_hoc_phan, ma_mon_hoc, ma_giang_vien, hoc_ky, nam_hoc, lop_hoc, thu_trong_tuan, tiet_bat_dau, tiet_ket_thuc, phong_hoc) VALUES ('24300484', 'QTKD_2_MH4', 'GV0032', 'HK1', 2024, 'DHTH8', 5, 1, 3, 'A101');
INSERT INTO lop_hoc_phan (ma_lop_hoc_phan, ma_mon_hoc, ma_giang_vien, hoc_ky, nam_hoc, lop_hoc, thu_trong_tuan, tiet_bat_dau, tiet_ket_thuc, phong_hoc) VALUES ('24200485', 'QTKD_2_MH4', 'GV0098', 'HK1', 2024, 'DHTH6', 2, 1, 3, 'A101');
INSERT INTO lop_hoc_phan (ma_lop_hoc_phan, ma_mon_hoc, ma_giang_vien, hoc_ky, nam_hoc, lop_hoc, thu_trong_tuan, tiet_bat_dau, tiet_ket_thuc, phong_hoc) VALUES ('24100486', 'QTKD_2_MH4', 'GV0001', 'HK1', 2024, 'DHTH1', 4, 1, 3, 'A101');
INSERT INTO lop_hoc_phan (ma_lop_hoc_phan, ma_mon_hoc, ma_giang_vien, hoc_ky, nam_hoc, lop_hoc, thu_trong_tuan, tiet_bat_dau, tiet_ket_thuc, phong_hoc) VALUES ('24200487', 'QTKD_2_MH4', 'GV0014', 'HK1', 2024, 'DHTH7', 2, 1, 3, 'A101');
INSERT INTO lop_hoc_phan (ma_lop_hoc_phan, ma_mon_hoc, ma_giang_vien, hoc_ky, nam_hoc, lop_hoc, thu_trong_tuan, tiet_bat_dau, tiet_ket_thuc, phong_hoc) VALUES ('24300488', 'QTKD_2_MH4', 'GV0065', 'HK1', 2024, 'DHTH7', 4, 1, 3, 'A101');
INSERT INTO lop_hoc_phan (ma_lop_hoc_phan, ma_mon_hoc, ma_giang_vien, hoc_ky, nam_hoc, lop_hoc, thu_trong_tuan, tiet_bat_dau, tiet_ket_thuc, phong_hoc) VALUES ('24100489', 'QTKD_2_MH4', 'GV0086', 'HK1', 2024, 'DHTH5', 5, 1, 3, 'A101');
INSERT INTO lop_hoc_phan (ma_lop_hoc_phan, ma_mon_hoc, ma_giang_vien, hoc_ky, nam_hoc, lop_hoc, thu_trong_tuan, tiet_bat_dau, tiet_ket_thuc, phong_hoc) VALUES ('24200490', 'QTKD_2_MH4', 'GV0062', 'HK1', 2024, 'DHTH2', 2, 1, 3, 'A101');
INSERT INTO mon_hoc (ma_mon_hoc, ten_mon_hoc, tin_chi_ly_thuyet, tin_chi_thuc_hanh, loai_mon) VALUES ('QTKD_2_MH5', 'Môn học 5 - QTKD2', 2, 0, 'ly_thuyet');
INSERT INTO mon_hoc_nganh (ma_mon_hoc, ma_nganh, ma_chuyen_nganh, la_chuyen_nganh, nam_ap_dung) VALUES ('QTKD_2_MH5', 'QTKD', 'QTKD2', TRUE, 2024);
INSERT INTO lop_hoc_phan (ma_lop_hoc_phan, ma_mon_hoc, ma_giang_vien, hoc_ky, nam_hoc, lop_hoc, thu_trong_tuan, tiet_bat_dau, tiet_ket_thuc, phong_hoc) VALUES ('24200491', 'QTKD_2_MH5', 'GV0031', 'HK1', 2024, 'DHTH10', 5, 1, 3, 'A101');
INSERT INTO lop_hoc_phan (ma_lop_hoc_phan, ma_mon_hoc, ma_giang_vien, hoc_ky, nam_hoc, lop_hoc, thu_trong_tuan, tiet_bat_dau, tiet_ket_thuc, phong_hoc) VALUES ('24200492', 'QTKD_2_MH5', 'GV0035', 'HK1', 2024, 'DHTH6', 5, 1, 3, 'A101');
INSERT INTO lop_hoc_phan (ma_lop_hoc_phan, ma_mon_hoc, ma_giang_vien, hoc_ky, nam_hoc, lop_hoc, thu_trong_tuan, tiet_bat_dau, tiet_ket_thuc, phong_hoc) VALUES ('24200493', 'QTKD_2_MH5', 'GV0032', 'HK1', 2024, 'DHTH5', 5, 1, 3, 'A101');
INSERT INTO lop_hoc_phan (ma_lop_hoc_phan, ma_mon_hoc, ma_giang_vien, hoc_ky, nam_hoc, lop_hoc, thu_trong_tuan, tiet_bat_dau, tiet_ket_thuc, phong_hoc) VALUES ('24300494', 'QTKD_2_MH5', 'GV0027', 'HK1', 2024, 'DHTH4', 6, 1, 3, 'A101');
INSERT INTO lop_hoc_phan (ma_lop_hoc_phan, ma_mon_hoc, ma_giang_vien, hoc_ky, nam_hoc, lop_hoc, thu_trong_tuan, tiet_bat_dau, tiet_ket_thuc, phong_hoc) VALUES ('24100495', 'QTKD_2_MH5', 'GV0065', 'HK1', 2024, 'DHTH10', 5, 1, 3, 'A101');
INSERT INTO lop_hoc_phan (ma_lop_hoc_phan, ma_mon_hoc, ma_giang_vien, hoc_ky, nam_hoc, lop_hoc, thu_trong_tuan, tiet_bat_dau, tiet_ket_thuc, phong_hoc) VALUES ('24300496', 'QTKD_2_MH5', 'GV0072', 'HK1', 2024, 'DHTH3', 4, 1, 3, 'A101');
INSERT INTO lop_hoc_phan (ma_lop_hoc_phan, ma_mon_hoc, ma_giang_vien, hoc_ky, nam_hoc, lop_hoc, thu_trong_tuan, tiet_bat_dau, tiet_ket_thuc, phong_hoc) VALUES ('24200497', 'QTKD_2_MH5', 'GV0063', 'HK1', 2024, 'DHTH7', 5, 1, 3, 'A101');
INSERT INTO lop_hoc_phan (ma_lop_hoc_phan, ma_mon_hoc, ma_giang_vien, hoc_ky, nam_hoc, lop_hoc, thu_trong_tuan, tiet_bat_dau, tiet_ket_thuc, phong_hoc) VALUES ('24100498', 'QTKD_2_MH5', 'GV0092', 'HK1', 2024, 'DHTH7', 5, 1, 3, 'A101');
INSERT INTO lop_hoc_phan (ma_lop_hoc_phan, ma_mon_hoc, ma_giang_vien, hoc_ky, nam_hoc, lop_hoc, thu_trong_tuan, tiet_bat_dau, tiet_ket_thuc, phong_hoc) VALUES ('24200499', 'QTKD_2_MH5', 'GV0068', 'HK1', 2024, 'DHTH6', 3, 1, 3, 'A101');
INSERT INTO lop_hoc_phan (ma_lop_hoc_phan, ma_mon_hoc, ma_giang_vien, hoc_ky, nam_hoc, lop_hoc, thu_trong_tuan, tiet_bat_dau, tiet_ket_thuc, phong_hoc) VALUES ('24100500', 'QTKD_2_MH5', 'GV0032', 'HK1', 2024, 'DHTH10', 3, 1, 3, 'A101');
INSERT INTO mon_hoc (ma_mon_hoc, ten_mon_hoc, tin_chi_ly_thuyet, tin_chi_thuc_hanh, loai_mon) VALUES ('LUAT_1_MH1', 'Môn học 1 - LUAT1', 2, 0, 'ly_thuyet');
INSERT INTO mon_hoc_nganh (ma_mon_hoc, ma_nganh, ma_chuyen_nganh, la_chuyen_nganh, nam_ap_dung) VALUES ('LUAT_1_MH1', 'LUAT', 'LUAT1', TRUE, 2024);
INSERT INTO lop_hoc_phan (ma_lop_hoc_phan, ma_mon_hoc, ma_giang_vien, hoc_ky, nam_hoc, lop_hoc, thu_trong_tuan, tiet_bat_dau, tiet_ket_thuc, phong_hoc) VALUES ('24100501', 'LUAT_1_MH1', 'GV0056', 'HK1', 2024, 'DHTH4', 2, 1, 3, 'A101');
INSERT INTO lop_hoc_phan (ma_lop_hoc_phan, ma_mon_hoc, ma_giang_vien, hoc_ky, nam_hoc, lop_hoc, thu_trong_tuan, tiet_bat_dau, tiet_ket_thuc, phong_hoc) VALUES ('24300502', 'LUAT_1_MH1', 'GV0068', 'HK1', 2024, 'DHTH10', 4, 1, 3, 'A101');
INSERT INTO lop_hoc_phan (ma_lop_hoc_phan, ma_mon_hoc, ma_giang_vien, hoc_ky, nam_hoc, lop_hoc, thu_trong_tuan, tiet_bat_dau, tiet_ket_thuc, phong_hoc) VALUES ('24200503', 'LUAT_1_MH1', 'GV0057', 'HK1', 2024, 'DHTH2', 6, 1, 3, 'A101');
INSERT INTO lop_hoc_phan (ma_lop_hoc_phan, ma_mon_hoc, ma_giang_vien, hoc_ky, nam_hoc, lop_hoc, thu_trong_tuan, tiet_bat_dau, tiet_ket_thuc, phong_hoc) VALUES ('24300504', 'LUAT_1_MH1', 'GV0089', 'HK1', 2024, 'DHTH7', 3, 1, 3, 'A101');
INSERT INTO lop_hoc_phan (ma_lop_hoc_phan, ma_mon_hoc, ma_giang_vien, hoc_ky, nam_hoc, lop_hoc, thu_trong_tuan, tiet_bat_dau, tiet_ket_thuc, phong_hoc) VALUES ('24100505', 'LUAT_1_MH1', 'GV0085', 'HK1', 2024, 'DHTH5', 4, 1, 3, 'A101');
INSERT INTO lop_hoc_phan (ma_lop_hoc_phan, ma_mon_hoc, ma_giang_vien, hoc_ky, nam_hoc, lop_hoc, thu_trong_tuan, tiet_bat_dau, tiet_ket_thuc, phong_hoc) VALUES ('24300506', 'LUAT_1_MH1', 'GV0062', 'HK1', 2024, 'DHTH6', 6, 1, 3, 'A101');
INSERT INTO lop_hoc_phan (ma_lop_hoc_phan, ma_mon_hoc, ma_giang_vien, hoc_ky, nam_hoc, lop_hoc, thu_trong_tuan, tiet_bat_dau, tiet_ket_thuc, phong_hoc) VALUES ('24100507', 'LUAT_1_MH1', 'GV0088', 'HK1', 2024, 'DHTH6', 4, 1, 3, 'A101');
INSERT INTO lop_hoc_phan (ma_lop_hoc_phan, ma_mon_hoc, ma_giang_vien, hoc_ky, nam_hoc, lop_hoc, thu_trong_tuan, tiet_bat_dau, tiet_ket_thuc, phong_hoc) VALUES ('24300508', 'LUAT_1_MH1', 'GV0047', 'HK1', 2024, 'DHTH8', 5, 1, 3, 'A101');
INSERT INTO lop_hoc_phan (ma_lop_hoc_phan, ma_mon_hoc, ma_giang_vien, hoc_ky, nam_hoc, lop_hoc, thu_trong_tuan, tiet_bat_dau, tiet_ket_thuc, phong_hoc) VALUES ('24200509', 'LUAT_1_MH1', 'GV0013', 'HK1', 2024, 'DHTH5', 6, 1, 3, 'A101');
INSERT INTO lop_hoc_phan (ma_lop_hoc_phan, ma_mon_hoc, ma_giang_vien, hoc_ky, nam_hoc, lop_hoc, thu_trong_tuan, tiet_bat_dau, tiet_ket_thuc, phong_hoc) VALUES ('24100510', 'LUAT_1_MH1', 'GV0078', 'HK1', 2024, 'DHTH7', 4, 1, 3, 'A101');
INSERT INTO mon_hoc (ma_mon_hoc, ten_mon_hoc, tin_chi_ly_thuyet, tin_chi_thuc_hanh, loai_mon) VALUES ('LUAT_1_MH2', 'Môn học 2 - LUAT1', 2, 0, 'ly_thuyet');
INSERT INTO mon_hoc_nganh (ma_mon_hoc, ma_nganh, ma_chuyen_nganh, la_chuyen_nganh, nam_ap_dung) VALUES ('LUAT_1_MH2', 'LUAT', 'LUAT1', TRUE, 2024);
INSERT INTO lop_hoc_phan (ma_lop_hoc_phan, ma_mon_hoc, ma_giang_vien, hoc_ky, nam_hoc, lop_hoc, thu_trong_tuan, tiet_bat_dau, tiet_ket_thuc, phong_hoc) VALUES ('24100511', 'LUAT_1_MH2', 'GV0072', 'HK1', 2024, 'DHTH4', 5, 1, 3, 'A101');
INSERT INTO lop_hoc_phan (ma_lop_hoc_phan, ma_mon_hoc, ma_giang_vien, hoc_ky, nam_hoc, lop_hoc, thu_trong_tuan, tiet_bat_dau, tiet_ket_thuc, phong_hoc) VALUES ('24100512', 'LUAT_1_MH2', 'GV0034', 'HK1', 2024, 'DHTH8', 3, 1, 3, 'A101');
INSERT INTO lop_hoc_phan (ma_lop_hoc_phan, ma_mon_hoc, ma_giang_vien, hoc_ky, nam_hoc, lop_hoc, thu_trong_tuan, tiet_bat_dau, tiet_ket_thuc, phong_hoc) VALUES ('24100513', 'LUAT_1_MH2', 'GV0015', 'HK1', 2024, 'DHTH7', 2, 1, 3, 'A101');
INSERT INTO lop_hoc_phan (ma_lop_hoc_phan, ma_mon_hoc, ma_giang_vien, hoc_ky, nam_hoc, lop_hoc, thu_trong_tuan, tiet_bat_dau, tiet_ket_thuc, phong_hoc) VALUES ('24100514', 'LUAT_1_MH2', 'GV0063', 'HK1', 2024, 'DHTH5', 6, 1, 3, 'A101');
INSERT INTO lop_hoc_phan (ma_lop_hoc_phan, ma_mon_hoc, ma_giang_vien, hoc_ky, nam_hoc, lop_hoc, thu_trong_tuan, tiet_bat_dau, tiet_ket_thuc, phong_hoc) VALUES ('24200515', 'LUAT_1_MH2', 'GV0012', 'HK1', 2024, 'DHTH6', 5, 1, 3, 'A101');
INSERT INTO lop_hoc_phan (ma_lop_hoc_phan, ma_mon_hoc, ma_giang_vien, hoc_ky, nam_hoc, lop_hoc, thu_trong_tuan, tiet_bat_dau, tiet_ket_thuc, phong_hoc) VALUES ('24200516', 'LUAT_1_MH2', 'GV0080', 'HK1', 2024, 'DHTH4', 4, 1, 3, 'A101');
INSERT INTO lop_hoc_phan (ma_lop_hoc_phan, ma_mon_hoc, ma_giang_vien, hoc_ky, nam_hoc, lop_hoc, thu_trong_tuan, tiet_bat_dau, tiet_ket_thuc, phong_hoc) VALUES ('24200517', 'LUAT_1_MH2', 'GV0004', 'HK1', 2024, 'DHTH9', 5, 1, 3, 'A101');
INSERT INTO lop_hoc_phan (ma_lop_hoc_phan, ma_mon_hoc, ma_giang_vien, hoc_ky, nam_hoc, lop_hoc, thu_trong_tuan, tiet_bat_dau, tiet_ket_thuc, phong_hoc) VALUES ('24100518', 'LUAT_1_MH2', 'GV0015', 'HK1', 2024, 'DHTH1', 6, 1, 3, 'A101');
INSERT INTO lop_hoc_phan (ma_lop_hoc_phan, ma_mon_hoc, ma_giang_vien, hoc_ky, nam_hoc, lop_hoc, thu_trong_tuan, tiet_bat_dau, tiet_ket_thuc, phong_hoc) VALUES ('24200519', 'LUAT_1_MH2', 'GV0066', 'HK1', 2024, 'DHTH9', 4, 1, 3, 'A101');
INSERT INTO lop_hoc_phan (ma_lop_hoc_phan, ma_mon_hoc, ma_giang_vien, hoc_ky, nam_hoc, lop_hoc, thu_trong_tuan, tiet_bat_dau, tiet_ket_thuc, phong_hoc) VALUES ('24100520', 'LUAT_1_MH2', 'GV0018', 'HK1', 2024, 'DHTH2', 3, 1, 3, 'A101');
INSERT INTO mon_hoc (ma_mon_hoc, ten_mon_hoc, tin_chi_ly_thuyet, tin_chi_thuc_hanh, loai_mon) VALUES ('LUAT_1_MH3', 'Môn học 3 - LUAT1', 2, 0, 'ly_thuyet');
INSERT INTO mon_hoc_nganh (ma_mon_hoc, ma_nganh, ma_chuyen_nganh, la_chuyen_nganh, nam_ap_dung) VALUES ('LUAT_1_MH3', 'LUAT', 'LUAT1', TRUE, 2024);
INSERT INTO lop_hoc_phan (ma_lop_hoc_phan, ma_mon_hoc, ma_giang_vien, hoc_ky, nam_hoc, lop_hoc, thu_trong_tuan, tiet_bat_dau, tiet_ket_thuc, phong_hoc) VALUES ('24100521', 'LUAT_1_MH3', 'GV0027', 'HK1', 2024, 'DHTH10', 6, 1, 3, 'A101');
INSERT INTO lop_hoc_phan (ma_lop_hoc_phan, ma_mon_hoc, ma_giang_vien, hoc_ky, nam_hoc, lop_hoc, thu_trong_tuan, tiet_bat_dau, tiet_ket_thuc, phong_hoc) VALUES ('24300522', 'LUAT_1_MH3', 'GV0075', 'HK1', 2024, 'DHTH7', 4, 1, 3, 'A101');
INSERT INTO lop_hoc_phan (ma_lop_hoc_phan, ma_mon_hoc, ma_giang_vien, hoc_ky, nam_hoc, lop_hoc, thu_trong_tuan, tiet_bat_dau, tiet_ket_thuc, phong_hoc) VALUES ('24200523', 'LUAT_1_MH3', 'GV0083', 'HK1', 2024, 'DHTH4', 4, 1, 3, 'A101');
INSERT INTO lop_hoc_phan (ma_lop_hoc_phan, ma_mon_hoc, ma_giang_vien, hoc_ky, nam_hoc, lop_hoc, thu_trong_tuan, tiet_bat_dau, tiet_ket_thuc, phong_hoc) VALUES ('24100524', 'LUAT_1_MH3', 'GV0054', 'HK1', 2024, 'DHTH5', 2, 1, 3, 'A101');
INSERT INTO lop_hoc_phan (ma_lop_hoc_phan, ma_mon_hoc, ma_giang_vien, hoc_ky, nam_hoc, lop_hoc, thu_trong_tuan, tiet_bat_dau, tiet_ket_thuc, phong_hoc) VALUES ('24300525', 'LUAT_1_MH3', 'GV0041', 'HK1', 2024, 'DHTH2', 4, 1, 3, 'A101');
INSERT INTO lop_hoc_phan (ma_lop_hoc_phan, ma_mon_hoc, ma_giang_vien, hoc_ky, nam_hoc, lop_hoc, thu_trong_tuan, tiet_bat_dau, tiet_ket_thuc, phong_hoc) VALUES ('24100526', 'LUAT_1_MH3', 'GV0089', 'HK1', 2024, 'DHTH9', 3, 1, 3, 'A101');
INSERT INTO lop_hoc_phan (ma_lop_hoc_phan, ma_mon_hoc, ma_giang_vien, hoc_ky, nam_hoc, lop_hoc, thu_trong_tuan, tiet_bat_dau, tiet_ket_thuc, phong_hoc) VALUES ('24300527', 'LUAT_1_MH3', 'GV0093', 'HK1', 2024, 'DHTH7', 5, 1, 3, 'A101');
INSERT INTO lop_hoc_phan (ma_lop_hoc_phan, ma_mon_hoc, ma_giang_vien, hoc_ky, nam_hoc, lop_hoc, thu_trong_tuan, tiet_bat_dau, tiet_ket_thuc, phong_hoc) VALUES ('24100528', 'LUAT_1_MH3', 'GV0045', 'HK1', 2024, 'DHTH2', 4, 1, 3, 'A101');
INSERT INTO lop_hoc_phan (ma_lop_hoc_phan, ma_mon_hoc, ma_giang_vien, hoc_ky, nam_hoc, lop_hoc, thu_trong_tuan, tiet_bat_dau, tiet_ket_thuc, phong_hoc) VALUES ('24200529', 'LUAT_1_MH3', 'GV0049', 'HK1', 2024, 'DHTH7', 2, 1, 3, 'A101');
INSERT INTO lop_hoc_phan (ma_lop_hoc_phan, ma_mon_hoc, ma_giang_vien, hoc_ky, nam_hoc, lop_hoc, thu_trong_tuan, tiet_bat_dau, tiet_ket_thuc, phong_hoc) VALUES ('24300530', 'LUAT_1_MH3', 'GV0058', 'HK1', 2024, 'DHTH2', 2, 1, 3, 'A101');
INSERT INTO mon_hoc (ma_mon_hoc, ten_mon_hoc, tin_chi_ly_thuyet, tin_chi_thuc_hanh, loai_mon) VALUES ('LUAT_1_MH4', 'Môn học 4 - LUAT1', 2, 0, 'ly_thuyet');
INSERT INTO mon_hoc_nganh (ma_mon_hoc, ma_nganh, ma_chuyen_nganh, la_chuyen_nganh, nam_ap_dung) VALUES ('LUAT_1_MH4', 'LUAT', 'LUAT1', TRUE, 2024);
INSERT INTO lop_hoc_phan (ma_lop_hoc_phan, ma_mon_hoc, ma_giang_vien, hoc_ky, nam_hoc, lop_hoc, thu_trong_tuan, tiet_bat_dau, tiet_ket_thuc, phong_hoc) VALUES ('24300531', 'LUAT_1_MH4', 'GV0035', 'HK1', 2024, 'DHTH1', 2, 1, 3, 'A101');
INSERT INTO lop_hoc_phan (ma_lop_hoc_phan, ma_mon_hoc, ma_giang_vien, hoc_ky, nam_hoc, lop_hoc, thu_trong_tuan, tiet_bat_dau, tiet_ket_thuc, phong_hoc) VALUES ('24100532', 'LUAT_1_MH4', 'GV0098', 'HK1', 2024, 'DHTH3', 2, 1, 3, 'A101');
INSERT INTO lop_hoc_phan (ma_lop_hoc_phan, ma_mon_hoc, ma_giang_vien, hoc_ky, nam_hoc, lop_hoc, thu_trong_tuan, tiet_bat_dau, tiet_ket_thuc, phong_hoc) VALUES ('24200533', 'LUAT_1_MH4', 'GV0017', 'HK1', 2024, 'DHTH6', 6, 1, 3, 'A101');
INSERT INTO lop_hoc_phan (ma_lop_hoc_phan, ma_mon_hoc, ma_giang_vien, hoc_ky, nam_hoc, lop_hoc, thu_trong_tuan, tiet_bat_dau, tiet_ket_thuc, phong_hoc) VALUES ('24300534', 'LUAT_1_MH4', 'GV0033', 'HK1', 2024, 'DHTH1', 6, 1, 3, 'A101');
INSERT INTO lop_hoc_phan (ma_lop_hoc_phan, ma_mon_hoc, ma_giang_vien, hoc_ky, nam_hoc, lop_hoc, thu_trong_tuan, tiet_bat_dau, tiet_ket_thuc, phong_hoc) VALUES ('24300535', 'LUAT_1_MH4', 'GV0050', 'HK1', 2024, 'DHTH6', 3, 1, 3, 'A101');
INSERT INTO lop_hoc_phan (ma_lop_hoc_phan, ma_mon_hoc, ma_giang_vien, hoc_ky, nam_hoc, lop_hoc, thu_trong_tuan, tiet_bat_dau, tiet_ket_thuc, phong_hoc) VALUES ('24100536', 'LUAT_1_MH4', 'GV0074', 'HK1', 2024, 'DHTH4', 6, 1, 3, 'A101');
INSERT INTO lop_hoc_phan (ma_lop_hoc_phan, ma_mon_hoc, ma_giang_vien, hoc_ky, nam_hoc, lop_hoc, thu_trong_tuan, tiet_bat_dau, tiet_ket_thuc, phong_hoc) VALUES ('24300537', 'LUAT_1_MH4', 'GV0036', 'HK1', 2024, 'DHTH8', 2, 1, 3, 'A101');
INSERT INTO lop_hoc_phan (ma_lop_hoc_phan, ma_mon_hoc, ma_giang_vien, hoc_ky, nam_hoc, lop_hoc, thu_trong_tuan, tiet_bat_dau, tiet_ket_thuc, phong_hoc) VALUES ('24200538', 'LUAT_1_MH4', 'GV0062', 'HK1', 2024, 'DHTH9', 3, 1, 3, 'A101');
INSERT INTO lop_hoc_phan (ma_lop_hoc_phan, ma_mon_hoc, ma_giang_vien, hoc_ky, nam_hoc, lop_hoc, thu_trong_tuan, tiet_bat_dau, tiet_ket_thuc, phong_hoc) VALUES ('24200539', 'LUAT_1_MH4', 'GV0066', 'HK1', 2024, 'DHTH1', 2, 1, 3, 'A101');
INSERT INTO lop_hoc_phan (ma_lop_hoc_phan, ma_mon_hoc, ma_giang_vien, hoc_ky, nam_hoc, lop_hoc, thu_trong_tuan, tiet_bat_dau, tiet_ket_thuc, phong_hoc) VALUES ('24300540', 'LUAT_1_MH4', 'GV0070', 'HK1', 2024, 'DHTH5', 2, 1, 3, 'A101');
INSERT INTO mon_hoc (ma_mon_hoc, ten_mon_hoc, tin_chi_ly_thuyet, tin_chi_thuc_hanh, loai_mon) VALUES ('LUAT_1_MH5', 'Môn học 5 - LUAT1', 2, 0, 'ly_thuyet');
INSERT INTO mon_hoc_nganh (ma_mon_hoc, ma_nganh, ma_chuyen_nganh, la_chuyen_nganh, nam_ap_dung) VALUES ('LUAT_1_MH5', 'LUAT', 'LUAT1', TRUE, 2024);
INSERT INTO lop_hoc_phan (ma_lop_hoc_phan, ma_mon_hoc, ma_giang_vien, hoc_ky, nam_hoc, lop_hoc, thu_trong_tuan, tiet_bat_dau, tiet_ket_thuc, phong_hoc) VALUES ('24300541', 'LUAT_1_MH5', 'GV0057', 'HK1', 2024, 'DHTH5', 2, 1, 3, 'A101');
INSERT INTO lop_hoc_phan (ma_lop_hoc_phan, ma_mon_hoc, ma_giang_vien, hoc_ky, nam_hoc, lop_hoc, thu_trong_tuan, tiet_bat_dau, tiet_ket_thuc, phong_hoc) VALUES ('24100542', 'LUAT_1_MH5', 'GV0093', 'HK1', 2024, 'DHTH8', 6, 1, 3, 'A101');
INSERT INTO lop_hoc_phan (ma_lop_hoc_phan, ma_mon_hoc, ma_giang_vien, hoc_ky, nam_hoc, lop_hoc, thu_trong_tuan, tiet_bat_dau, tiet_ket_thuc, phong_hoc) VALUES ('24200543', 'LUAT_1_MH5', 'GV0099', 'HK1', 2024, 'DHTH7', 4, 1, 3, 'A101');
INSERT INTO lop_hoc_phan (ma_lop_hoc_phan, ma_mon_hoc, ma_giang_vien, hoc_ky, nam_hoc, lop_hoc, thu_trong_tuan, tiet_bat_dau, tiet_ket_thuc, phong_hoc) VALUES ('24200544', 'LUAT_1_MH5', 'GV0021', 'HK1', 2024, 'DHTH3', 4, 1, 3, 'A101');
INSERT INTO lop_hoc_phan (ma_lop_hoc_phan, ma_mon_hoc, ma_giang_vien, hoc_ky, nam_hoc, lop_hoc, thu_trong_tuan, tiet_bat_dau, tiet_ket_thuc, phong_hoc) VALUES ('24200545', 'LUAT_1_MH5', 'GV0099', 'HK1', 2024, 'DHTH2', 3, 1, 3, 'A101');
INSERT INTO lop_hoc_phan (ma_lop_hoc_phan, ma_mon_hoc, ma_giang_vien, hoc_ky, nam_hoc, lop_hoc, thu_trong_tuan, tiet_bat_dau, tiet_ket_thuc, phong_hoc) VALUES ('24300546', 'LUAT_1_MH5', 'GV0044', 'HK1', 2024, 'DHTH5', 4, 1, 3, 'A101');
INSERT INTO lop_hoc_phan (ma_lop_hoc_phan, ma_mon_hoc, ma_giang_vien, hoc_ky, nam_hoc, lop_hoc, thu_trong_tuan, tiet_bat_dau, tiet_ket_thuc, phong_hoc) VALUES ('24200547', 'LUAT_1_MH5', 'GV0083', 'HK1', 2024, 'DHTH2', 3, 1, 3, 'A101');
INSERT INTO lop_hoc_phan (ma_lop_hoc_phan, ma_mon_hoc, ma_giang_vien, hoc_ky, nam_hoc, lop_hoc, thu_trong_tuan, tiet_bat_dau, tiet_ket_thuc, phong_hoc) VALUES ('24300548', 'LUAT_1_MH5', 'GV0013', 'HK1', 2024, 'DHTH7', 5, 1, 3, 'A101');
INSERT INTO lop_hoc_phan (ma_lop_hoc_phan, ma_mon_hoc, ma_giang_vien, hoc_ky, nam_hoc, lop_hoc, thu_trong_tuan, tiet_bat_dau, tiet_ket_thuc, phong_hoc) VALUES ('24100549', 'LUAT_1_MH5', 'GV0083', 'HK1', 2024, 'DHTH8', 6, 1, 3, 'A101');
INSERT INTO lop_hoc_phan (ma_lop_hoc_phan, ma_mon_hoc, ma_giang_vien, hoc_ky, nam_hoc, lop_hoc, thu_trong_tuan, tiet_bat_dau, tiet_ket_thuc, phong_hoc) VALUES ('24300550', 'LUAT_1_MH5', 'GV0089', 'HK1', 2024, 'DHTH3', 4, 1, 3, 'A101');
INSERT INTO mon_hoc (ma_mon_hoc, ten_mon_hoc, tin_chi_ly_thuyet, tin_chi_thuc_hanh, loai_mon) VALUES ('LUAT_2_MH1', 'Môn học 1 - LUAT2', 2, 0, 'ly_thuyet');
INSERT INTO mon_hoc_nganh (ma_mon_hoc, ma_nganh, ma_chuyen_nganh, la_chuyen_nganh, nam_ap_dung) VALUES ('LUAT_2_MH1', 'LUAT', 'LUAT2', TRUE, 2024);
INSERT INTO lop_hoc_phan (ma_lop_hoc_phan, ma_mon_hoc, ma_giang_vien, hoc_ky, nam_hoc, lop_hoc, thu_trong_tuan, tiet_bat_dau, tiet_ket_thuc, phong_hoc) VALUES ('24100551', 'LUAT_2_MH1', 'GV0064', 'HK1', 2024, 'DHTH5', 2, 1, 3, 'A101');
INSERT INTO lop_hoc_phan (ma_lop_hoc_phan, ma_mon_hoc, ma_giang_vien, hoc_ky, nam_hoc, lop_hoc, thu_trong_tuan, tiet_bat_dau, tiet_ket_thuc, phong_hoc) VALUES ('24300552', 'LUAT_2_MH1', 'GV0091', 'HK1', 2024, 'DHTH2', 4, 1, 3, 'A101');
INSERT INTO lop_hoc_phan (ma_lop_hoc_phan, ma_mon_hoc, ma_giang_vien, hoc_ky, nam_hoc, lop_hoc, thu_trong_tuan, tiet_bat_dau, tiet_ket_thuc, phong_hoc) VALUES ('24300553', 'LUAT_2_MH1', 'GV0071', 'HK1', 2024, 'DHTH9', 2, 1, 3, 'A101');
INSERT INTO lop_hoc_phan (ma_lop_hoc_phan, ma_mon_hoc, ma_giang_vien, hoc_ky, nam_hoc, lop_hoc, thu_trong_tuan, tiet_bat_dau, tiet_ket_thuc, phong_hoc) VALUES ('24200554', 'LUAT_2_MH1', 'GV0047', 'HK1', 2024, 'DHTH2', 4, 1, 3, 'A101');
INSERT INTO lop_hoc_phan (ma_lop_hoc_phan, ma_mon_hoc, ma_giang_vien, hoc_ky, nam_hoc, lop_hoc, thu_trong_tuan, tiet_bat_dau, tiet_ket_thuc, phong_hoc) VALUES ('24200555', 'LUAT_2_MH1', 'GV0008', 'HK1', 2024, 'DHTH8', 4, 1, 3, 'A101');
INSERT INTO lop_hoc_phan (ma_lop_hoc_phan, ma_mon_hoc, ma_giang_vien, hoc_ky, nam_hoc, lop_hoc, thu_trong_tuan, tiet_bat_dau, tiet_ket_thuc, phong_hoc) VALUES ('24200556', 'LUAT_2_MH1', 'GV0099', 'HK1', 2024, 'DHTH10', 3, 1, 3, 'A101');
INSERT INTO lop_hoc_phan (ma_lop_hoc_phan, ma_mon_hoc, ma_giang_vien, hoc_ky, nam_hoc, lop_hoc, thu_trong_tuan, tiet_bat_dau, tiet_ket_thuc, phong_hoc) VALUES ('24300557', 'LUAT_2_MH1', 'GV0058', 'HK1', 2024, 'DHTH9', 3, 1, 3, 'A101');
INSERT INTO lop_hoc_phan (ma_lop_hoc_phan, ma_mon_hoc, ma_giang_vien, hoc_ky, nam_hoc, lop_hoc, thu_trong_tuan, tiet_bat_dau, tiet_ket_thuc, phong_hoc) VALUES ('24300558', 'LUAT_2_MH1', 'GV0093', 'HK1', 2024, 'DHTH9', 2, 1, 3, 'A101');
INSERT INTO lop_hoc_phan (ma_lop_hoc_phan, ma_mon_hoc, ma_giang_vien, hoc_ky, nam_hoc, lop_hoc, thu_trong_tuan, tiet_bat_dau, tiet_ket_thuc, phong_hoc) VALUES ('24200559', 'LUAT_2_MH1', 'GV0046', 'HK1', 2024, 'DHTH6', 3, 1, 3, 'A101');
INSERT INTO lop_hoc_phan (ma_lop_hoc_phan, ma_mon_hoc, ma_giang_vien, hoc_ky, nam_hoc, lop_hoc, thu_trong_tuan, tiet_bat_dau, tiet_ket_thuc, phong_hoc) VALUES ('24200560', 'LUAT_2_MH1', 'GV0066', 'HK1', 2024, 'DHTH2', 4, 1, 3, 'A101');
INSERT INTO mon_hoc (ma_mon_hoc, ten_mon_hoc, tin_chi_ly_thuyet, tin_chi_thuc_hanh, loai_mon) VALUES ('LUAT_2_MH2', 'Môn học 2 - LUAT2', 2, 0, 'ly_thuyet');
INSERT INTO mon_hoc_nganh (ma_mon_hoc, ma_nganh, ma_chuyen_nganh, la_chuyen_nganh, nam_ap_dung) VALUES ('LUAT_2_MH2', 'LUAT', 'LUAT2', TRUE, 2024);
INSERT INTO lop_hoc_phan (ma_lop_hoc_phan, ma_mon_hoc, ma_giang_vien, hoc_ky, nam_hoc, lop_hoc, thu_trong_tuan, tiet_bat_dau, tiet_ket_thuc, phong_hoc) VALUES ('24100561', 'LUAT_2_MH2', 'GV0075', 'HK1', 2024, 'DHTH4', 5, 1, 3, 'A101');
INSERT INTO lop_hoc_phan (ma_lop_hoc_phan, ma_mon_hoc, ma_giang_vien, hoc_ky, nam_hoc, lop_hoc, thu_trong_tuan, tiet_bat_dau, tiet_ket_thuc, phong_hoc) VALUES ('24200562', 'LUAT_2_MH2', 'GV0050', 'HK1', 2024, 'DHTH8', 5, 1, 3, 'A101');
INSERT INTO lop_hoc_phan (ma_lop_hoc_phan, ma_mon_hoc, ma_giang_vien, hoc_ky, nam_hoc, lop_hoc, thu_trong_tuan, tiet_bat_dau, tiet_ket_thuc, phong_hoc) VALUES ('24300563', 'LUAT_2_MH2', 'GV0017', 'HK1', 2024, 'DHTH5', 2, 1, 3, 'A101');
INSERT INTO lop_hoc_phan (ma_lop_hoc_phan, ma_mon_hoc, ma_giang_vien, hoc_ky, nam_hoc, lop_hoc, thu_trong_tuan, tiet_bat_dau, tiet_ket_thuc, phong_hoc) VALUES ('24100564', 'LUAT_2_MH2', 'GV0041', 'HK1', 2024, 'DHTH5', 5, 1, 3, 'A101');
INSERT INTO lop_hoc_phan (ma_lop_hoc_phan, ma_mon_hoc, ma_giang_vien, hoc_ky, nam_hoc, lop_hoc, thu_trong_tuan, tiet_bat_dau, tiet_ket_thuc, phong_hoc) VALUES ('24300565', 'LUAT_2_MH2', 'GV0072', 'HK1', 2024, 'DHTH6', 6, 1, 3, 'A101');
INSERT INTO lop_hoc_phan (ma_lop_hoc_phan, ma_mon_hoc, ma_giang_vien, hoc_ky, nam_hoc, lop_hoc, thu_trong_tuan, tiet_bat_dau, tiet_ket_thuc, phong_hoc) VALUES ('24100566', 'LUAT_2_MH2', 'GV0018', 'HK1', 2024, 'DHTH10', 4, 1, 3, 'A101');
INSERT INTO lop_hoc_phan (ma_lop_hoc_phan, ma_mon_hoc, ma_giang_vien, hoc_ky, nam_hoc, lop_hoc, thu_trong_tuan, tiet_bat_dau, tiet_ket_thuc, phong_hoc) VALUES ('24300567', 'LUAT_2_MH2', 'GV0060', 'HK1', 2024, 'DHTH1', 4, 1, 3, 'A101');
INSERT INTO lop_hoc_phan (ma_lop_hoc_phan, ma_mon_hoc, ma_giang_vien, hoc_ky, nam_hoc, lop_hoc, thu_trong_tuan, tiet_bat_dau, tiet_ket_thuc, phong_hoc) VALUES ('24100568', 'LUAT_2_MH2', 'GV0001', 'HK1', 2024, 'DHTH1', 3, 1, 3, 'A101');
INSERT INTO lop_hoc_phan (ma_lop_hoc_phan, ma_mon_hoc, ma_giang_vien, hoc_ky, nam_hoc, lop_hoc, thu_trong_tuan, tiet_bat_dau, tiet_ket_thuc, phong_hoc) VALUES ('24300569', 'LUAT_2_MH2', 'GV0027', 'HK1', 2024, 'DHTH5', 5, 1, 3, 'A101');
INSERT INTO lop_hoc_phan (ma_lop_hoc_phan, ma_mon_hoc, ma_giang_vien, hoc_ky, nam_hoc, lop_hoc, thu_trong_tuan, tiet_bat_dau, tiet_ket_thuc, phong_hoc) VALUES ('24300570', 'LUAT_2_MH2', 'GV0034', 'HK1', 2024, 'DHTH9', 3, 1, 3, 'A101');
INSERT INTO mon_hoc (ma_mon_hoc, ten_mon_hoc, tin_chi_ly_thuyet, tin_chi_thuc_hanh, loai_mon) VALUES ('LUAT_2_MH3', 'Môn học 3 - LUAT2', 2, 0, 'ly_thuyet');
INSERT INTO mon_hoc_nganh (ma_mon_hoc, ma_nganh, ma_chuyen_nganh, la_chuyen_nganh, nam_ap_dung) VALUES ('LUAT_2_MH3', 'LUAT', 'LUAT2', TRUE, 2024);
INSERT INTO lop_hoc_phan (ma_lop_hoc_phan, ma_mon_hoc, ma_giang_vien, hoc_ky, nam_hoc, lop_hoc, thu_trong_tuan, tiet_bat_dau, tiet_ket_thuc, phong_hoc) VALUES ('24200571', 'LUAT_2_MH3', 'GV0072', 'HK1', 2024, 'DHTH10', 3, 1, 3, 'A101');
INSERT INTO lop_hoc_phan (ma_lop_hoc_phan, ma_mon_hoc, ma_giang_vien, hoc_ky, nam_hoc, lop_hoc, thu_trong_tuan, tiet_bat_dau, tiet_ket_thuc, phong_hoc) VALUES ('24100572', 'LUAT_2_MH3', 'GV0070', 'HK1', 2024, 'DHTH9', 5, 1, 3, 'A101');
INSERT INTO lop_hoc_phan (ma_lop_hoc_phan, ma_mon_hoc, ma_giang_vien, hoc_ky, nam_hoc, lop_hoc, thu_trong_tuan, tiet_bat_dau, tiet_ket_thuc, phong_hoc) VALUES ('24200573', 'LUAT_2_MH3', 'GV0027', 'HK1', 2024, 'DHTH3', 6, 1, 3, 'A101');
INSERT INTO lop_hoc_phan (ma_lop_hoc_phan, ma_mon_hoc, ma_giang_vien, hoc_ky, nam_hoc, lop_hoc, thu_trong_tuan, tiet_bat_dau, tiet_ket_thuc, phong_hoc) VALUES ('24200574', 'LUAT_2_MH3', 'GV0095', 'HK1', 2024, 'DHTH5', 6, 1, 3, 'A101');
INSERT INTO lop_hoc_phan (ma_lop_hoc_phan, ma_mon_hoc, ma_giang_vien, hoc_ky, nam_hoc, lop_hoc, thu_trong_tuan, tiet_bat_dau, tiet_ket_thuc, phong_hoc) VALUES ('24100575', 'LUAT_2_MH3', 'GV0075', 'HK1', 2024, 'DHTH5', 6, 1, 3, 'A101');
INSERT INTO lop_hoc_phan (ma_lop_hoc_phan, ma_mon_hoc, ma_giang_vien, hoc_ky, nam_hoc, lop_hoc, thu_trong_tuan, tiet_bat_dau, tiet_ket_thuc, phong_hoc) VALUES ('24100576', 'LUAT_2_MH3', 'GV0067', 'HK1', 2024, 'DHTH7', 6, 1, 3, 'A101');
INSERT INTO lop_hoc_phan (ma_lop_hoc_phan, ma_mon_hoc, ma_giang_vien, hoc_ky, nam_hoc, lop_hoc, thu_trong_tuan, tiet_bat_dau, tiet_ket_thuc, phong_hoc) VALUES ('24200577', 'LUAT_2_MH3', 'GV0085', 'HK1', 2024, 'DHTH1', 2, 1, 3, 'A101');
INSERT INTO lop_hoc_phan (ma_lop_hoc_phan, ma_mon_hoc, ma_giang_vien, hoc_ky, nam_hoc, lop_hoc, thu_trong_tuan, tiet_bat_dau, tiet_ket_thuc, phong_hoc) VALUES ('24100578', 'LUAT_2_MH3', 'GV0016', 'HK1', 2024, 'DHTH9', 5, 1, 3, 'A101');
INSERT INTO lop_hoc_phan (ma_lop_hoc_phan, ma_mon_hoc, ma_giang_vien, hoc_ky, nam_hoc, lop_hoc, thu_trong_tuan, tiet_bat_dau, tiet_ket_thuc, phong_hoc) VALUES ('24200579', 'LUAT_2_MH3', 'GV0018', 'HK1', 2024, 'DHTH9', 4, 1, 3, 'A101');
INSERT INTO lop_hoc_phan (ma_lop_hoc_phan, ma_mon_hoc, ma_giang_vien, hoc_ky, nam_hoc, lop_hoc, thu_trong_tuan, tiet_bat_dau, tiet_ket_thuc, phong_hoc) VALUES ('24100580', 'LUAT_2_MH3', 'GV0023', 'HK1', 2024, 'DHTH2', 3, 1, 3, 'A101');
INSERT INTO mon_hoc (ma_mon_hoc, ten_mon_hoc, tin_chi_ly_thuyet, tin_chi_thuc_hanh, loai_mon) VALUES ('LUAT_2_MH4', 'Môn học 4 - LUAT2', 2, 0, 'ly_thuyet');
INSERT INTO mon_hoc_nganh (ma_mon_hoc, ma_nganh, ma_chuyen_nganh, la_chuyen_nganh, nam_ap_dung) VALUES ('LUAT_2_MH4', 'LUAT', 'LUAT2', TRUE, 2024);
INSERT INTO lop_hoc_phan (ma_lop_hoc_phan, ma_mon_hoc, ma_giang_vien, hoc_ky, nam_hoc, lop_hoc, thu_trong_tuan, tiet_bat_dau, tiet_ket_thuc, phong_hoc) VALUES ('24300581', 'LUAT_2_MH4', 'GV0018', 'HK1', 2024, 'DHTH2', 5, 1, 3, 'A101');
INSERT INTO lop_hoc_phan (ma_lop_hoc_phan, ma_mon_hoc, ma_giang_vien, hoc_ky, nam_hoc, lop_hoc, thu_trong_tuan, tiet_bat_dau, tiet_ket_thuc, phong_hoc) VALUES ('24300582', 'LUAT_2_MH4', 'GV0068', 'HK1', 2024, 'DHTH3', 6, 1, 3, 'A101');
INSERT INTO lop_hoc_phan (ma_lop_hoc_phan, ma_mon_hoc, ma_giang_vien, hoc_ky, nam_hoc, lop_hoc, thu_trong_tuan, tiet_bat_dau, tiet_ket_thuc, phong_hoc) VALUES ('24200583', 'LUAT_2_MH4', 'GV0067', 'HK1', 2024, 'DHTH4', 3, 1, 3, 'A101');
INSERT INTO lop_hoc_phan (ma_lop_hoc_phan, ma_mon_hoc, ma_giang_vien, hoc_ky, nam_hoc, lop_hoc, thu_trong_tuan, tiet_bat_dau, tiet_ket_thuc, phong_hoc) VALUES ('24200584', 'LUAT_2_MH4', 'GV0012', 'HK1', 2024, 'DHTH6', 5, 1, 3, 'A101');
INSERT INTO lop_hoc_phan (ma_lop_hoc_phan, ma_mon_hoc, ma_giang_vien, hoc_ky, nam_hoc, lop_hoc, thu_trong_tuan, tiet_bat_dau, tiet_ket_thuc, phong_hoc) VALUES ('24100585', 'LUAT_2_MH4', 'GV0054', 'HK1', 2024, 'DHTH2', 6, 1, 3, 'A101');
INSERT INTO lop_hoc_phan (ma_lop_hoc_phan, ma_mon_hoc, ma_giang_vien, hoc_ky, nam_hoc, lop_hoc, thu_trong_tuan, tiet_bat_dau, tiet_ket_thuc, phong_hoc) VALUES ('24200586', 'LUAT_2_MH4', 'GV0080', 'HK1', 2024, 'DHTH5', 6, 1, 3, 'A101');
INSERT INTO lop_hoc_phan (ma_lop_hoc_phan, ma_mon_hoc, ma_giang_vien, hoc_ky, nam_hoc, lop_hoc, thu_trong_tuan, tiet_bat_dau, tiet_ket_thuc, phong_hoc) VALUES ('24300587', 'LUAT_2_MH4', 'GV0052', 'HK1', 2024, 'DHTH6', 6, 1, 3, 'A101');
INSERT INTO lop_hoc_phan (ma_lop_hoc_phan, ma_mon_hoc, ma_giang_vien, hoc_ky, nam_hoc, lop_hoc, thu_trong_tuan, tiet_bat_dau, tiet_ket_thuc, phong_hoc) VALUES ('24200588', 'LUAT_2_MH4', 'GV0012', 'HK1', 2024, 'DHTH1', 6, 1, 3, 'A101');
INSERT INTO lop_hoc_phan (ma_lop_hoc_phan, ma_mon_hoc, ma_giang_vien, hoc_ky, nam_hoc, lop_hoc, thu_trong_tuan, tiet_bat_dau, tiet_ket_thuc, phong_hoc) VALUES ('24300589', 'LUAT_2_MH4', 'GV0060', 'HK1', 2024, 'DHTH4', 5, 1, 3, 'A101');
INSERT INTO lop_hoc_phan (ma_lop_hoc_phan, ma_mon_hoc, ma_giang_vien, hoc_ky, nam_hoc, lop_hoc, thu_trong_tuan, tiet_bat_dau, tiet_ket_thuc, phong_hoc) VALUES ('24200590', 'LUAT_2_MH4', 'GV0086', 'HK1', 2024, 'DHTH9', 6, 1, 3, 'A101');
INSERT INTO mon_hoc (ma_mon_hoc, ten_mon_hoc, tin_chi_ly_thuyet, tin_chi_thuc_hanh, loai_mon) VALUES ('LUAT_2_MH5', 'Môn học 5 - LUAT2', 2, 0, 'ly_thuyet');
INSERT INTO mon_hoc_nganh (ma_mon_hoc, ma_nganh, ma_chuyen_nganh, la_chuyen_nganh, nam_ap_dung) VALUES ('LUAT_2_MH5', 'LUAT', 'LUAT2', TRUE, 2024);
INSERT INTO lop_hoc_phan (ma_lop_hoc_phan, ma_mon_hoc, ma_giang_vien, hoc_ky, nam_hoc, lop_hoc, thu_trong_tuan, tiet_bat_dau, tiet_ket_thuc, phong_hoc) VALUES ('24100591', 'LUAT_2_MH5', 'GV0019', 'HK1', 2024, 'DHTH9', 2, 1, 3, 'A101');
INSERT INTO lop_hoc_phan (ma_lop_hoc_phan, ma_mon_hoc, ma_giang_vien, hoc_ky, nam_hoc, lop_hoc, thu_trong_tuan, tiet_bat_dau, tiet_ket_thuc, phong_hoc) VALUES ('24300592', 'LUAT_2_MH5', 'GV0007', 'HK1', 2024, 'DHTH3', 3, 1, 3, 'A101');
INSERT INTO lop_hoc_phan (ma_lop_hoc_phan, ma_mon_hoc, ma_giang_vien, hoc_ky, nam_hoc, lop_hoc, thu_trong_tuan, tiet_bat_dau, tiet_ket_thuc, phong_hoc) VALUES ('24100593', 'LUAT_2_MH5', 'GV0041', 'HK1', 2024, 'DHTH8', 3, 1, 3, 'A101');
INSERT INTO lop_hoc_phan (ma_lop_hoc_phan, ma_mon_hoc, ma_giang_vien, hoc_ky, nam_hoc, lop_hoc, thu_trong_tuan, tiet_bat_dau, tiet_ket_thuc, phong_hoc) VALUES ('24300594', 'LUAT_2_MH5', 'GV0002', 'HK1', 2024, 'DHTH6', 4, 1, 3, 'A101');
INSERT INTO lop_hoc_phan (ma_lop_hoc_phan, ma_mon_hoc, ma_giang_vien, hoc_ky, nam_hoc, lop_hoc, thu_trong_tuan, tiet_bat_dau, tiet_ket_thuc, phong_hoc) VALUES ('24300595', 'LUAT_2_MH5', 'GV0058', 'HK1', 2024, 'DHTH6', 5, 1, 3, 'A101');
INSERT INTO lop_hoc_phan (ma_lop_hoc_phan, ma_mon_hoc, ma_giang_vien, hoc_ky, nam_hoc, lop_hoc, thu_trong_tuan, tiet_bat_dau, tiet_ket_thuc, phong_hoc) VALUES ('24300596', 'LUAT_2_MH5', 'GV0077', 'HK1', 2024, 'DHTH9', 4, 1, 3, 'A101');
INSERT INTO lop_hoc_phan (ma_lop_hoc_phan, ma_mon_hoc, ma_giang_vien, hoc_ky, nam_hoc, lop_hoc, thu_trong_tuan, tiet_bat_dau, tiet_ket_thuc, phong_hoc) VALUES ('24200597', 'LUAT_2_MH5', 'GV0058', 'HK1', 2024, 'DHTH3', 4, 1, 3, 'A101');
INSERT INTO lop_hoc_phan (ma_lop_hoc_phan, ma_mon_hoc, ma_giang_vien, hoc_ky, nam_hoc, lop_hoc, thu_trong_tuan, tiet_bat_dau, tiet_ket_thuc, phong_hoc) VALUES ('24100598', 'LUAT_2_MH5', 'GV0085', 'HK1', 2024, 'DHTH6', 6, 1, 3, 'A101');
INSERT INTO lop_hoc_phan (ma_lop_hoc_phan, ma_mon_hoc, ma_giang_vien, hoc_ky, nam_hoc, lop_hoc, thu_trong_tuan, tiet_bat_dau, tiet_ket_thuc, phong_hoc) VALUES ('24300599', 'LUAT_2_MH5', 'GV0032', 'HK1', 2024, 'DHTH9', 2, 1, 3, 'A101');
INSERT INTO lop_hoc_phan (ma_lop_hoc_phan, ma_mon_hoc, ma_giang_vien, hoc_ky, nam_hoc, lop_hoc, thu_trong_tuan, tiet_bat_dau, tiet_ket_thuc, phong_hoc) VALUES ('24300600', 'LUAT_2_MH5', 'GV0039', 'HK1', 2024, 'DHTH8', 5, 1, 3, 'A101');
INSERT INTO mon_hoc (ma_mon_hoc, ten_mon_hoc, tin_chi_ly_thuyet, tin_chi_thuc_hanh, loai_mon) VALUES ('TCNH_1_MH1', 'Môn học 1 - TCNH1', 2, 0, 'ly_thuyet');
INSERT INTO mon_hoc_nganh (ma_mon_hoc, ma_nganh, ma_chuyen_nganh, la_chuyen_nganh, nam_ap_dung) VALUES ('TCNH_1_MH1', 'TCNH', 'TCNH1', TRUE, 2024);
INSERT INTO lop_hoc_phan (ma_lop_hoc_phan, ma_mon_hoc, ma_giang_vien, hoc_ky, nam_hoc, lop_hoc, thu_trong_tuan, tiet_bat_dau, tiet_ket_thuc, phong_hoc) VALUES ('24300601', 'TCNH_1_MH1', 'GV0033', 'HK1', 2024, 'DHTH2', 2, 1, 3, 'A101');
INSERT INTO lop_hoc_phan (ma_lop_hoc_phan, ma_mon_hoc, ma_giang_vien, hoc_ky, nam_hoc, lop_hoc, thu_trong_tuan, tiet_bat_dau, tiet_ket_thuc, phong_hoc) VALUES ('24200602', 'TCNH_1_MH1', 'GV0047', 'HK1', 2024, 'DHTH8', 6, 1, 3, 'A101');
INSERT INTO lop_hoc_phan (ma_lop_hoc_phan, ma_mon_hoc, ma_giang_vien, hoc_ky, nam_hoc, lop_hoc, thu_trong_tuan, tiet_bat_dau, tiet_ket_thuc, phong_hoc) VALUES ('24100603', 'TCNH_1_MH1', 'GV0098', 'HK1', 2024, 'DHTH9', 3, 1, 3, 'A101');
INSERT INTO lop_hoc_phan (ma_lop_hoc_phan, ma_mon_hoc, ma_giang_vien, hoc_ky, nam_hoc, lop_hoc, thu_trong_tuan, tiet_bat_dau, tiet_ket_thuc, phong_hoc) VALUES ('24200604', 'TCNH_1_MH1', 'GV0092', 'HK1', 2024, 'DHTH8', 3, 1, 3, 'A101');
INSERT INTO lop_hoc_phan (ma_lop_hoc_phan, ma_mon_hoc, ma_giang_vien, hoc_ky, nam_hoc, lop_hoc, thu_trong_tuan, tiet_bat_dau, tiet_ket_thuc, phong_hoc) VALUES ('24200605', 'TCNH_1_MH1', 'GV0054', 'HK1', 2024, 'DHTH1', 2, 1, 3, 'A101');
INSERT INTO lop_hoc_phan (ma_lop_hoc_phan, ma_mon_hoc, ma_giang_vien, hoc_ky, nam_hoc, lop_hoc, thu_trong_tuan, tiet_bat_dau, tiet_ket_thuc, phong_hoc) VALUES ('24200606', 'TCNH_1_MH1', 'GV0016', 'HK1', 2024, 'DHTH6', 5, 1, 3, 'A101');
INSERT INTO lop_hoc_phan (ma_lop_hoc_phan, ma_mon_hoc, ma_giang_vien, hoc_ky, nam_hoc, lop_hoc, thu_trong_tuan, tiet_bat_dau, tiet_ket_thuc, phong_hoc) VALUES ('24300607', 'TCNH_1_MH1', 'GV0048', 'HK1', 2024, 'DHTH6', 3, 1, 3, 'A101');
INSERT INTO lop_hoc_phan (ma_lop_hoc_phan, ma_mon_hoc, ma_giang_vien, hoc_ky, nam_hoc, lop_hoc, thu_trong_tuan, tiet_bat_dau, tiet_ket_thuc, phong_hoc) VALUES ('24100608', 'TCNH_1_MH1', 'GV0089', 'HK1', 2024, 'DHTH4', 6, 1, 3, 'A101');
INSERT INTO lop_hoc_phan (ma_lop_hoc_phan, ma_mon_hoc, ma_giang_vien, hoc_ky, nam_hoc, lop_hoc, thu_trong_tuan, tiet_bat_dau, tiet_ket_thuc, phong_hoc) VALUES ('24100609', 'TCNH_1_MH1', 'GV0005', 'HK1', 2024, 'DHTH6', 4, 1, 3, 'A101');
INSERT INTO lop_hoc_phan (ma_lop_hoc_phan, ma_mon_hoc, ma_giang_vien, hoc_ky, nam_hoc, lop_hoc, thu_trong_tuan, tiet_bat_dau, tiet_ket_thuc, phong_hoc) VALUES ('24200610', 'TCNH_1_MH1', 'GV0068', 'HK1', 2024, 'DHTH5', 3, 1, 3, 'A101');
INSERT INTO mon_hoc (ma_mon_hoc, ten_mon_hoc, tin_chi_ly_thuyet, tin_chi_thuc_hanh, loai_mon) VALUES ('TCNH_1_MH2', 'Môn học 2 - TCNH1', 2, 0, 'ly_thuyet');
INSERT INTO mon_hoc_nganh (ma_mon_hoc, ma_nganh, ma_chuyen_nganh, la_chuyen_nganh, nam_ap_dung) VALUES ('TCNH_1_MH2', 'TCNH', 'TCNH1', TRUE, 2024);
INSERT INTO lop_hoc_phan (ma_lop_hoc_phan, ma_mon_hoc, ma_giang_vien, hoc_ky, nam_hoc, lop_hoc, thu_trong_tuan, tiet_bat_dau, tiet_ket_thuc, phong_hoc) VALUES ('24100611', 'TCNH_1_MH2', 'GV0002', 'HK1', 2024, 'DHTH4', 3, 1, 3, 'A101');
INSERT INTO lop_hoc_phan (ma_lop_hoc_phan, ma_mon_hoc, ma_giang_vien, hoc_ky, nam_hoc, lop_hoc, thu_trong_tuan, tiet_bat_dau, tiet_ket_thuc, phong_hoc) VALUES ('24300612', 'TCNH_1_MH2', 'GV0091', 'HK1', 2024, 'DHTH10', 5, 1, 3, 'A101');
INSERT INTO lop_hoc_phan (ma_lop_hoc_phan, ma_mon_hoc, ma_giang_vien, hoc_ky, nam_hoc, lop_hoc, thu_trong_tuan, tiet_bat_dau, tiet_ket_thuc, phong_hoc) VALUES ('24100613', 'TCNH_1_MH2', 'GV0086', 'HK1', 2024, 'DHTH4', 6, 1, 3, 'A101');
INSERT INTO lop_hoc_phan (ma_lop_hoc_phan, ma_mon_hoc, ma_giang_vien, hoc_ky, nam_hoc, lop_hoc, thu_trong_tuan, tiet_bat_dau, tiet_ket_thuc, phong_hoc) VALUES ('24300614', 'TCNH_1_MH2', 'GV0019', 'HK1', 2024, 'DHTH7', 5, 1, 3, 'A101');
INSERT INTO lop_hoc_phan (ma_lop_hoc_phan, ma_mon_hoc, ma_giang_vien, hoc_ky, nam_hoc, lop_hoc, thu_trong_tuan, tiet_bat_dau, tiet_ket_thuc, phong_hoc) VALUES ('24300615', 'TCNH_1_MH2', 'GV0044', 'HK1', 2024, 'DHTH9', 4, 1, 3, 'A101');
INSERT INTO lop_hoc_phan (ma_lop_hoc_phan, ma_mon_hoc, ma_giang_vien, hoc_ky, nam_hoc, lop_hoc, thu_trong_tuan, tiet_bat_dau, tiet_ket_thuc, phong_hoc) VALUES ('24300616', 'TCNH_1_MH2', 'GV0039', 'HK1', 2024, 'DHTH2', 4, 1, 3, 'A101');
INSERT INTO lop_hoc_phan (ma_lop_hoc_phan, ma_mon_hoc, ma_giang_vien, hoc_ky, nam_hoc, lop_hoc, thu_trong_tuan, tiet_bat_dau, tiet_ket_thuc, phong_hoc) VALUES ('24300617', 'TCNH_1_MH2', 'GV0096', 'HK1', 2024, 'DHTH10', 2, 1, 3, 'A101');
INSERT INTO lop_hoc_phan (ma_lop_hoc_phan, ma_mon_hoc, ma_giang_vien, hoc_ky, nam_hoc, lop_hoc, thu_trong_tuan, tiet_bat_dau, tiet_ket_thuc, phong_hoc) VALUES ('24200618', 'TCNH_1_MH2', 'GV0084', 'HK1', 2024, 'DHTH2', 6, 1, 3, 'A101');
INSERT INTO lop_hoc_phan (ma_lop_hoc_phan, ma_mon_hoc, ma_giang_vien, hoc_ky, nam_hoc, lop_hoc, thu_trong_tuan, tiet_bat_dau, tiet_ket_thuc, phong_hoc) VALUES ('24300619', 'TCNH_1_MH2', 'GV0072', 'HK1', 2024, 'DHTH8', 3, 1, 3, 'A101');
INSERT INTO lop_hoc_phan (ma_lop_hoc_phan, ma_mon_hoc, ma_giang_vien, hoc_ky, nam_hoc, lop_hoc, thu_trong_tuan, tiet_bat_dau, tiet_ket_thuc, phong_hoc) VALUES ('24100620', 'TCNH_1_MH2', 'GV0030', 'HK1', 2024, 'DHTH8', 2, 1, 3, 'A101');
INSERT INTO mon_hoc (ma_mon_hoc, ten_mon_hoc, tin_chi_ly_thuyet, tin_chi_thuc_hanh, loai_mon) VALUES ('TCNH_1_MH3', 'Môn học 3 - TCNH1', 2, 0, 'ly_thuyet');
INSERT INTO mon_hoc_nganh (ma_mon_hoc, ma_nganh, ma_chuyen_nganh, la_chuyen_nganh, nam_ap_dung) VALUES ('TCNH_1_MH3', 'TCNH', 'TCNH1', TRUE, 2024);
INSERT INTO lop_hoc_phan (ma_lop_hoc_phan, ma_mon_hoc, ma_giang_vien, hoc_ky, nam_hoc, lop_hoc, thu_trong_tuan, tiet_bat_dau, tiet_ket_thuc, phong_hoc) VALUES ('24100621', 'TCNH_1_MH3', 'GV0018', 'HK1', 2024, 'DHTH6', 3, 1, 3, 'A101');
INSERT INTO lop_hoc_phan (ma_lop_hoc_phan, ma_mon_hoc, ma_giang_vien, hoc_ky, nam_hoc, lop_hoc, thu_trong_tuan, tiet_bat_dau, tiet_ket_thuc, phong_hoc) VALUES ('24100622', 'TCNH_1_MH3', 'GV0072', 'HK1', 2024, 'DHTH4', 4, 1, 3, 'A101');
INSERT INTO lop_hoc_phan (ma_lop_hoc_phan, ma_mon_hoc, ma_giang_vien, hoc_ky, nam_hoc, lop_hoc, thu_trong_tuan, tiet_bat_dau, tiet_ket_thuc, phong_hoc) VALUES ('24100623', 'TCNH_1_MH3', 'GV0012', 'HK1', 2024, 'DHTH9', 4, 1, 3, 'A101');
INSERT INTO lop_hoc_phan (ma_lop_hoc_phan, ma_mon_hoc, ma_giang_vien, hoc_ky, nam_hoc, lop_hoc, thu_trong_tuan, tiet_bat_dau, tiet_ket_thuc, phong_hoc) VALUES ('24100624', 'TCNH_1_MH3', 'GV0046', 'HK1', 2024, 'DHTH8', 3, 1, 3, 'A101');
INSERT INTO lop_hoc_phan (ma_lop_hoc_phan, ma_mon_hoc, ma_giang_vien, hoc_ky, nam_hoc, lop_hoc, thu_trong_tuan, tiet_bat_dau, tiet_ket_thuc, phong_hoc) VALUES ('24200625', 'TCNH_1_MH3', 'GV0081', 'HK1', 2024, 'DHTH8', 2, 1, 3, 'A101');
INSERT INTO lop_hoc_phan (ma_lop_hoc_phan, ma_mon_hoc, ma_giang_vien, hoc_ky, nam_hoc, lop_hoc, thu_trong_tuan, tiet_bat_dau, tiet_ket_thuc, phong_hoc) VALUES ('24300626', 'TCNH_1_MH3', 'GV0012', 'HK1', 2024, 'DHTH10', 5, 1, 3, 'A101');
INSERT INTO lop_hoc_phan (ma_lop_hoc_phan, ma_mon_hoc, ma_giang_vien, hoc_ky, nam_hoc, lop_hoc, thu_trong_tuan, tiet_bat_dau, tiet_ket_thuc, phong_hoc) VALUES ('24200627', 'TCNH_1_MH3', 'GV0056', 'HK1', 2024, 'DHTH6', 3, 1, 3, 'A101');
INSERT INTO lop_hoc_phan (ma_lop_hoc_phan, ma_mon_hoc, ma_giang_vien, hoc_ky, nam_hoc, lop_hoc, thu_trong_tuan, tiet_bat_dau, tiet_ket_thuc, phong_hoc) VALUES ('24200628', 'TCNH_1_MH3', 'GV0005', 'HK1', 2024, 'DHTH3', 4, 1, 3, 'A101');
INSERT INTO lop_hoc_phan (ma_lop_hoc_phan, ma_mon_hoc, ma_giang_vien, hoc_ky, nam_hoc, lop_hoc, thu_trong_tuan, tiet_bat_dau, tiet_ket_thuc, phong_hoc) VALUES ('24300629', 'TCNH_1_MH3', 'GV0039', 'HK1', 2024, 'DHTH5', 6, 1, 3, 'A101');
INSERT INTO lop_hoc_phan (ma_lop_hoc_phan, ma_mon_hoc, ma_giang_vien, hoc_ky, nam_hoc, lop_hoc, thu_trong_tuan, tiet_bat_dau, tiet_ket_thuc, phong_hoc) VALUES ('24200630', 'TCNH_1_MH3', 'GV0087', 'HK1', 2024, 'DHTH9', 6, 1, 3, 'A101');
INSERT INTO mon_hoc (ma_mon_hoc, ten_mon_hoc, tin_chi_ly_thuyet, tin_chi_thuc_hanh, loai_mon) VALUES ('TCNH_1_MH4', 'Môn học 4 - TCNH1', 2, 0, 'ly_thuyet');
INSERT INTO mon_hoc_nganh (ma_mon_hoc, ma_nganh, ma_chuyen_nganh, la_chuyen_nganh, nam_ap_dung) VALUES ('TCNH_1_MH4', 'TCNH', 'TCNH1', TRUE, 2024);
INSERT INTO lop_hoc_phan (ma_lop_hoc_phan, ma_mon_hoc, ma_giang_vien, hoc_ky, nam_hoc, lop_hoc, thu_trong_tuan, tiet_bat_dau, tiet_ket_thuc, phong_hoc) VALUES ('24100631', 'TCNH_1_MH4', 'GV0091', 'HK1', 2024, 'DHTH4', 6, 1, 3, 'A101');
INSERT INTO lop_hoc_phan (ma_lop_hoc_phan, ma_mon_hoc, ma_giang_vien, hoc_ky, nam_hoc, lop_hoc, thu_trong_tuan, tiet_bat_dau, tiet_ket_thuc, phong_hoc) VALUES ('24200632', 'TCNH_1_MH4', 'GV0056', 'HK1', 2024, 'DHTH4', 6, 1, 3, 'A101');
INSERT INTO lop_hoc_phan (ma_lop_hoc_phan, ma_mon_hoc, ma_giang_vien, hoc_ky, nam_hoc, lop_hoc, thu_trong_tuan, tiet_bat_dau, tiet_ket_thuc, phong_hoc) VALUES ('24200633', 'TCNH_1_MH4', 'GV0086', 'HK1', 2024, 'DHTH10', 4, 1, 3, 'A101');
INSERT INTO lop_hoc_phan (ma_lop_hoc_phan, ma_mon_hoc, ma_giang_vien, hoc_ky, nam_hoc, lop_hoc, thu_trong_tuan, tiet_bat_dau, tiet_ket_thuc, phong_hoc) VALUES ('24100634', 'TCNH_1_MH4', 'GV0005', 'HK1', 2024, 'DHTH10', 3, 1, 3, 'A101');
INSERT INTO lop_hoc_phan (ma_lop_hoc_phan, ma_mon_hoc, ma_giang_vien, hoc_ky, nam_hoc, lop_hoc, thu_trong_tuan, tiet_bat_dau, tiet_ket_thuc, phong_hoc) VALUES ('24300635', 'TCNH_1_MH4', 'GV0036', 'HK1', 2024, 'DHTH1', 6, 1, 3, 'A101');
INSERT INTO lop_hoc_phan (ma_lop_hoc_phan, ma_mon_hoc, ma_giang_vien, hoc_ky, nam_hoc, lop_hoc, thu_trong_tuan, tiet_bat_dau, tiet_ket_thuc, phong_hoc) VALUES ('24300636', 'TCNH_1_MH4', 'GV0002', 'HK1', 2024, 'DHTH3', 6, 1, 3, 'A101');
INSERT INTO lop_hoc_phan (ma_lop_hoc_phan, ma_mon_hoc, ma_giang_vien, hoc_ky, nam_hoc, lop_hoc, thu_trong_tuan, tiet_bat_dau, tiet_ket_thuc, phong_hoc) VALUES ('24100637', 'TCNH_1_MH4', 'GV0009', 'HK1', 2024, 'DHTH8', 2, 1, 3, 'A101');
INSERT INTO lop_hoc_phan (ma_lop_hoc_phan, ma_mon_hoc, ma_giang_vien, hoc_ky, nam_hoc, lop_hoc, thu_trong_tuan, tiet_bat_dau, tiet_ket_thuc, phong_hoc) VALUES ('24200638', 'TCNH_1_MH4', 'GV0061', 'HK1', 2024, 'DHTH10', 6, 1, 3, 'A101');
INSERT INTO lop_hoc_phan (ma_lop_hoc_phan, ma_mon_hoc, ma_giang_vien, hoc_ky, nam_hoc, lop_hoc, thu_trong_tuan, tiet_bat_dau, tiet_ket_thuc, phong_hoc) VALUES ('24100639', 'TCNH_1_MH4', 'GV0031', 'HK1', 2024, 'DHTH6', 6, 1, 3, 'A101');
INSERT INTO lop_hoc_phan (ma_lop_hoc_phan, ma_mon_hoc, ma_giang_vien, hoc_ky, nam_hoc, lop_hoc, thu_trong_tuan, tiet_bat_dau, tiet_ket_thuc, phong_hoc) VALUES ('24300640', 'TCNH_1_MH4', 'GV0081', 'HK1', 2024, 'DHTH2', 4, 1, 3, 'A101');
INSERT INTO mon_hoc (ma_mon_hoc, ten_mon_hoc, tin_chi_ly_thuyet, tin_chi_thuc_hanh, loai_mon) VALUES ('TCNH_1_MH5', 'Môn học 5 - TCNH1', 2, 0, 'ly_thuyet');
INSERT INTO mon_hoc_nganh (ma_mon_hoc, ma_nganh, ma_chuyen_nganh, la_chuyen_nganh, nam_ap_dung) VALUES ('TCNH_1_MH5', 'TCNH', 'TCNH1', TRUE, 2024);
INSERT INTO lop_hoc_phan (ma_lop_hoc_phan, ma_mon_hoc, ma_giang_vien, hoc_ky, nam_hoc, lop_hoc, thu_trong_tuan, tiet_bat_dau, tiet_ket_thuc, phong_hoc) VALUES ('24100641', 'TCNH_1_MH5', 'GV0021', 'HK1', 2024, 'DHTH8', 2, 1, 3, 'A101');
INSERT INTO lop_hoc_phan (ma_lop_hoc_phan, ma_mon_hoc, ma_giang_vien, hoc_ky, nam_hoc, lop_hoc, thu_trong_tuan, tiet_bat_dau, tiet_ket_thuc, phong_hoc) VALUES ('24300642', 'TCNH_1_MH5', 'GV0011', 'HK1', 2024, 'DHTH8', 3, 1, 3, 'A101');
INSERT INTO lop_hoc_phan (ma_lop_hoc_phan, ma_mon_hoc, ma_giang_vien, hoc_ky, nam_hoc, lop_hoc, thu_trong_tuan, tiet_bat_dau, tiet_ket_thuc, phong_hoc) VALUES ('24200643', 'TCNH_1_MH5', 'GV0056', 'HK1', 2024, 'DHTH7', 5, 1, 3, 'A101');
INSERT INTO lop_hoc_phan (ma_lop_hoc_phan, ma_mon_hoc, ma_giang_vien, hoc_ky, nam_hoc, lop_hoc, thu_trong_tuan, tiet_bat_dau, tiet_ket_thuc, phong_hoc) VALUES ('24300644', 'TCNH_1_MH5', 'GV0055', 'HK1', 2024, 'DHTH10', 5, 1, 3, 'A101');
INSERT INTO lop_hoc_phan (ma_lop_hoc_phan, ma_mon_hoc, ma_giang_vien, hoc_ky, nam_hoc, lop_hoc, thu_trong_tuan, tiet_bat_dau, tiet_ket_thuc, phong_hoc) VALUES ('24100645', 'TCNH_1_MH5', 'GV0086', 'HK1', 2024, 'DHTH1', 4, 1, 3, 'A101');
INSERT INTO lop_hoc_phan (ma_lop_hoc_phan, ma_mon_hoc, ma_giang_vien, hoc_ky, nam_hoc, lop_hoc, thu_trong_tuan, tiet_bat_dau, tiet_ket_thuc, phong_hoc) VALUES ('24300646', 'TCNH_1_MH5', 'GV0042', 'HK1', 2024, 'DHTH9', 4, 1, 3, 'A101');
INSERT INTO lop_hoc_phan (ma_lop_hoc_phan, ma_mon_hoc, ma_giang_vien, hoc_ky, nam_hoc, lop_hoc, thu_trong_tuan, tiet_bat_dau, tiet_ket_thuc, phong_hoc) VALUES ('24100647', 'TCNH_1_MH5', 'GV0046', 'HK1', 2024, 'DHTH10', 3, 1, 3, 'A101');
INSERT INTO lop_hoc_phan (ma_lop_hoc_phan, ma_mon_hoc, ma_giang_vien, hoc_ky, nam_hoc, lop_hoc, thu_trong_tuan, tiet_bat_dau, tiet_ket_thuc, phong_hoc) VALUES ('24200648', 'TCNH_1_MH5', 'GV0061', 'HK1', 2024, 'DHTH2', 4, 1, 3, 'A101');
INSERT INTO lop_hoc_phan (ma_lop_hoc_phan, ma_mon_hoc, ma_giang_vien, hoc_ky, nam_hoc, lop_hoc, thu_trong_tuan, tiet_bat_dau, tiet_ket_thuc, phong_hoc) VALUES ('24300649', 'TCNH_1_MH5', 'GV0090', 'HK1', 2024, 'DHTH2', 3, 1, 3, 'A101');
INSERT INTO lop_hoc_phan (ma_lop_hoc_phan, ma_mon_hoc, ma_giang_vien, hoc_ky, nam_hoc, lop_hoc, thu_trong_tuan, tiet_bat_dau, tiet_ket_thuc, phong_hoc) VALUES ('24300650', 'TCNH_1_MH5', 'GV0048', 'HK1', 2024, 'DHTH9', 2, 1, 3, 'A101');
INSERT INTO mon_hoc (ma_mon_hoc, ten_mon_hoc, tin_chi_ly_thuyet, tin_chi_thuc_hanh, loai_mon) VALUES ('TCNH_2_MH1', 'Môn học 1 - TCNH2', 2, 0, 'ly_thuyet');
INSERT INTO mon_hoc_nganh (ma_mon_hoc, ma_nganh, ma_chuyen_nganh, la_chuyen_nganh, nam_ap_dung) VALUES ('TCNH_2_MH1', 'TCNH', 'TCNH2', TRUE, 2024);
INSERT INTO lop_hoc_phan (ma_lop_hoc_phan, ma_mon_hoc, ma_giang_vien, hoc_ky, nam_hoc, lop_hoc, thu_trong_tuan, tiet_bat_dau, tiet_ket_thuc, phong_hoc) VALUES ('24100651', 'TCNH_2_MH1', 'GV0060', 'HK1', 2024, 'DHTH3', 4, 1, 3, 'A101');
INSERT INTO lop_hoc_phan (ma_lop_hoc_phan, ma_mon_hoc, ma_giang_vien, hoc_ky, nam_hoc, lop_hoc, thu_trong_tuan, tiet_bat_dau, tiet_ket_thuc, phong_hoc) VALUES ('24100652', 'TCNH_2_MH1', 'GV0008', 'HK1', 2024, 'DHTH2', 3, 1, 3, 'A101');
INSERT INTO lop_hoc_phan (ma_lop_hoc_phan, ma_mon_hoc, ma_giang_vien, hoc_ky, nam_hoc, lop_hoc, thu_trong_tuan, tiet_bat_dau, tiet_ket_thuc, phong_hoc) VALUES ('24100653', 'TCNH_2_MH1', 'GV0018', 'HK1', 2024, 'DHTH5', 6, 1, 3, 'A101');
INSERT INTO lop_hoc_phan (ma_lop_hoc_phan, ma_mon_hoc, ma_giang_vien, hoc_ky, nam_hoc, lop_hoc, thu_trong_tuan, tiet_bat_dau, tiet_ket_thuc, phong_hoc) VALUES ('24100654', 'TCNH_2_MH1', 'GV0013', 'HK1', 2024, 'DHTH6', 3, 1, 3, 'A101');
INSERT INTO lop_hoc_phan (ma_lop_hoc_phan, ma_mon_hoc, ma_giang_vien, hoc_ky, nam_hoc, lop_hoc, thu_trong_tuan, tiet_bat_dau, tiet_ket_thuc, phong_hoc) VALUES ('24300655', 'TCNH_2_MH1', 'GV0019', 'HK1', 2024, 'DHTH5', 5, 1, 3, 'A101');
INSERT INTO lop_hoc_phan (ma_lop_hoc_phan, ma_mon_hoc, ma_giang_vien, hoc_ky, nam_hoc, lop_hoc, thu_trong_tuan, tiet_bat_dau, tiet_ket_thuc, phong_hoc) VALUES ('24100656', 'TCNH_2_MH1', 'GV0069', 'HK1', 2024, 'DHTH5', 2, 1, 3, 'A101');
INSERT INTO lop_hoc_phan (ma_lop_hoc_phan, ma_mon_hoc, ma_giang_vien, hoc_ky, nam_hoc, lop_hoc, thu_trong_tuan, tiet_bat_dau, tiet_ket_thuc, phong_hoc) VALUES ('24100657', 'TCNH_2_MH1', 'GV0043', 'HK1', 2024, 'DHTH4', 2, 1, 3, 'A101');
INSERT INTO lop_hoc_phan (ma_lop_hoc_phan, ma_mon_hoc, ma_giang_vien, hoc_ky, nam_hoc, lop_hoc, thu_trong_tuan, tiet_bat_dau, tiet_ket_thuc, phong_hoc) VALUES ('24100658', 'TCNH_2_MH1', 'GV0011', 'HK1', 2024, 'DHTH8', 3, 1, 3, 'A101');
INSERT INTO lop_hoc_phan (ma_lop_hoc_phan, ma_mon_hoc, ma_giang_vien, hoc_ky, nam_hoc, lop_hoc, thu_trong_tuan, tiet_bat_dau, tiet_ket_thuc, phong_hoc) VALUES ('24200659', 'TCNH_2_MH1', 'GV0001', 'HK1', 2024, 'DHTH9', 6, 1, 3, 'A101');
INSERT INTO lop_hoc_phan (ma_lop_hoc_phan, ma_mon_hoc, ma_giang_vien, hoc_ky, nam_hoc, lop_hoc, thu_trong_tuan, tiet_bat_dau, tiet_ket_thuc, phong_hoc) VALUES ('24200660', 'TCNH_2_MH1', 'GV0097', 'HK1', 2024, 'DHTH4', 4, 1, 3, 'A101');
INSERT INTO mon_hoc (ma_mon_hoc, ten_mon_hoc, tin_chi_ly_thuyet, tin_chi_thuc_hanh, loai_mon) VALUES ('TCNH_2_MH2', 'Môn học 2 - TCNH2', 2, 0, 'ly_thuyet');
INSERT INTO mon_hoc_nganh (ma_mon_hoc, ma_nganh, ma_chuyen_nganh, la_chuyen_nganh, nam_ap_dung) VALUES ('TCNH_2_MH2', 'TCNH', 'TCNH2', TRUE, 2024);
INSERT INTO lop_hoc_phan (ma_lop_hoc_phan, ma_mon_hoc, ma_giang_vien, hoc_ky, nam_hoc, lop_hoc, thu_trong_tuan, tiet_bat_dau, tiet_ket_thuc, phong_hoc) VALUES ('24300661', 'TCNH_2_MH2', 'GV0075', 'HK1', 2024, 'DHTH4', 4, 1, 3, 'A101');
INSERT INTO lop_hoc_phan (ma_lop_hoc_phan, ma_mon_hoc, ma_giang_vien, hoc_ky, nam_hoc, lop_hoc, thu_trong_tuan, tiet_bat_dau, tiet_ket_thuc, phong_hoc) VALUES ('24100662', 'TCNH_2_MH2', 'GV0098', 'HK1', 2024, 'DHTH3', 4, 1, 3, 'A101');
INSERT INTO lop_hoc_phan (ma_lop_hoc_phan, ma_mon_hoc, ma_giang_vien, hoc_ky, nam_hoc, lop_hoc, thu_trong_tuan, tiet_bat_dau, tiet_ket_thuc, phong_hoc) VALUES ('24200663', 'TCNH_2_MH2', 'GV0020', 'HK1', 2024, 'DHTH8', 4, 1, 3, 'A101');
INSERT INTO lop_hoc_phan (ma_lop_hoc_phan, ma_mon_hoc, ma_giang_vien, hoc_ky, nam_hoc, lop_hoc, thu_trong_tuan, tiet_bat_dau, tiet_ket_thuc, phong_hoc) VALUES ('24100664', 'TCNH_2_MH2', 'GV0040', 'HK1', 2024, 'DHTH2', 4, 1, 3, 'A101');
INSERT INTO lop_hoc_phan (ma_lop_hoc_phan, ma_mon_hoc, ma_giang_vien, hoc_ky, nam_hoc, lop_hoc, thu_trong_tuan, tiet_bat_dau, tiet_ket_thuc, phong_hoc) VALUES ('24100665', 'TCNH_2_MH2', 'GV0061', 'HK1', 2024, 'DHTH8', 2, 1, 3, 'A101');
INSERT INTO lop_hoc_phan (ma_lop_hoc_phan, ma_mon_hoc, ma_giang_vien, hoc_ky, nam_hoc, lop_hoc, thu_trong_tuan, tiet_bat_dau, tiet_ket_thuc, phong_hoc) VALUES ('24100666', 'TCNH_2_MH2', 'GV0033', 'HK1', 2024, 'DHTH3', 3, 1, 3, 'A101');
INSERT INTO lop_hoc_phan (ma_lop_hoc_phan, ma_mon_hoc, ma_giang_vien, hoc_ky, nam_hoc, lop_hoc, thu_trong_tuan, tiet_bat_dau, tiet_ket_thuc, phong_hoc) VALUES ('24100667', 'TCNH_2_MH2', 'GV0064', 'HK1', 2024, 'DHTH10', 2, 1, 3, 'A101');
INSERT INTO lop_hoc_phan (ma_lop_hoc_phan, ma_mon_hoc, ma_giang_vien, hoc_ky, nam_hoc, lop_hoc, thu_trong_tuan, tiet_bat_dau, tiet_ket_thuc, phong_hoc) VALUES ('24300668', 'TCNH_2_MH2', 'GV0046', 'HK1', 2024, 'DHTH4', 6, 1, 3, 'A101');
INSERT INTO lop_hoc_phan (ma_lop_hoc_phan, ma_mon_hoc, ma_giang_vien, hoc_ky, nam_hoc, lop_hoc, thu_trong_tuan, tiet_bat_dau, tiet_ket_thuc, phong_hoc) VALUES ('24300669', 'TCNH_2_MH2', 'GV0060', 'HK1', 2024, 'DHTH3', 2, 1, 3, 'A101');
INSERT INTO lop_hoc_phan (ma_lop_hoc_phan, ma_mon_hoc, ma_giang_vien, hoc_ky, nam_hoc, lop_hoc, thu_trong_tuan, tiet_bat_dau, tiet_ket_thuc, phong_hoc) VALUES ('24200670', 'TCNH_2_MH2', 'GV0062', 'HK1', 2024, 'DHTH4', 2, 1, 3, 'A101');
INSERT INTO mon_hoc (ma_mon_hoc, ten_mon_hoc, tin_chi_ly_thuyet, tin_chi_thuc_hanh, loai_mon) VALUES ('TCNH_2_MH3', 'Môn học 3 - TCNH2', 2, 0, 'ly_thuyet');
INSERT INTO mon_hoc_nganh (ma_mon_hoc, ma_nganh, ma_chuyen_nganh, la_chuyen_nganh, nam_ap_dung) VALUES ('TCNH_2_MH3', 'TCNH', 'TCNH2', TRUE, 2024);
INSERT INTO lop_hoc_phan (ma_lop_hoc_phan, ma_mon_hoc, ma_giang_vien, hoc_ky, nam_hoc, lop_hoc, thu_trong_tuan, tiet_bat_dau, tiet_ket_thuc, phong_hoc) VALUES ('24100671', 'TCNH_2_MH3', 'GV0040', 'HK1', 2024, 'DHTH4', 3, 1, 3, 'A101');
INSERT INTO lop_hoc_phan (ma_lop_hoc_phan, ma_mon_hoc, ma_giang_vien, hoc_ky, nam_hoc, lop_hoc, thu_trong_tuan, tiet_bat_dau, tiet_ket_thuc, phong_hoc) VALUES ('24100672', 'TCNH_2_MH3', 'GV0064', 'HK1', 2024, 'DHTH2', 2, 1, 3, 'A101');
INSERT INTO lop_hoc_phan (ma_lop_hoc_phan, ma_mon_hoc, ma_giang_vien, hoc_ky, nam_hoc, lop_hoc, thu_trong_tuan, tiet_bat_dau, tiet_ket_thuc, phong_hoc) VALUES ('24100673', 'TCNH_2_MH3', 'GV0035', 'HK1', 2024, 'DHTH8', 6, 1, 3, 'A101');
INSERT INTO lop_hoc_phan (ma_lop_hoc_phan, ma_mon_hoc, ma_giang_vien, hoc_ky, nam_hoc, lop_hoc, thu_trong_tuan, tiet_bat_dau, tiet_ket_thuc, phong_hoc) VALUES ('24300674', 'TCNH_2_MH3', 'GV0051', 'HK1', 2024, 'DHTH2', 2, 1, 3, 'A101');
INSERT INTO lop_hoc_phan (ma_lop_hoc_phan, ma_mon_hoc, ma_giang_vien, hoc_ky, nam_hoc, lop_hoc, thu_trong_tuan, tiet_bat_dau, tiet_ket_thuc, phong_hoc) VALUES ('24100675', 'TCNH_2_MH3', 'GV0093', 'HK1', 2024, 'DHTH6', 5, 1, 3, 'A101');
INSERT INTO lop_hoc_phan (ma_lop_hoc_phan, ma_mon_hoc, ma_giang_vien, hoc_ky, nam_hoc, lop_hoc, thu_trong_tuan, tiet_bat_dau, tiet_ket_thuc, phong_hoc) VALUES ('24100676', 'TCNH_2_MH3', 'GV0079', 'HK1', 2024, 'DHTH1', 5, 1, 3, 'A101');
INSERT INTO lop_hoc_phan (ma_lop_hoc_phan, ma_mon_hoc, ma_giang_vien, hoc_ky, nam_hoc, lop_hoc, thu_trong_tuan, tiet_bat_dau, tiet_ket_thuc, phong_hoc) VALUES ('24300677', 'TCNH_2_MH3', 'GV0042', 'HK1', 2024, 'DHTH3', 6, 1, 3, 'A101');
INSERT INTO lop_hoc_phan (ma_lop_hoc_phan, ma_mon_hoc, ma_giang_vien, hoc_ky, nam_hoc, lop_hoc, thu_trong_tuan, tiet_bat_dau, tiet_ket_thuc, phong_hoc) VALUES ('24200678', 'TCNH_2_MH3', 'GV0027', 'HK1', 2024, 'DHTH10', 2, 1, 3, 'A101');
INSERT INTO lop_hoc_phan (ma_lop_hoc_phan, ma_mon_hoc, ma_giang_vien, hoc_ky, nam_hoc, lop_hoc, thu_trong_tuan, tiet_bat_dau, tiet_ket_thuc, phong_hoc) VALUES ('24100679', 'TCNH_2_MH3', 'GV0012', 'HK1', 2024, 'DHTH6', 3, 1, 3, 'A101');
INSERT INTO lop_hoc_phan (ma_lop_hoc_phan, ma_mon_hoc, ma_giang_vien, hoc_ky, nam_hoc, lop_hoc, thu_trong_tuan, tiet_bat_dau, tiet_ket_thuc, phong_hoc) VALUES ('24200680', 'TCNH_2_MH3', 'GV0001', 'HK1', 2024, 'DHTH1', 4, 1, 3, 'A101');
INSERT INTO mon_hoc (ma_mon_hoc, ten_mon_hoc, tin_chi_ly_thuyet, tin_chi_thuc_hanh, loai_mon) VALUES ('TCNH_2_MH4', 'Môn học 4 - TCNH2', 2, 0, 'ly_thuyet');
INSERT INTO mon_hoc_nganh (ma_mon_hoc, ma_nganh, ma_chuyen_nganh, la_chuyen_nganh, nam_ap_dung) VALUES ('TCNH_2_MH4', 'TCNH', 'TCNH2', TRUE, 2024);
INSERT INTO lop_hoc_phan (ma_lop_hoc_phan, ma_mon_hoc, ma_giang_vien, hoc_ky, nam_hoc, lop_hoc, thu_trong_tuan, tiet_bat_dau, tiet_ket_thuc, phong_hoc) VALUES ('24300681', 'TCNH_2_MH4', 'GV0097', 'HK1', 2024, 'DHTH3', 2, 1, 3, 'A101');
INSERT INTO lop_hoc_phan (ma_lop_hoc_phan, ma_mon_hoc, ma_giang_vien, hoc_ky, nam_hoc, lop_hoc, thu_trong_tuan, tiet_bat_dau, tiet_ket_thuc, phong_hoc) VALUES ('24200682', 'TCNH_2_MH4', 'GV0030', 'HK1', 2024, 'DHTH8', 4, 1, 3, 'A101');
INSERT INTO lop_hoc_phan (ma_lop_hoc_phan, ma_mon_hoc, ma_giang_vien, hoc_ky, nam_hoc, lop_hoc, thu_trong_tuan, tiet_bat_dau, tiet_ket_thuc, phong_hoc) VALUES ('24200683', 'TCNH_2_MH4', 'GV0023', 'HK1', 2024, 'DHTH9', 4, 1, 3, 'A101');
INSERT INTO lop_hoc_phan (ma_lop_hoc_phan, ma_mon_hoc, ma_giang_vien, hoc_ky, nam_hoc, lop_hoc, thu_trong_tuan, tiet_bat_dau, tiet_ket_thuc, phong_hoc) VALUES ('24100684', 'TCNH_2_MH4', 'GV0093', 'HK1', 2024, 'DHTH10', 6, 1, 3, 'A101');
INSERT INTO lop_hoc_phan (ma_lop_hoc_phan, ma_mon_hoc, ma_giang_vien, hoc_ky, nam_hoc, lop_hoc, thu_trong_tuan, tiet_bat_dau, tiet_ket_thuc, phong_hoc) VALUES ('24300685', 'TCNH_2_MH4', 'GV0059', 'HK1', 2024, 'DHTH7', 6, 1, 3, 'A101');
INSERT INTO lop_hoc_phan (ma_lop_hoc_phan, ma_mon_hoc, ma_giang_vien, hoc_ky, nam_hoc, lop_hoc, thu_trong_tuan, tiet_bat_dau, tiet_ket_thuc, phong_hoc) VALUES ('24100686', 'TCNH_2_MH4', 'GV0009', 'HK1', 2024, 'DHTH2', 4, 1, 3, 'A101');
INSERT INTO lop_hoc_phan (ma_lop_hoc_phan, ma_mon_hoc, ma_giang_vien, hoc_ky, nam_hoc, lop_hoc, thu_trong_tuan, tiet_bat_dau, tiet_ket_thuc, phong_hoc) VALUES ('24200687', 'TCNH_2_MH4', 'GV0075', 'HK1', 2024, 'DHTH6', 5, 1, 3, 'A101');
INSERT INTO lop_hoc_phan (ma_lop_hoc_phan, ma_mon_hoc, ma_giang_vien, hoc_ky, nam_hoc, lop_hoc, thu_trong_tuan, tiet_bat_dau, tiet_ket_thuc, phong_hoc) VALUES ('24100688', 'TCNH_2_MH4', 'GV0040', 'HK1', 2024, 'DHTH3', 2, 1, 3, 'A101');
INSERT INTO lop_hoc_phan (ma_lop_hoc_phan, ma_mon_hoc, ma_giang_vien, hoc_ky, nam_hoc, lop_hoc, thu_trong_tuan, tiet_bat_dau, tiet_ket_thuc, phong_hoc) VALUES ('24100689', 'TCNH_2_MH4', 'GV0040', 'HK1', 2024, 'DHTH7', 2, 1, 3, 'A101');
INSERT INTO lop_hoc_phan (ma_lop_hoc_phan, ma_mon_hoc, ma_giang_vien, hoc_ky, nam_hoc, lop_hoc, thu_trong_tuan, tiet_bat_dau, tiet_ket_thuc, phong_hoc) VALUES ('24300690', 'TCNH_2_MH4', 'GV0030', 'HK1', 2024, 'DHTH3', 6, 1, 3, 'A101');
INSERT INTO mon_hoc (ma_mon_hoc, ten_mon_hoc, tin_chi_ly_thuyet, tin_chi_thuc_hanh, loai_mon) VALUES ('TCNH_2_MH5', 'Môn học 5 - TCNH2', 2, 0, 'ly_thuyet');
INSERT INTO mon_hoc_nganh (ma_mon_hoc, ma_nganh, ma_chuyen_nganh, la_chuyen_nganh, nam_ap_dung) VALUES ('TCNH_2_MH5', 'TCNH', 'TCNH2', TRUE, 2024);
INSERT INTO lop_hoc_phan (ma_lop_hoc_phan, ma_mon_hoc, ma_giang_vien, hoc_ky, nam_hoc, lop_hoc, thu_trong_tuan, tiet_bat_dau, tiet_ket_thuc, phong_hoc) VALUES ('24200691', 'TCNH_2_MH5', 'GV0022', 'HK1', 2024, 'DHTH2', 5, 1, 3, 'A101');
INSERT INTO lop_hoc_phan (ma_lop_hoc_phan, ma_mon_hoc, ma_giang_vien, hoc_ky, nam_hoc, lop_hoc, thu_trong_tuan, tiet_bat_dau, tiet_ket_thuc, phong_hoc) VALUES ('24100692', 'TCNH_2_MH5', 'GV0034', 'HK1', 2024, 'DHTH7', 5, 1, 3, 'A101');
INSERT INTO lop_hoc_phan (ma_lop_hoc_phan, ma_mon_hoc, ma_giang_vien, hoc_ky, nam_hoc, lop_hoc, thu_trong_tuan, tiet_bat_dau, tiet_ket_thuc, phong_hoc) VALUES ('24100693', 'TCNH_2_MH5', 'GV0032', 'HK1', 2024, 'DHTH6', 4, 1, 3, 'A101');
INSERT INTO lop_hoc_phan (ma_lop_hoc_phan, ma_mon_hoc, ma_giang_vien, hoc_ky, nam_hoc, lop_hoc, thu_trong_tuan, tiet_bat_dau, tiet_ket_thuc, phong_hoc) VALUES ('24200694', 'TCNH_2_MH5', 'GV0055', 'HK1', 2024, 'DHTH3', 5, 1, 3, 'A101');
INSERT INTO lop_hoc_phan (ma_lop_hoc_phan, ma_mon_hoc, ma_giang_vien, hoc_ky, nam_hoc, lop_hoc, thu_trong_tuan, tiet_bat_dau, tiet_ket_thuc, phong_hoc) VALUES ('24100695', 'TCNH_2_MH5', 'GV0062', 'HK1', 2024, 'DHTH2', 2, 1, 3, 'A101');
INSERT INTO lop_hoc_phan (ma_lop_hoc_phan, ma_mon_hoc, ma_giang_vien, hoc_ky, nam_hoc, lop_hoc, thu_trong_tuan, tiet_bat_dau, tiet_ket_thuc, phong_hoc) VALUES ('24200696', 'TCNH_2_MH5', 'GV0086', 'HK1', 2024, 'DHTH4', 6, 1, 3, 'A101');
INSERT INTO lop_hoc_phan (ma_lop_hoc_phan, ma_mon_hoc, ma_giang_vien, hoc_ky, nam_hoc, lop_hoc, thu_trong_tuan, tiet_bat_dau, tiet_ket_thuc, phong_hoc) VALUES ('24200697', 'TCNH_2_MH5', 'GV0057', 'HK1', 2024, 'DHTH10', 3, 1, 3, 'A101');
INSERT INTO lop_hoc_phan (ma_lop_hoc_phan, ma_mon_hoc, ma_giang_vien, hoc_ky, nam_hoc, lop_hoc, thu_trong_tuan, tiet_bat_dau, tiet_ket_thuc, phong_hoc) VALUES ('24300698', 'TCNH_2_MH5', 'GV0071', 'HK1', 2024, 'DHTH9', 6, 1, 3, 'A101');
INSERT INTO lop_hoc_phan (ma_lop_hoc_phan, ma_mon_hoc, ma_giang_vien, hoc_ky, nam_hoc, lop_hoc, thu_trong_tuan, tiet_bat_dau, tiet_ket_thuc, phong_hoc) VALUES ('24200699', 'TCNH_2_MH5', 'GV0076', 'HK1', 2024, 'DHTH1', 3, 1, 3, 'A101');
INSERT INTO lop_hoc_phan (ma_lop_hoc_phan, ma_mon_hoc, ma_giang_vien, hoc_ky, nam_hoc, lop_hoc, thu_trong_tuan, tiet_bat_dau, tiet_ket_thuc, phong_hoc) VALUES ('24200700', 'TCNH_2_MH5', 'GV0036', 'HK1', 2024, 'DHTH4', 6, 1, 3, 'A101');
INSERT INTO mon_hoc (ma_mon_hoc, ten_mon_hoc, tin_chi_ly_thuyet, tin_chi_thuc_hanh, loai_mon) VALUES ('KETOAN_1_MH1', 'Môn học 1 - KETOAN1', 2, 0, 'ly_thuyet');
INSERT INTO mon_hoc_nganh (ma_mon_hoc, ma_nganh, ma_chuyen_nganh, la_chuyen_nganh, nam_ap_dung) VALUES ('KETOAN_1_MH1', 'KETOAN', 'KETOAN1', TRUE, 2024);
INSERT INTO lop_hoc_phan (ma_lop_hoc_phan, ma_mon_hoc, ma_giang_vien, hoc_ky, nam_hoc, lop_hoc, thu_trong_tuan, tiet_bat_dau, tiet_ket_thuc, phong_hoc) VALUES ('24100701', 'KETOAN_1_MH1', 'GV0031', 'HK1', 2024, 'DHTH10', 4, 1, 3, 'A101');
INSERT INTO lop_hoc_phan (ma_lop_hoc_phan, ma_mon_hoc, ma_giang_vien, hoc_ky, nam_hoc, lop_hoc, thu_trong_tuan, tiet_bat_dau, tiet_ket_thuc, phong_hoc) VALUES ('24100702', 'KETOAN_1_MH1', 'GV0035', 'HK1', 2024, 'DHTH5', 3, 1, 3, 'A101');
INSERT INTO lop_hoc_phan (ma_lop_hoc_phan, ma_mon_hoc, ma_giang_vien, hoc_ky, nam_hoc, lop_hoc, thu_trong_tuan, tiet_bat_dau, tiet_ket_thuc, phong_hoc) VALUES ('24200703', 'KETOAN_1_MH1', 'GV0053', 'HK1', 2024, 'DHTH10', 2, 1, 3, 'A101');
INSERT INTO lop_hoc_phan (ma_lop_hoc_phan, ma_mon_hoc, ma_giang_vien, hoc_ky, nam_hoc, lop_hoc, thu_trong_tuan, tiet_bat_dau, tiet_ket_thuc, phong_hoc) VALUES ('24100704', 'KETOAN_1_MH1', 'GV0092', 'HK1', 2024, 'DHTH10', 3, 1, 3, 'A101');
INSERT INTO lop_hoc_phan (ma_lop_hoc_phan, ma_mon_hoc, ma_giang_vien, hoc_ky, nam_hoc, lop_hoc, thu_trong_tuan, tiet_bat_dau, tiet_ket_thuc, phong_hoc) VALUES ('24300705', 'KETOAN_1_MH1', 'GV0051', 'HK1', 2024, 'DHTH8', 5, 1, 3, 'A101');
INSERT INTO lop_hoc_phan (ma_lop_hoc_phan, ma_mon_hoc, ma_giang_vien, hoc_ky, nam_hoc, lop_hoc, thu_trong_tuan, tiet_bat_dau, tiet_ket_thuc, phong_hoc) VALUES ('24100706', 'KETOAN_1_MH1', 'GV0074', 'HK1', 2024, 'DHTH10', 3, 1, 3, 'A101');
INSERT INTO lop_hoc_phan (ma_lop_hoc_phan, ma_mon_hoc, ma_giang_vien, hoc_ky, nam_hoc, lop_hoc, thu_trong_tuan, tiet_bat_dau, tiet_ket_thuc, phong_hoc) VALUES ('24100707', 'KETOAN_1_MH1', 'GV0068', 'HK1', 2024, 'DHTH2', 4, 1, 3, 'A101');
INSERT INTO lop_hoc_phan (ma_lop_hoc_phan, ma_mon_hoc, ma_giang_vien, hoc_ky, nam_hoc, lop_hoc, thu_trong_tuan, tiet_bat_dau, tiet_ket_thuc, phong_hoc) VALUES ('24100708', 'KETOAN_1_MH1', 'GV0007', 'HK1', 2024, 'DHTH8', 2, 1, 3, 'A101');
INSERT INTO lop_hoc_phan (ma_lop_hoc_phan, ma_mon_hoc, ma_giang_vien, hoc_ky, nam_hoc, lop_hoc, thu_trong_tuan, tiet_bat_dau, tiet_ket_thuc, phong_hoc) VALUES ('24100709', 'KETOAN_1_MH1', 'GV0074', 'HK1', 2024, 'DHTH4', 2, 1, 3, 'A101');
INSERT INTO lop_hoc_phan (ma_lop_hoc_phan, ma_mon_hoc, ma_giang_vien, hoc_ky, nam_hoc, lop_hoc, thu_trong_tuan, tiet_bat_dau, tiet_ket_thuc, phong_hoc) VALUES ('24100710', 'KETOAN_1_MH1', 'GV0058', 'HK1', 2024, 'DHTH8', 4, 1, 3, 'A101');
INSERT INTO mon_hoc (ma_mon_hoc, ten_mon_hoc, tin_chi_ly_thuyet, tin_chi_thuc_hanh, loai_mon) VALUES ('KETOAN_1_MH2', 'Môn học 2 - KETOAN1', 2, 0, 'ly_thuyet');
INSERT INTO mon_hoc_nganh (ma_mon_hoc, ma_nganh, ma_chuyen_nganh, la_chuyen_nganh, nam_ap_dung) VALUES ('KETOAN_1_MH2', 'KETOAN', 'KETOAN1', TRUE, 2024);
INSERT INTO lop_hoc_phan (ma_lop_hoc_phan, ma_mon_hoc, ma_giang_vien, hoc_ky, nam_hoc, lop_hoc, thu_trong_tuan, tiet_bat_dau, tiet_ket_thuc, phong_hoc) VALUES ('24300711', 'KETOAN_1_MH2', 'GV0045', 'HK1', 2024, 'DHTH5', 4, 1, 3, 'A101');
INSERT INTO lop_hoc_phan (ma_lop_hoc_phan, ma_mon_hoc, ma_giang_vien, hoc_ky, nam_hoc, lop_hoc, thu_trong_tuan, tiet_bat_dau, tiet_ket_thuc, phong_hoc) VALUES ('24200712', 'KETOAN_1_MH2', 'GV0039', 'HK1', 2024, 'DHTH10', 5, 1, 3, 'A101');
INSERT INTO lop_hoc_phan (ma_lop_hoc_phan, ma_mon_hoc, ma_giang_vien, hoc_ky, nam_hoc, lop_hoc, thu_trong_tuan, tiet_bat_dau, tiet_ket_thuc, phong_hoc) VALUES ('24200713', 'KETOAN_1_MH2', 'GV0024', 'HK1', 2024, 'DHTH3', 2, 1, 3, 'A101');
INSERT INTO lop_hoc_phan (ma_lop_hoc_phan, ma_mon_hoc, ma_giang_vien, hoc_ky, nam_hoc, lop_hoc, thu_trong_tuan, tiet_bat_dau, tiet_ket_thuc, phong_hoc) VALUES ('24200714', 'KETOAN_1_MH2', 'GV0053', 'HK1', 2024, 'DHTH9', 3, 1, 3, 'A101');
INSERT INTO lop_hoc_phan (ma_lop_hoc_phan, ma_mon_hoc, ma_giang_vien, hoc_ky, nam_hoc, lop_hoc, thu_trong_tuan, tiet_bat_dau, tiet_ket_thuc, phong_hoc) VALUES ('24300715', 'KETOAN_1_MH2', 'GV0071', 'HK1', 2024, 'DHTH4', 3, 1, 3, 'A101');
INSERT INTO lop_hoc_phan (ma_lop_hoc_phan, ma_mon_hoc, ma_giang_vien, hoc_ky, nam_hoc, lop_hoc, thu_trong_tuan, tiet_bat_dau, tiet_ket_thuc, phong_hoc) VALUES ('24200716', 'KETOAN_1_MH2', 'GV0024', 'HK1', 2024, 'DHTH10', 3, 1, 3, 'A101');
INSERT INTO lop_hoc_phan (ma_lop_hoc_phan, ma_mon_hoc, ma_giang_vien, hoc_ky, nam_hoc, lop_hoc, thu_trong_tuan, tiet_bat_dau, tiet_ket_thuc, phong_hoc) VALUES ('24200717', 'KETOAN_1_MH2', 'GV0056', 'HK1', 2024, 'DHTH1', 4, 1, 3, 'A101');
INSERT INTO lop_hoc_phan (ma_lop_hoc_phan, ma_mon_hoc, ma_giang_vien, hoc_ky, nam_hoc, lop_hoc, thu_trong_tuan, tiet_bat_dau, tiet_ket_thuc, phong_hoc) VALUES ('24300718', 'KETOAN_1_MH2', 'GV0097', 'HK1', 2024, 'DHTH4', 2, 1, 3, 'A101');
INSERT INTO lop_hoc_phan (ma_lop_hoc_phan, ma_mon_hoc, ma_giang_vien, hoc_ky, nam_hoc, lop_hoc, thu_trong_tuan, tiet_bat_dau, tiet_ket_thuc, phong_hoc) VALUES ('24200719', 'KETOAN_1_MH2', 'GV0006', 'HK1', 2024, 'DHTH3', 2, 1, 3, 'A101');
INSERT INTO lop_hoc_phan (ma_lop_hoc_phan, ma_mon_hoc, ma_giang_vien, hoc_ky, nam_hoc, lop_hoc, thu_trong_tuan, tiet_bat_dau, tiet_ket_thuc, phong_hoc) VALUES ('24300720', 'KETOAN_1_MH2', 'GV0060', 'HK1', 2024, 'DHTH4', 3, 1, 3, 'A101');
INSERT INTO mon_hoc (ma_mon_hoc, ten_mon_hoc, tin_chi_ly_thuyet, tin_chi_thuc_hanh, loai_mon) VALUES ('KETOAN_1_MH3', 'Môn học 3 - KETOAN1', 2, 0, 'ly_thuyet');
INSERT INTO mon_hoc_nganh (ma_mon_hoc, ma_nganh, ma_chuyen_nganh, la_chuyen_nganh, nam_ap_dung) VALUES ('KETOAN_1_MH3', 'KETOAN', 'KETOAN1', TRUE, 2024);
INSERT INTO lop_hoc_phan (ma_lop_hoc_phan, ma_mon_hoc, ma_giang_vien, hoc_ky, nam_hoc, lop_hoc, thu_trong_tuan, tiet_bat_dau, tiet_ket_thuc, phong_hoc) VALUES ('24300721', 'KETOAN_1_MH3', 'GV0059', 'HK1', 2024, 'DHTH3', 4, 1, 3, 'A101');
INSERT INTO lop_hoc_phan (ma_lop_hoc_phan, ma_mon_hoc, ma_giang_vien, hoc_ky, nam_hoc, lop_hoc, thu_trong_tuan, tiet_bat_dau, tiet_ket_thuc, phong_hoc) VALUES ('24300722', 'KETOAN_1_MH3', 'GV0068', 'HK1', 2024, 'DHTH2', 5, 1, 3, 'A101');
INSERT INTO lop_hoc_phan (ma_lop_hoc_phan, ma_mon_hoc, ma_giang_vien, hoc_ky, nam_hoc, lop_hoc, thu_trong_tuan, tiet_bat_dau, tiet_ket_thuc, phong_hoc) VALUES ('24300723', 'KETOAN_1_MH3', 'GV0029', 'HK1', 2024, 'DHTH2', 5, 1, 3, 'A101');
INSERT INTO lop_hoc_phan (ma_lop_hoc_phan, ma_mon_hoc, ma_giang_vien, hoc_ky, nam_hoc, lop_hoc, thu_trong_tuan, tiet_bat_dau, tiet_ket_thuc, phong_hoc) VALUES ('24200724', 'KETOAN_1_MH3', 'GV0086', 'HK1', 2024, 'DHTH3', 3, 1, 3, 'A101');
INSERT INTO lop_hoc_phan (ma_lop_hoc_phan, ma_mon_hoc, ma_giang_vien, hoc_ky, nam_hoc, lop_hoc, thu_trong_tuan, tiet_bat_dau, tiet_ket_thuc, phong_hoc) VALUES ('24300725', 'KETOAN_1_MH3', 'GV0036', 'HK1', 2024, 'DHTH7', 5, 1, 3, 'A101');
INSERT INTO lop_hoc_phan (ma_lop_hoc_phan, ma_mon_hoc, ma_giang_vien, hoc_ky, nam_hoc, lop_hoc, thu_trong_tuan, tiet_bat_dau, tiet_ket_thuc, phong_hoc) VALUES ('24100726', 'KETOAN_1_MH3', 'GV0041', 'HK1', 2024, 'DHTH7', 6, 1, 3, 'A101');
INSERT INTO lop_hoc_phan (ma_lop_hoc_phan, ma_mon_hoc, ma_giang_vien, hoc_ky, nam_hoc, lop_hoc, thu_trong_tuan, tiet_bat_dau, tiet_ket_thuc, phong_hoc) VALUES ('24300727', 'KETOAN_1_MH3', 'GV0007', 'HK1', 2024, 'DHTH1', 4, 1, 3, 'A101');
INSERT INTO lop_hoc_phan (ma_lop_hoc_phan, ma_mon_hoc, ma_giang_vien, hoc_ky, nam_hoc, lop_hoc, thu_trong_tuan, tiet_bat_dau, tiet_ket_thuc, phong_hoc) VALUES ('24100728', 'KETOAN_1_MH3', 'GV0029', 'HK1', 2024, 'DHTH2', 2, 1, 3, 'A101');
INSERT INTO lop_hoc_phan (ma_lop_hoc_phan, ma_mon_hoc, ma_giang_vien, hoc_ky, nam_hoc, lop_hoc, thu_trong_tuan, tiet_bat_dau, tiet_ket_thuc, phong_hoc) VALUES ('24100729', 'KETOAN_1_MH3', 'GV0001', 'HK1', 2024, 'DHTH6', 6, 1, 3, 'A101');
INSERT INTO lop_hoc_phan (ma_lop_hoc_phan, ma_mon_hoc, ma_giang_vien, hoc_ky, nam_hoc, lop_hoc, thu_trong_tuan, tiet_bat_dau, tiet_ket_thuc, phong_hoc) VALUES ('24300730', 'KETOAN_1_MH3', 'GV0051', 'HK1', 2024, 'DHTH1', 4, 1, 3, 'A101');
INSERT INTO mon_hoc (ma_mon_hoc, ten_mon_hoc, tin_chi_ly_thuyet, tin_chi_thuc_hanh, loai_mon) VALUES ('KETOAN_1_MH4', 'Môn học 4 - KETOAN1', 2, 0, 'ly_thuyet');
INSERT INTO mon_hoc_nganh (ma_mon_hoc, ma_nganh, ma_chuyen_nganh, la_chuyen_nganh, nam_ap_dung) VALUES ('KETOAN_1_MH4', 'KETOAN', 'KETOAN1', TRUE, 2024);
INSERT INTO lop_hoc_phan (ma_lop_hoc_phan, ma_mon_hoc, ma_giang_vien, hoc_ky, nam_hoc, lop_hoc, thu_trong_tuan, tiet_bat_dau, tiet_ket_thuc, phong_hoc) VALUES ('24300731', 'KETOAN_1_MH4', 'GV0045', 'HK1', 2024, 'DHTH9', 3, 1, 3, 'A101');
INSERT INTO lop_hoc_phan (ma_lop_hoc_phan, ma_mon_hoc, ma_giang_vien, hoc_ky, nam_hoc, lop_hoc, thu_trong_tuan, tiet_bat_dau, tiet_ket_thuc, phong_hoc) VALUES ('24100732', 'KETOAN_1_MH4', 'GV0032', 'HK1', 2024, 'DHTH10', 2, 1, 3, 'A101');
INSERT INTO lop_hoc_phan (ma_lop_hoc_phan, ma_mon_hoc, ma_giang_vien, hoc_ky, nam_hoc, lop_hoc, thu_trong_tuan, tiet_bat_dau, tiet_ket_thuc, phong_hoc) VALUES ('24200733', 'KETOAN_1_MH4', 'GV0043', 'HK1', 2024, 'DHTH10', 2, 1, 3, 'A101');
INSERT INTO lop_hoc_phan (ma_lop_hoc_phan, ma_mon_hoc, ma_giang_vien, hoc_ky, nam_hoc, lop_hoc, thu_trong_tuan, tiet_bat_dau, tiet_ket_thuc, phong_hoc) VALUES ('24200734', 'KETOAN_1_MH4', 'GV0001', 'HK1', 2024, 'DHTH9', 2, 1, 3, 'A101');
INSERT INTO lop_hoc_phan (ma_lop_hoc_phan, ma_mon_hoc, ma_giang_vien, hoc_ky, nam_hoc, lop_hoc, thu_trong_tuan, tiet_bat_dau, tiet_ket_thuc, phong_hoc) VALUES ('24200735', 'KETOAN_1_MH4', 'GV0094', 'HK1', 2024, 'DHTH9', 3, 1, 3, 'A101');
INSERT INTO lop_hoc_phan (ma_lop_hoc_phan, ma_mon_hoc, ma_giang_vien, hoc_ky, nam_hoc, lop_hoc, thu_trong_tuan, tiet_bat_dau, tiet_ket_thuc, phong_hoc) VALUES ('24200736', 'KETOAN_1_MH4', 'GV0007', 'HK1', 2024, 'DHTH2', 6, 1, 3, 'A101');
INSERT INTO lop_hoc_phan (ma_lop_hoc_phan, ma_mon_hoc, ma_giang_vien, hoc_ky, nam_hoc, lop_hoc, thu_trong_tuan, tiet_bat_dau, tiet_ket_thuc, phong_hoc) VALUES ('24200737', 'KETOAN_1_MH4', 'GV0066', 'HK1', 2024, 'DHTH1', 3, 1, 3, 'A101');
INSERT INTO lop_hoc_phan (ma_lop_hoc_phan, ma_mon_hoc, ma_giang_vien, hoc_ky, nam_hoc, lop_hoc, thu_trong_tuan, tiet_bat_dau, tiet_ket_thuc, phong_hoc) VALUES ('24200738', 'KETOAN_1_MH4', 'GV0084', 'HK1', 2024, 'DHTH6', 5, 1, 3, 'A101');
INSERT INTO lop_hoc_phan (ma_lop_hoc_phan, ma_mon_hoc, ma_giang_vien, hoc_ky, nam_hoc, lop_hoc, thu_trong_tuan, tiet_bat_dau, tiet_ket_thuc, phong_hoc) VALUES ('24100739', 'KETOAN_1_MH4', 'GV0069', 'HK1', 2024, 'DHTH7', 4, 1, 3, 'A101');
INSERT INTO lop_hoc_phan (ma_lop_hoc_phan, ma_mon_hoc, ma_giang_vien, hoc_ky, nam_hoc, lop_hoc, thu_trong_tuan, tiet_bat_dau, tiet_ket_thuc, phong_hoc) VALUES ('24300740', 'KETOAN_1_MH4', 'GV0066', 'HK1', 2024, 'DHTH8', 4, 1, 3, 'A101');
INSERT INTO mon_hoc (ma_mon_hoc, ten_mon_hoc, tin_chi_ly_thuyet, tin_chi_thuc_hanh, loai_mon) VALUES ('KETOAN_1_MH5', 'Môn học 5 - KETOAN1', 2, 0, 'ly_thuyet');
INSERT INTO mon_hoc_nganh (ma_mon_hoc, ma_nganh, ma_chuyen_nganh, la_chuyen_nganh, nam_ap_dung) VALUES ('KETOAN_1_MH5', 'KETOAN', 'KETOAN1', TRUE, 2024);
INSERT INTO lop_hoc_phan (ma_lop_hoc_phan, ma_mon_hoc, ma_giang_vien, hoc_ky, nam_hoc, lop_hoc, thu_trong_tuan, tiet_bat_dau, tiet_ket_thuc, phong_hoc) VALUES ('24100741', 'KETOAN_1_MH5', 'GV0021', 'HK1', 2024, 'DHTH1', 3, 1, 3, 'A101');
INSERT INTO lop_hoc_phan (ma_lop_hoc_phan, ma_mon_hoc, ma_giang_vien, hoc_ky, nam_hoc, lop_hoc, thu_trong_tuan, tiet_bat_dau, tiet_ket_thuc, phong_hoc) VALUES ('24100742', 'KETOAN_1_MH5', 'GV0001', 'HK1', 2024, 'DHTH8', 3, 1, 3, 'A101');
INSERT INTO lop_hoc_phan (ma_lop_hoc_phan, ma_mon_hoc, ma_giang_vien, hoc_ky, nam_hoc, lop_hoc, thu_trong_tuan, tiet_bat_dau, tiet_ket_thuc, phong_hoc) VALUES ('24300743', 'KETOAN_1_MH5', 'GV0079', 'HK1', 2024, 'DHTH9', 2, 1, 3, 'A101');
INSERT INTO lop_hoc_phan (ma_lop_hoc_phan, ma_mon_hoc, ma_giang_vien, hoc_ky, nam_hoc, lop_hoc, thu_trong_tuan, tiet_bat_dau, tiet_ket_thuc, phong_hoc) VALUES ('24300744', 'KETOAN_1_MH5', 'GV0044', 'HK1', 2024, 'DHTH1', 5, 1, 3, 'A101');
INSERT INTO lop_hoc_phan (ma_lop_hoc_phan, ma_mon_hoc, ma_giang_vien, hoc_ky, nam_hoc, lop_hoc, thu_trong_tuan, tiet_bat_dau, tiet_ket_thuc, phong_hoc) VALUES ('24200745', 'KETOAN_1_MH5', 'GV0057', 'HK1', 2024, 'DHTH5', 5, 1, 3, 'A101');
INSERT INTO lop_hoc_phan (ma_lop_hoc_phan, ma_mon_hoc, ma_giang_vien, hoc_ky, nam_hoc, lop_hoc, thu_trong_tuan, tiet_bat_dau, tiet_ket_thuc, phong_hoc) VALUES ('24300746', 'KETOAN_1_MH5', 'GV0011', 'HK1', 2024, 'DHTH3', 5, 1, 3, 'A101');
INSERT INTO lop_hoc_phan (ma_lop_hoc_phan, ma_mon_hoc, ma_giang_vien, hoc_ky, nam_hoc, lop_hoc, thu_trong_tuan, tiet_bat_dau, tiet_ket_thuc, phong_hoc) VALUES ('24100747', 'KETOAN_1_MH5', 'GV0028', 'HK1', 2024, 'DHTH2', 4, 1, 3, 'A101');
INSERT INTO lop_hoc_phan (ma_lop_hoc_phan, ma_mon_hoc, ma_giang_vien, hoc_ky, nam_hoc, lop_hoc, thu_trong_tuan, tiet_bat_dau, tiet_ket_thuc, phong_hoc) VALUES ('24200748', 'KETOAN_1_MH5', 'GV0098', 'HK1', 2024, 'DHTH3', 3, 1, 3, 'A101');
INSERT INTO lop_hoc_phan (ma_lop_hoc_phan, ma_mon_hoc, ma_giang_vien, hoc_ky, nam_hoc, lop_hoc, thu_trong_tuan, tiet_bat_dau, tiet_ket_thuc, phong_hoc) VALUES ('24300749', 'KETOAN_1_MH5', 'GV0026', 'HK1', 2024, 'DHTH1', 4, 1, 3, 'A101');
INSERT INTO lop_hoc_phan (ma_lop_hoc_phan, ma_mon_hoc, ma_giang_vien, hoc_ky, nam_hoc, lop_hoc, thu_trong_tuan, tiet_bat_dau, tiet_ket_thuc, phong_hoc) VALUES ('24300750', 'KETOAN_1_MH5', 'GV0017', 'HK1', 2024, 'DHTH2', 2, 1, 3, 'A101');
INSERT INTO mon_hoc (ma_mon_hoc, ten_mon_hoc, tin_chi_ly_thuyet, tin_chi_thuc_hanh, loai_mon) VALUES ('KETOAN_2_MH1', 'Môn học 1 - KETOAN2', 2, 0, 'ly_thuyet');
INSERT INTO mon_hoc_nganh (ma_mon_hoc, ma_nganh, ma_chuyen_nganh, la_chuyen_nganh, nam_ap_dung) VALUES ('KETOAN_2_MH1', 'KETOAN', 'KETOAN2', TRUE, 2024);
INSERT INTO lop_hoc_phan (ma_lop_hoc_phan, ma_mon_hoc, ma_giang_vien, hoc_ky, nam_hoc, lop_hoc, thu_trong_tuan, tiet_bat_dau, tiet_ket_thuc, phong_hoc) VALUES ('24100751', 'KETOAN_2_MH1', 'GV0026', 'HK1', 2024, 'DHTH9', 4, 1, 3, 'A101');
INSERT INTO lop_hoc_phan (ma_lop_hoc_phan, ma_mon_hoc, ma_giang_vien, hoc_ky, nam_hoc, lop_hoc, thu_trong_tuan, tiet_bat_dau, tiet_ket_thuc, phong_hoc) VALUES ('24300752', 'KETOAN_2_MH1', 'GV0035', 'HK1', 2024, 'DHTH1', 2, 1, 3, 'A101');
INSERT INTO lop_hoc_phan (ma_lop_hoc_phan, ma_mon_hoc, ma_giang_vien, hoc_ky, nam_hoc, lop_hoc, thu_trong_tuan, tiet_bat_dau, tiet_ket_thuc, phong_hoc) VALUES ('24100753', 'KETOAN_2_MH1', 'GV0095', 'HK1', 2024, 'DHTH7', 4, 1, 3, 'A101');
INSERT INTO lop_hoc_phan (ma_lop_hoc_phan, ma_mon_hoc, ma_giang_vien, hoc_ky, nam_hoc, lop_hoc, thu_trong_tuan, tiet_bat_dau, tiet_ket_thuc, phong_hoc) VALUES ('24200754', 'KETOAN_2_MH1', 'GV0032', 'HK1', 2024, 'DHTH10', 4, 1, 3, 'A101');
INSERT INTO lop_hoc_phan (ma_lop_hoc_phan, ma_mon_hoc, ma_giang_vien, hoc_ky, nam_hoc, lop_hoc, thu_trong_tuan, tiet_bat_dau, tiet_ket_thuc, phong_hoc) VALUES ('24100755', 'KETOAN_2_MH1', 'GV0057', 'HK1', 2024, 'DHTH5', 2, 1, 3, 'A101');
INSERT INTO lop_hoc_phan (ma_lop_hoc_phan, ma_mon_hoc, ma_giang_vien, hoc_ky, nam_hoc, lop_hoc, thu_trong_tuan, tiet_bat_dau, tiet_ket_thuc, phong_hoc) VALUES ('24200756', 'KETOAN_2_MH1', 'GV0022', 'HK1', 2024, 'DHTH7', 3, 1, 3, 'A101');
INSERT INTO lop_hoc_phan (ma_lop_hoc_phan, ma_mon_hoc, ma_giang_vien, hoc_ky, nam_hoc, lop_hoc, thu_trong_tuan, tiet_bat_dau, tiet_ket_thuc, phong_hoc) VALUES ('24100757', 'KETOAN_2_MH1', 'GV0003', 'HK1', 2024, 'DHTH3', 4, 1, 3, 'A101');
INSERT INTO lop_hoc_phan (ma_lop_hoc_phan, ma_mon_hoc, ma_giang_vien, hoc_ky, nam_hoc, lop_hoc, thu_trong_tuan, tiet_bat_dau, tiet_ket_thuc, phong_hoc) VALUES ('24100758', 'KETOAN_2_MH1', 'GV0091', 'HK1', 2024, 'DHTH2', 3, 1, 3, 'A101');
INSERT INTO lop_hoc_phan (ma_lop_hoc_phan, ma_mon_hoc, ma_giang_vien, hoc_ky, nam_hoc, lop_hoc, thu_trong_tuan, tiet_bat_dau, tiet_ket_thuc, phong_hoc) VALUES ('24300759', 'KETOAN_2_MH1', 'GV0073', 'HK1', 2024, 'DHTH3', 6, 1, 3, 'A101');
INSERT INTO lop_hoc_phan (ma_lop_hoc_phan, ma_mon_hoc, ma_giang_vien, hoc_ky, nam_hoc, lop_hoc, thu_trong_tuan, tiet_bat_dau, tiet_ket_thuc, phong_hoc) VALUES ('24300760', 'KETOAN_2_MH1', 'GV0068', 'HK1', 2024, 'DHTH8', 3, 1, 3, 'A101');
INSERT INTO mon_hoc (ma_mon_hoc, ten_mon_hoc, tin_chi_ly_thuyet, tin_chi_thuc_hanh, loai_mon) VALUES ('KETOAN_2_MH2', 'Môn học 2 - KETOAN2', 2, 0, 'ly_thuyet');
INSERT INTO mon_hoc_nganh (ma_mon_hoc, ma_nganh, ma_chuyen_nganh, la_chuyen_nganh, nam_ap_dung) VALUES ('KETOAN_2_MH2', 'KETOAN', 'KETOAN2', TRUE, 2024);
INSERT INTO lop_hoc_phan (ma_lop_hoc_phan, ma_mon_hoc, ma_giang_vien, hoc_ky, nam_hoc, lop_hoc, thu_trong_tuan, tiet_bat_dau, tiet_ket_thuc, phong_hoc) VALUES ('24100761', 'KETOAN_2_MH2', 'GV0100', 'HK1', 2024, 'DHTH7', 4, 1, 3, 'A101');
INSERT INTO lop_hoc_phan (ma_lop_hoc_phan, ma_mon_hoc, ma_giang_vien, hoc_ky, nam_hoc, lop_hoc, thu_trong_tuan, tiet_bat_dau, tiet_ket_thuc, phong_hoc) VALUES ('24300762', 'KETOAN_2_MH2', 'GV0040', 'HK1', 2024, 'DHTH5', 2, 1, 3, 'A101');
INSERT INTO lop_hoc_phan (ma_lop_hoc_phan, ma_mon_hoc, ma_giang_vien, hoc_ky, nam_hoc, lop_hoc, thu_trong_tuan, tiet_bat_dau, tiet_ket_thuc, phong_hoc) VALUES ('24200763', 'KETOAN_2_MH2', 'GV0043', 'HK1', 2024, 'DHTH1', 6, 1, 3, 'A101');
INSERT INTO lop_hoc_phan (ma_lop_hoc_phan, ma_mon_hoc, ma_giang_vien, hoc_ky, nam_hoc, lop_hoc, thu_trong_tuan, tiet_bat_dau, tiet_ket_thuc, phong_hoc) VALUES ('24100764', 'KETOAN_2_MH2', 'GV0020', 'HK1', 2024, 'DHTH10', 3, 1, 3, 'A101');
INSERT INTO lop_hoc_phan (ma_lop_hoc_phan, ma_mon_hoc, ma_giang_vien, hoc_ky, nam_hoc, lop_hoc, thu_trong_tuan, tiet_bat_dau, tiet_ket_thuc, phong_hoc) VALUES ('24200765', 'KETOAN_2_MH2', 'GV0065', 'HK1', 2024, 'DHTH9', 5, 1, 3, 'A101');
INSERT INTO lop_hoc_phan (ma_lop_hoc_phan, ma_mon_hoc, ma_giang_vien, hoc_ky, nam_hoc, lop_hoc, thu_trong_tuan, tiet_bat_dau, tiet_ket_thuc, phong_hoc) VALUES ('24200766', 'KETOAN_2_MH2', 'GV0002', 'HK1', 2024, 'DHTH3', 6, 1, 3, 'A101');
INSERT INTO lop_hoc_phan (ma_lop_hoc_phan, ma_mon_hoc, ma_giang_vien, hoc_ky, nam_hoc, lop_hoc, thu_trong_tuan, tiet_bat_dau, tiet_ket_thuc, phong_hoc) VALUES ('24200767', 'KETOAN_2_MH2', 'GV0099', 'HK1', 2024, 'DHTH4', 4, 1, 3, 'A101');
INSERT INTO lop_hoc_phan (ma_lop_hoc_phan, ma_mon_hoc, ma_giang_vien, hoc_ky, nam_hoc, lop_hoc, thu_trong_tuan, tiet_bat_dau, tiet_ket_thuc, phong_hoc) VALUES ('24200768', 'KETOAN_2_MH2', 'GV0016', 'HK1', 2024, 'DHTH10', 6, 1, 3, 'A101');
INSERT INTO lop_hoc_phan (ma_lop_hoc_phan, ma_mon_hoc, ma_giang_vien, hoc_ky, nam_hoc, lop_hoc, thu_trong_tuan, tiet_bat_dau, tiet_ket_thuc, phong_hoc) VALUES ('24200769', 'KETOAN_2_MH2', 'GV0045', 'HK1', 2024, 'DHTH7', 2, 1, 3, 'A101');
INSERT INTO lop_hoc_phan (ma_lop_hoc_phan, ma_mon_hoc, ma_giang_vien, hoc_ky, nam_hoc, lop_hoc, thu_trong_tuan, tiet_bat_dau, tiet_ket_thuc, phong_hoc) VALUES ('24300770', 'KETOAN_2_MH2', 'GV0052', 'HK1', 2024, 'DHTH10', 5, 1, 3, 'A101');
INSERT INTO mon_hoc (ma_mon_hoc, ten_mon_hoc, tin_chi_ly_thuyet, tin_chi_thuc_hanh, loai_mon) VALUES ('KETOAN_2_MH3', 'Môn học 3 - KETOAN2', 2, 0, 'ly_thuyet');
INSERT INTO mon_hoc_nganh (ma_mon_hoc, ma_nganh, ma_chuyen_nganh, la_chuyen_nganh, nam_ap_dung) VALUES ('KETOAN_2_MH3', 'KETOAN', 'KETOAN2', TRUE, 2024);
INSERT INTO lop_hoc_phan (ma_lop_hoc_phan, ma_mon_hoc, ma_giang_vien, hoc_ky, nam_hoc, lop_hoc, thu_trong_tuan, tiet_bat_dau, tiet_ket_thuc, phong_hoc) VALUES ('24200771', 'KETOAN_2_MH3', 'GV0094', 'HK1', 2024, 'DHTH4', 6, 1, 3, 'A101');
INSERT INTO lop_hoc_phan (ma_lop_hoc_phan, ma_mon_hoc, ma_giang_vien, hoc_ky, nam_hoc, lop_hoc, thu_trong_tuan, tiet_bat_dau, tiet_ket_thuc, phong_hoc) VALUES ('24300772', 'KETOAN_2_MH3', 'GV0047', 'HK1', 2024, 'DHTH5', 3, 1, 3, 'A101');
INSERT INTO lop_hoc_phan (ma_lop_hoc_phan, ma_mon_hoc, ma_giang_vien, hoc_ky, nam_hoc, lop_hoc, thu_trong_tuan, tiet_bat_dau, tiet_ket_thuc, phong_hoc) VALUES ('24200773', 'KETOAN_2_MH3', 'GV0062', 'HK1', 2024, 'DHTH8', 3, 1, 3, 'A101');
INSERT INTO lop_hoc_phan (ma_lop_hoc_phan, ma_mon_hoc, ma_giang_vien, hoc_ky, nam_hoc, lop_hoc, thu_trong_tuan, tiet_bat_dau, tiet_ket_thuc, phong_hoc) VALUES ('24100774', 'KETOAN_2_MH3', 'GV0087', 'HK1', 2024, 'DHTH1', 5, 1, 3, 'A101');
INSERT INTO lop_hoc_phan (ma_lop_hoc_phan, ma_mon_hoc, ma_giang_vien, hoc_ky, nam_hoc, lop_hoc, thu_trong_tuan, tiet_bat_dau, tiet_ket_thuc, phong_hoc) VALUES ('24100775', 'KETOAN_2_MH3', 'GV0047', 'HK1', 2024, 'DHTH4', 3, 1, 3, 'A101');
INSERT INTO lop_hoc_phan (ma_lop_hoc_phan, ma_mon_hoc, ma_giang_vien, hoc_ky, nam_hoc, lop_hoc, thu_trong_tuan, tiet_bat_dau, tiet_ket_thuc, phong_hoc) VALUES ('24200776', 'KETOAN_2_MH3', 'GV0094', 'HK1', 2024, 'DHTH7', 6, 1, 3, 'A101');
INSERT INTO lop_hoc_phan (ma_lop_hoc_phan, ma_mon_hoc, ma_giang_vien, hoc_ky, nam_hoc, lop_hoc, thu_trong_tuan, tiet_bat_dau, tiet_ket_thuc, phong_hoc) VALUES ('24200777', 'KETOAN_2_MH3', 'GV0042', 'HK1', 2024, 'DHTH7', 4, 1, 3, 'A101');
INSERT INTO lop_hoc_phan (ma_lop_hoc_phan, ma_mon_hoc, ma_giang_vien, hoc_ky, nam_hoc, lop_hoc, thu_trong_tuan, tiet_bat_dau, tiet_ket_thuc, phong_hoc) VALUES ('24300778', 'KETOAN_2_MH3', 'GV0021', 'HK1', 2024, 'DHTH6', 2, 1, 3, 'A101');
INSERT INTO lop_hoc_phan (ma_lop_hoc_phan, ma_mon_hoc, ma_giang_vien, hoc_ky, nam_hoc, lop_hoc, thu_trong_tuan, tiet_bat_dau, tiet_ket_thuc, phong_hoc) VALUES ('24300779', 'KETOAN_2_MH3', 'GV0058', 'HK1', 2024, 'DHTH8', 6, 1, 3, 'A101');
INSERT INTO lop_hoc_phan (ma_lop_hoc_phan, ma_mon_hoc, ma_giang_vien, hoc_ky, nam_hoc, lop_hoc, thu_trong_tuan, tiet_bat_dau, tiet_ket_thuc, phong_hoc) VALUES ('24100780', 'KETOAN_2_MH3', 'GV0036', 'HK1', 2024, 'DHTH9', 5, 1, 3, 'A101');
INSERT INTO mon_hoc (ma_mon_hoc, ten_mon_hoc, tin_chi_ly_thuyet, tin_chi_thuc_hanh, loai_mon) VALUES ('KETOAN_2_MH4', 'Môn học 4 - KETOAN2', 2, 0, 'ly_thuyet');
INSERT INTO mon_hoc_nganh (ma_mon_hoc, ma_nganh, ma_chuyen_nganh, la_chuyen_nganh, nam_ap_dung) VALUES ('KETOAN_2_MH4', 'KETOAN', 'KETOAN2', TRUE, 2024);
INSERT INTO lop_hoc_phan (ma_lop_hoc_phan, ma_mon_hoc, ma_giang_vien, hoc_ky, nam_hoc, lop_hoc, thu_trong_tuan, tiet_bat_dau, tiet_ket_thuc, phong_hoc) VALUES ('24200781', 'KETOAN_2_MH4', 'GV0062', 'HK1', 2024, 'DHTH7', 4, 1, 3, 'A101');
INSERT INTO lop_hoc_phan (ma_lop_hoc_phan, ma_mon_hoc, ma_giang_vien, hoc_ky, nam_hoc, lop_hoc, thu_trong_tuan, tiet_bat_dau, tiet_ket_thuc, phong_hoc) VALUES ('24300782', 'KETOAN_2_MH4', 'GV0038', 'HK1', 2024, 'DHTH6', 4, 1, 3, 'A101');
INSERT INTO lop_hoc_phan (ma_lop_hoc_phan, ma_mon_hoc, ma_giang_vien, hoc_ky, nam_hoc, lop_hoc, thu_trong_tuan, tiet_bat_dau, tiet_ket_thuc, phong_hoc) VALUES ('24200783', 'KETOAN_2_MH4', 'GV0083', 'HK1', 2024, 'DHTH5', 2, 1, 3, 'A101');
INSERT INTO lop_hoc_phan (ma_lop_hoc_phan, ma_mon_hoc, ma_giang_vien, hoc_ky, nam_hoc, lop_hoc, thu_trong_tuan, tiet_bat_dau, tiet_ket_thuc, phong_hoc) VALUES ('24100784', 'KETOAN_2_MH4', 'GV0016', 'HK1', 2024, 'DHTH9', 3, 1, 3, 'A101');
INSERT INTO lop_hoc_phan (ma_lop_hoc_phan, ma_mon_hoc, ma_giang_vien, hoc_ky, nam_hoc, lop_hoc, thu_trong_tuan, tiet_bat_dau, tiet_ket_thuc, phong_hoc) VALUES ('24200785', 'KETOAN_2_MH4', 'GV0017', 'HK1', 2024, 'DHTH1', 3, 1, 3, 'A101');
INSERT INTO lop_hoc_phan (ma_lop_hoc_phan, ma_mon_hoc, ma_giang_vien, hoc_ky, nam_hoc, lop_hoc, thu_trong_tuan, tiet_bat_dau, tiet_ket_thuc, phong_hoc) VALUES ('24300786', 'KETOAN_2_MH4', 'GV0036', 'HK1', 2024, 'DHTH9', 3, 1, 3, 'A101');
INSERT INTO lop_hoc_phan (ma_lop_hoc_phan, ma_mon_hoc, ma_giang_vien, hoc_ky, nam_hoc, lop_hoc, thu_trong_tuan, tiet_bat_dau, tiet_ket_thuc, phong_hoc) VALUES ('24100787', 'KETOAN_2_MH4', 'GV0051', 'HK1', 2024, 'DHTH9', 2, 1, 3, 'A101');
INSERT INTO lop_hoc_phan (ma_lop_hoc_phan, ma_mon_hoc, ma_giang_vien, hoc_ky, nam_hoc, lop_hoc, thu_trong_tuan, tiet_bat_dau, tiet_ket_thuc, phong_hoc) VALUES ('24200788', 'KETOAN_2_MH4', 'GV0060', 'HK1', 2024, 'DHTH2', 4, 1, 3, 'A101');
INSERT INTO lop_hoc_phan (ma_lop_hoc_phan, ma_mon_hoc, ma_giang_vien, hoc_ky, nam_hoc, lop_hoc, thu_trong_tuan, tiet_bat_dau, tiet_ket_thuc, phong_hoc) VALUES ('24200789', 'KETOAN_2_MH4', 'GV0095', 'HK1', 2024, 'DHTH5', 3, 1, 3, 'A101');
INSERT INTO lop_hoc_phan (ma_lop_hoc_phan, ma_mon_hoc, ma_giang_vien, hoc_ky, nam_hoc, lop_hoc, thu_trong_tuan, tiet_bat_dau, tiet_ket_thuc, phong_hoc) VALUES ('24300790', 'KETOAN_2_MH4', 'GV0040', 'HK1', 2024, 'DHTH9', 6, 1, 3, 'A101');
INSERT INTO mon_hoc (ma_mon_hoc, ten_mon_hoc, tin_chi_ly_thuyet, tin_chi_thuc_hanh, loai_mon) VALUES ('KETOAN_2_MH5', 'Môn học 5 - KETOAN2', 2, 0, 'ly_thuyet');
INSERT INTO mon_hoc_nganh (ma_mon_hoc, ma_nganh, ma_chuyen_nganh, la_chuyen_nganh, nam_ap_dung) VALUES ('KETOAN_2_MH5', 'KETOAN', 'KETOAN2', TRUE, 2024);
INSERT INTO lop_hoc_phan (ma_lop_hoc_phan, ma_mon_hoc, ma_giang_vien, hoc_ky, nam_hoc, lop_hoc, thu_trong_tuan, tiet_bat_dau, tiet_ket_thuc, phong_hoc) VALUES ('24100791', 'KETOAN_2_MH5', 'GV0004', 'HK1', 2024, 'DHTH7', 3, 1, 3, 'A101');
INSERT INTO lop_hoc_phan (ma_lop_hoc_phan, ma_mon_hoc, ma_giang_vien, hoc_ky, nam_hoc, lop_hoc, thu_trong_tuan, tiet_bat_dau, tiet_ket_thuc, phong_hoc) VALUES ('24100792', 'KETOAN_2_MH5', 'GV0019', 'HK1', 2024, 'DHTH1', 3, 1, 3, 'A101');
INSERT INTO lop_hoc_phan (ma_lop_hoc_phan, ma_mon_hoc, ma_giang_vien, hoc_ky, nam_hoc, lop_hoc, thu_trong_tuan, tiet_bat_dau, tiet_ket_thuc, phong_hoc) VALUES ('24100793', 'KETOAN_2_MH5', 'GV0088', 'HK1', 2024, 'DHTH2', 5, 1, 3, 'A101');
INSERT INTO lop_hoc_phan (ma_lop_hoc_phan, ma_mon_hoc, ma_giang_vien, hoc_ky, nam_hoc, lop_hoc, thu_trong_tuan, tiet_bat_dau, tiet_ket_thuc, phong_hoc) VALUES ('24200794', 'KETOAN_2_MH5', 'GV0067', 'HK1', 2024, 'DHTH5', 5, 1, 3, 'A101');
INSERT INTO lop_hoc_phan (ma_lop_hoc_phan, ma_mon_hoc, ma_giang_vien, hoc_ky, nam_hoc, lop_hoc, thu_trong_tuan, tiet_bat_dau, tiet_ket_thuc, phong_hoc) VALUES ('24200795', 'KETOAN_2_MH5', 'GV0077', 'HK1', 2024, 'DHTH5', 3, 1, 3, 'A101');
INSERT INTO lop_hoc_phan (ma_lop_hoc_phan, ma_mon_hoc, ma_giang_vien, hoc_ky, nam_hoc, lop_hoc, thu_trong_tuan, tiet_bat_dau, tiet_ket_thuc, phong_hoc) VALUES ('24200796', 'KETOAN_2_MH5', 'GV0092', 'HK1', 2024, 'DHTH7', 4, 1, 3, 'A101');
INSERT INTO lop_hoc_phan (ma_lop_hoc_phan, ma_mon_hoc, ma_giang_vien, hoc_ky, nam_hoc, lop_hoc, thu_trong_tuan, tiet_bat_dau, tiet_ket_thuc, phong_hoc) VALUES ('24300797', 'KETOAN_2_MH5', 'GV0029', 'HK1', 2024, 'DHTH4', 5, 1, 3, 'A101');
INSERT INTO lop_hoc_phan (ma_lop_hoc_phan, ma_mon_hoc, ma_giang_vien, hoc_ky, nam_hoc, lop_hoc, thu_trong_tuan, tiet_bat_dau, tiet_ket_thuc, phong_hoc) VALUES ('24200798', 'KETOAN_2_MH5', 'GV0063', 'HK1', 2024, 'DHTH5', 6, 1, 3, 'A101');
INSERT INTO lop_hoc_phan (ma_lop_hoc_phan, ma_mon_hoc, ma_giang_vien, hoc_ky, nam_hoc, lop_hoc, thu_trong_tuan, tiet_bat_dau, tiet_ket_thuc, phong_hoc) VALUES ('24100799', 'KETOAN_2_MH5', 'GV0026', 'HK1', 2024, 'DHTH5', 3, 1, 3, 'A101');
INSERT INTO lop_hoc_phan (ma_lop_hoc_phan, ma_mon_hoc, ma_giang_vien, hoc_ky, nam_hoc, lop_hoc, thu_trong_tuan, tiet_bat_dau, tiet_ket_thuc, phong_hoc) VALUES ('24200800', 'KETOAN_2_MH5', 'GV0024', 'HK1', 2024, 'DHTH6', 6, 1, 3, 'A101');
INSERT INTO mon_hoc (ma_mon_hoc, ten_mon_hoc, tin_chi_ly_thuyet, tin_chi_thuc_hanh, loai_mon) VALUES ('QTKS_1_MH1', 'Môn học 1 - QTKS1', 2, 0, 'ly_thuyet');
INSERT INTO mon_hoc_nganh (ma_mon_hoc, ma_nganh, ma_chuyen_nganh, la_chuyen_nganh, nam_ap_dung) VALUES ('QTKS_1_MH1', 'QTKS', 'QTKS1', TRUE, 2024);
INSERT INTO lop_hoc_phan (ma_lop_hoc_phan, ma_mon_hoc, ma_giang_vien, hoc_ky, nam_hoc, lop_hoc, thu_trong_tuan, tiet_bat_dau, tiet_ket_thuc, phong_hoc) VALUES ('24200801', 'QTKS_1_MH1', 'GV0010', 'HK1', 2024, 'DHTH4', 3, 1, 3, 'A101');
INSERT INTO lop_hoc_phan (ma_lop_hoc_phan, ma_mon_hoc, ma_giang_vien, hoc_ky, nam_hoc, lop_hoc, thu_trong_tuan, tiet_bat_dau, tiet_ket_thuc, phong_hoc) VALUES ('24200802', 'QTKS_1_MH1', 'GV0028', 'HK1', 2024, 'DHTH8', 4, 1, 3, 'A101');
INSERT INTO lop_hoc_phan (ma_lop_hoc_phan, ma_mon_hoc, ma_giang_vien, hoc_ky, nam_hoc, lop_hoc, thu_trong_tuan, tiet_bat_dau, tiet_ket_thuc, phong_hoc) VALUES ('24300803', 'QTKS_1_MH1', 'GV0065', 'HK1', 2024, 'DHTH4', 6, 1, 3, 'A101');
INSERT INTO lop_hoc_phan (ma_lop_hoc_phan, ma_mon_hoc, ma_giang_vien, hoc_ky, nam_hoc, lop_hoc, thu_trong_tuan, tiet_bat_dau, tiet_ket_thuc, phong_hoc) VALUES ('24200804', 'QTKS_1_MH1', 'GV0094', 'HK1', 2024, 'DHTH3', 2, 1, 3, 'A101');
INSERT INTO lop_hoc_phan (ma_lop_hoc_phan, ma_mon_hoc, ma_giang_vien, hoc_ky, nam_hoc, lop_hoc, thu_trong_tuan, tiet_bat_dau, tiet_ket_thuc, phong_hoc) VALUES ('24200805', 'QTKS_1_MH1', 'GV0061', 'HK1', 2024, 'DHTH10', 3, 1, 3, 'A101');
INSERT INTO lop_hoc_phan (ma_lop_hoc_phan, ma_mon_hoc, ma_giang_vien, hoc_ky, nam_hoc, lop_hoc, thu_trong_tuan, tiet_bat_dau, tiet_ket_thuc, phong_hoc) VALUES ('24100806', 'QTKS_1_MH1', 'GV0051', 'HK1', 2024, 'DHTH7', 5, 1, 3, 'A101');
INSERT INTO lop_hoc_phan (ma_lop_hoc_phan, ma_mon_hoc, ma_giang_vien, hoc_ky, nam_hoc, lop_hoc, thu_trong_tuan, tiet_bat_dau, tiet_ket_thuc, phong_hoc) VALUES ('24300807', 'QTKS_1_MH1', 'GV0057', 'HK1', 2024, 'DHTH8', 5, 1, 3, 'A101');
INSERT INTO lop_hoc_phan (ma_lop_hoc_phan, ma_mon_hoc, ma_giang_vien, hoc_ky, nam_hoc, lop_hoc, thu_trong_tuan, tiet_bat_dau, tiet_ket_thuc, phong_hoc) VALUES ('24300808', 'QTKS_1_MH1', 'GV0034', 'HK1', 2024, 'DHTH1', 3, 1, 3, 'A101');
INSERT INTO lop_hoc_phan (ma_lop_hoc_phan, ma_mon_hoc, ma_giang_vien, hoc_ky, nam_hoc, lop_hoc, thu_trong_tuan, tiet_bat_dau, tiet_ket_thuc, phong_hoc) VALUES ('24200809', 'QTKS_1_MH1', 'GV0033', 'HK1', 2024, 'DHTH10', 6, 1, 3, 'A101');
INSERT INTO lop_hoc_phan (ma_lop_hoc_phan, ma_mon_hoc, ma_giang_vien, hoc_ky, nam_hoc, lop_hoc, thu_trong_tuan, tiet_bat_dau, tiet_ket_thuc, phong_hoc) VALUES ('24100810', 'QTKS_1_MH1', 'GV0021', 'HK1', 2024, 'DHTH5', 5, 1, 3, 'A101');
INSERT INTO mon_hoc (ma_mon_hoc, ten_mon_hoc, tin_chi_ly_thuyet, tin_chi_thuc_hanh, loai_mon) VALUES ('QTKS_1_MH2', 'Môn học 2 - QTKS1', 2, 0, 'ly_thuyet');
INSERT INTO mon_hoc_nganh (ma_mon_hoc, ma_nganh, ma_chuyen_nganh, la_chuyen_nganh, nam_ap_dung) VALUES ('QTKS_1_MH2', 'QTKS', 'QTKS1', TRUE, 2024);
INSERT INTO lop_hoc_phan (ma_lop_hoc_phan, ma_mon_hoc, ma_giang_vien, hoc_ky, nam_hoc, lop_hoc, thu_trong_tuan, tiet_bat_dau, tiet_ket_thuc, phong_hoc) VALUES ('24200811', 'QTKS_1_MH2', 'GV0064', 'HK1', 2024, 'DHTH1', 2, 1, 3, 'A101');
INSERT INTO lop_hoc_phan (ma_lop_hoc_phan, ma_mon_hoc, ma_giang_vien, hoc_ky, nam_hoc, lop_hoc, thu_trong_tuan, tiet_bat_dau, tiet_ket_thuc, phong_hoc) VALUES ('24100812', 'QTKS_1_MH2', 'GV0028', 'HK1', 2024, 'DHTH4', 5, 1, 3, 'A101');
INSERT INTO lop_hoc_phan (ma_lop_hoc_phan, ma_mon_hoc, ma_giang_vien, hoc_ky, nam_hoc, lop_hoc, thu_trong_tuan, tiet_bat_dau, tiet_ket_thuc, phong_hoc) VALUES ('24100813', 'QTKS_1_MH2', 'GV0033', 'HK1', 2024, 'DHTH2', 4, 1, 3, 'A101');
INSERT INTO lop_hoc_phan (ma_lop_hoc_phan, ma_mon_hoc, ma_giang_vien, hoc_ky, nam_hoc, lop_hoc, thu_trong_tuan, tiet_bat_dau, tiet_ket_thuc, phong_hoc) VALUES ('24300814', 'QTKS_1_MH2', 'GV0054', 'HK1', 2024, 'DHTH6', 3, 1, 3, 'A101');
INSERT INTO lop_hoc_phan (ma_lop_hoc_phan, ma_mon_hoc, ma_giang_vien, hoc_ky, nam_hoc, lop_hoc, thu_trong_tuan, tiet_bat_dau, tiet_ket_thuc, phong_hoc) VALUES ('24200815', 'QTKS_1_MH2', 'GV0088', 'HK1', 2024, 'DHTH7', 5, 1, 3, 'A101');
INSERT INTO lop_hoc_phan (ma_lop_hoc_phan, ma_mon_hoc, ma_giang_vien, hoc_ky, nam_hoc, lop_hoc, thu_trong_tuan, tiet_bat_dau, tiet_ket_thuc, phong_hoc) VALUES ('24100816', 'QTKS_1_MH2', 'GV0045', 'HK1', 2024, 'DHTH4', 2, 1, 3, 'A101');
INSERT INTO lop_hoc_phan (ma_lop_hoc_phan, ma_mon_hoc, ma_giang_vien, hoc_ky, nam_hoc, lop_hoc, thu_trong_tuan, tiet_bat_dau, tiet_ket_thuc, phong_hoc) VALUES ('24200817', 'QTKS_1_MH2', 'GV0081', 'HK1', 2024, 'DHTH9', 6, 1, 3, 'A101');
INSERT INTO lop_hoc_phan (ma_lop_hoc_phan, ma_mon_hoc, ma_giang_vien, hoc_ky, nam_hoc, lop_hoc, thu_trong_tuan, tiet_bat_dau, tiet_ket_thuc, phong_hoc) VALUES ('24100818', 'QTKS_1_MH2', 'GV0062', 'HK1', 2024, 'DHTH1', 6, 1, 3, 'A101');
INSERT INTO lop_hoc_phan (ma_lop_hoc_phan, ma_mon_hoc, ma_giang_vien, hoc_ky, nam_hoc, lop_hoc, thu_trong_tuan, tiet_bat_dau, tiet_ket_thuc, phong_hoc) VALUES ('24100819', 'QTKS_1_MH2', 'GV0027', 'HK1', 2024, 'DHTH7', 4, 1, 3, 'A101');
INSERT INTO lop_hoc_phan (ma_lop_hoc_phan, ma_mon_hoc, ma_giang_vien, hoc_ky, nam_hoc, lop_hoc, thu_trong_tuan, tiet_bat_dau, tiet_ket_thuc, phong_hoc) VALUES ('24100820', 'QTKS_1_MH2', 'GV0030', 'HK1', 2024, 'DHTH7', 5, 1, 3, 'A101');
INSERT INTO mon_hoc (ma_mon_hoc, ten_mon_hoc, tin_chi_ly_thuyet, tin_chi_thuc_hanh, loai_mon) VALUES ('QTKS_1_MH3', 'Môn học 3 - QTKS1', 2, 0, 'ly_thuyet');
INSERT INTO mon_hoc_nganh (ma_mon_hoc, ma_nganh, ma_chuyen_nganh, la_chuyen_nganh, nam_ap_dung) VALUES ('QTKS_1_MH3', 'QTKS', 'QTKS1', TRUE, 2024);
INSERT INTO lop_hoc_phan (ma_lop_hoc_phan, ma_mon_hoc, ma_giang_vien, hoc_ky, nam_hoc, lop_hoc, thu_trong_tuan, tiet_bat_dau, tiet_ket_thuc, phong_hoc) VALUES ('24200821', 'QTKS_1_MH3', 'GV0062', 'HK1', 2024, 'DHTH9', 6, 1, 3, 'A101');
INSERT INTO lop_hoc_phan (ma_lop_hoc_phan, ma_mon_hoc, ma_giang_vien, hoc_ky, nam_hoc, lop_hoc, thu_trong_tuan, tiet_bat_dau, tiet_ket_thuc, phong_hoc) VALUES ('24300822', 'QTKS_1_MH3', 'GV0053', 'HK1', 2024, 'DHTH2', 3, 1, 3, 'A101');
INSERT INTO lop_hoc_phan (ma_lop_hoc_phan, ma_mon_hoc, ma_giang_vien, hoc_ky, nam_hoc, lop_hoc, thu_trong_tuan, tiet_bat_dau, tiet_ket_thuc, phong_hoc) VALUES ('24100823', 'QTKS_1_MH3', 'GV0045', 'HK1', 2024, 'DHTH1', 3, 1, 3, 'A101');
INSERT INTO lop_hoc_phan (ma_lop_hoc_phan, ma_mon_hoc, ma_giang_vien, hoc_ky, nam_hoc, lop_hoc, thu_trong_tuan, tiet_bat_dau, tiet_ket_thuc, phong_hoc) VALUES ('24100824', 'QTKS_1_MH3', 'GV0037', 'HK1', 2024, 'DHTH10', 4, 1, 3, 'A101');
INSERT INTO lop_hoc_phan (ma_lop_hoc_phan, ma_mon_hoc, ma_giang_vien, hoc_ky, nam_hoc, lop_hoc, thu_trong_tuan, tiet_bat_dau, tiet_ket_thuc, phong_hoc) VALUES ('24300825', 'QTKS_1_MH3', 'GV0047', 'HK1', 2024, 'DHTH9', 4, 1, 3, 'A101');
INSERT INTO lop_hoc_phan (ma_lop_hoc_phan, ma_mon_hoc, ma_giang_vien, hoc_ky, nam_hoc, lop_hoc, thu_trong_tuan, tiet_bat_dau, tiet_ket_thuc, phong_hoc) VALUES ('24100826', 'QTKS_1_MH3', 'GV0035', 'HK1', 2024, 'DHTH1', 2, 1, 3, 'A101');
INSERT INTO lop_hoc_phan (ma_lop_hoc_phan, ma_mon_hoc, ma_giang_vien, hoc_ky, nam_hoc, lop_hoc, thu_trong_tuan, tiet_bat_dau, tiet_ket_thuc, phong_hoc) VALUES ('24200827', 'QTKS_1_MH3', 'GV0050', 'HK1', 2024, 'DHTH1', 6, 1, 3, 'A101');
INSERT INTO lop_hoc_phan (ma_lop_hoc_phan, ma_mon_hoc, ma_giang_vien, hoc_ky, nam_hoc, lop_hoc, thu_trong_tuan, tiet_bat_dau, tiet_ket_thuc, phong_hoc) VALUES ('24100828', 'QTKS_1_MH3', 'GV0037', 'HK1', 2024, 'DHTH5', 6, 1, 3, 'A101');
INSERT INTO lop_hoc_phan (ma_lop_hoc_phan, ma_mon_hoc, ma_giang_vien, hoc_ky, nam_hoc, lop_hoc, thu_trong_tuan, tiet_bat_dau, tiet_ket_thuc, phong_hoc) VALUES ('24300829', 'QTKS_1_MH3', 'GV0080', 'HK1', 2024, 'DHTH2', 4, 1, 3, 'A101');
INSERT INTO lop_hoc_phan (ma_lop_hoc_phan, ma_mon_hoc, ma_giang_vien, hoc_ky, nam_hoc, lop_hoc, thu_trong_tuan, tiet_bat_dau, tiet_ket_thuc, phong_hoc) VALUES ('24100830', 'QTKS_1_MH3', 'GV0060', 'HK1', 2024, 'DHTH5', 5, 1, 3, 'A101');
INSERT INTO mon_hoc (ma_mon_hoc, ten_mon_hoc, tin_chi_ly_thuyet, tin_chi_thuc_hanh, loai_mon) VALUES ('QTKS_1_MH4', 'Môn học 4 - QTKS1', 2, 0, 'ly_thuyet');
INSERT INTO mon_hoc_nganh (ma_mon_hoc, ma_nganh, ma_chuyen_nganh, la_chuyen_nganh, nam_ap_dung) VALUES ('QTKS_1_MH4', 'QTKS', 'QTKS1', TRUE, 2024);
INSERT INTO lop_hoc_phan (ma_lop_hoc_phan, ma_mon_hoc, ma_giang_vien, hoc_ky, nam_hoc, lop_hoc, thu_trong_tuan, tiet_bat_dau, tiet_ket_thuc, phong_hoc) VALUES ('24200831', 'QTKS_1_MH4', 'GV0068', 'HK1', 2024, 'DHTH6', 4, 1, 3, 'A101');
INSERT INTO lop_hoc_phan (ma_lop_hoc_phan, ma_mon_hoc, ma_giang_vien, hoc_ky, nam_hoc, lop_hoc, thu_trong_tuan, tiet_bat_dau, tiet_ket_thuc, phong_hoc) VALUES ('24200832', 'QTKS_1_MH4', 'GV0093', 'HK1', 2024, 'DHTH8', 5, 1, 3, 'A101');
INSERT INTO lop_hoc_phan (ma_lop_hoc_phan, ma_mon_hoc, ma_giang_vien, hoc_ky, nam_hoc, lop_hoc, thu_trong_tuan, tiet_bat_dau, tiet_ket_thuc, phong_hoc) VALUES ('24300833', 'QTKS_1_MH4', 'GV0008', 'HK1', 2024, 'DHTH6', 5, 1, 3, 'A101');
INSERT INTO lop_hoc_phan (ma_lop_hoc_phan, ma_mon_hoc, ma_giang_vien, hoc_ky, nam_hoc, lop_hoc, thu_trong_tuan, tiet_bat_dau, tiet_ket_thuc, phong_hoc) VALUES ('24300834', 'QTKS_1_MH4', 'GV0046', 'HK1', 2024, 'DHTH2', 5, 1, 3, 'A101');
INSERT INTO lop_hoc_phan (ma_lop_hoc_phan, ma_mon_hoc, ma_giang_vien, hoc_ky, nam_hoc, lop_hoc, thu_trong_tuan, tiet_bat_dau, tiet_ket_thuc, phong_hoc) VALUES ('24300835', 'QTKS_1_MH4', 'GV0085', 'HK1', 2024, 'DHTH2', 6, 1, 3, 'A101');
INSERT INTO lop_hoc_phan (ma_lop_hoc_phan, ma_mon_hoc, ma_giang_vien, hoc_ky, nam_hoc, lop_hoc, thu_trong_tuan, tiet_bat_dau, tiet_ket_thuc, phong_hoc) VALUES ('24300836', 'QTKS_1_MH4', 'GV0023', 'HK1', 2024, 'DHTH8', 4, 1, 3, 'A101');
INSERT INTO lop_hoc_phan (ma_lop_hoc_phan, ma_mon_hoc, ma_giang_vien, hoc_ky, nam_hoc, lop_hoc, thu_trong_tuan, tiet_bat_dau, tiet_ket_thuc, phong_hoc) VALUES ('24100837', 'QTKS_1_MH4', 'GV0014', 'HK1', 2024, 'DHTH3', 4, 1, 3, 'A101');
INSERT INTO lop_hoc_phan (ma_lop_hoc_phan, ma_mon_hoc, ma_giang_vien, hoc_ky, nam_hoc, lop_hoc, thu_trong_tuan, tiet_bat_dau, tiet_ket_thuc, phong_hoc) VALUES ('24200838', 'QTKS_1_MH4', 'GV0097', 'HK1', 2024, 'DHTH1', 3, 1, 3, 'A101');
INSERT INTO lop_hoc_phan (ma_lop_hoc_phan, ma_mon_hoc, ma_giang_vien, hoc_ky, nam_hoc, lop_hoc, thu_trong_tuan, tiet_bat_dau, tiet_ket_thuc, phong_hoc) VALUES ('24100839', 'QTKS_1_MH4', 'GV0054', 'HK1', 2024, 'DHTH1', 5, 1, 3, 'A101');
INSERT INTO lop_hoc_phan (ma_lop_hoc_phan, ma_mon_hoc, ma_giang_vien, hoc_ky, nam_hoc, lop_hoc, thu_trong_tuan, tiet_bat_dau, tiet_ket_thuc, phong_hoc) VALUES ('24200840', 'QTKS_1_MH4', 'GV0095', 'HK1', 2024, 'DHTH5', 6, 1, 3, 'A101');
INSERT INTO mon_hoc (ma_mon_hoc, ten_mon_hoc, tin_chi_ly_thuyet, tin_chi_thuc_hanh, loai_mon) VALUES ('QTKS_1_MH5', 'Môn học 5 - QTKS1', 2, 0, 'ly_thuyet');
INSERT INTO mon_hoc_nganh (ma_mon_hoc, ma_nganh, ma_chuyen_nganh, la_chuyen_nganh, nam_ap_dung) VALUES ('QTKS_1_MH5', 'QTKS', 'QTKS1', TRUE, 2024);
INSERT INTO lop_hoc_phan (ma_lop_hoc_phan, ma_mon_hoc, ma_giang_vien, hoc_ky, nam_hoc, lop_hoc, thu_trong_tuan, tiet_bat_dau, tiet_ket_thuc, phong_hoc) VALUES ('24100841', 'QTKS_1_MH5', 'GV0035', 'HK1', 2024, 'DHTH8', 4, 1, 3, 'A101');
INSERT INTO lop_hoc_phan (ma_lop_hoc_phan, ma_mon_hoc, ma_giang_vien, hoc_ky, nam_hoc, lop_hoc, thu_trong_tuan, tiet_bat_dau, tiet_ket_thuc, phong_hoc) VALUES ('24200842', 'QTKS_1_MH5', 'GV0057', 'HK1', 2024, 'DHTH1', 2, 1, 3, 'A101');
INSERT INTO lop_hoc_phan (ma_lop_hoc_phan, ma_mon_hoc, ma_giang_vien, hoc_ky, nam_hoc, lop_hoc, thu_trong_tuan, tiet_bat_dau, tiet_ket_thuc, phong_hoc) VALUES ('24200843', 'QTKS_1_MH5', 'GV0025', 'HK1', 2024, 'DHTH7', 3, 1, 3, 'A101');
INSERT INTO lop_hoc_phan (ma_lop_hoc_phan, ma_mon_hoc, ma_giang_vien, hoc_ky, nam_hoc, lop_hoc, thu_trong_tuan, tiet_bat_dau, tiet_ket_thuc, phong_hoc) VALUES ('24100844', 'QTKS_1_MH5', 'GV0061', 'HK1', 2024, 'DHTH10', 4, 1, 3, 'A101');
INSERT INTO lop_hoc_phan (ma_lop_hoc_phan, ma_mon_hoc, ma_giang_vien, hoc_ky, nam_hoc, lop_hoc, thu_trong_tuan, tiet_bat_dau, tiet_ket_thuc, phong_hoc) VALUES ('24200845', 'QTKS_1_MH5', 'GV0063', 'HK1', 2024, 'DHTH8', 5, 1, 3, 'A101');
INSERT INTO lop_hoc_phan (ma_lop_hoc_phan, ma_mon_hoc, ma_giang_vien, hoc_ky, nam_hoc, lop_hoc, thu_trong_tuan, tiet_bat_dau, tiet_ket_thuc, phong_hoc) VALUES ('24300846', 'QTKS_1_MH5', 'GV0062', 'HK1', 2024, 'DHTH3', 4, 1, 3, 'A101');
INSERT INTO lop_hoc_phan (ma_lop_hoc_phan, ma_mon_hoc, ma_giang_vien, hoc_ky, nam_hoc, lop_hoc, thu_trong_tuan, tiet_bat_dau, tiet_ket_thuc, phong_hoc) VALUES ('24300847', 'QTKS_1_MH5', 'GV0078', 'HK1', 2024, 'DHTH2', 4, 1, 3, 'A101');
INSERT INTO lop_hoc_phan (ma_lop_hoc_phan, ma_mon_hoc, ma_giang_vien, hoc_ky, nam_hoc, lop_hoc, thu_trong_tuan, tiet_bat_dau, tiet_ket_thuc, phong_hoc) VALUES ('24300848', 'QTKS_1_MH5', 'GV0082', 'HK1', 2024, 'DHTH9', 4, 1, 3, 'A101');
INSERT INTO lop_hoc_phan (ma_lop_hoc_phan, ma_mon_hoc, ma_giang_vien, hoc_ky, nam_hoc, lop_hoc, thu_trong_tuan, tiet_bat_dau, tiet_ket_thuc, phong_hoc) VALUES ('24100849', 'QTKS_1_MH5', 'GV0040', 'HK1', 2024, 'DHTH6', 2, 1, 3, 'A101');
INSERT INTO lop_hoc_phan (ma_lop_hoc_phan, ma_mon_hoc, ma_giang_vien, hoc_ky, nam_hoc, lop_hoc, thu_trong_tuan, tiet_bat_dau, tiet_ket_thuc, phong_hoc) VALUES ('24100850', 'QTKS_1_MH5', 'GV0077', 'HK1', 2024, 'DHTH1', 2, 1, 3, 'A101');
INSERT INTO mon_hoc (ma_mon_hoc, ten_mon_hoc, tin_chi_ly_thuyet, tin_chi_thuc_hanh, loai_mon) VALUES ('QTKS_2_MH1', 'Môn học 1 - QTKS2', 2, 0, 'ly_thuyet');
INSERT INTO mon_hoc_nganh (ma_mon_hoc, ma_nganh, ma_chuyen_nganh, la_chuyen_nganh, nam_ap_dung) VALUES ('QTKS_2_MH1', 'QTKS', 'QTKS2', TRUE, 2024);
INSERT INTO lop_hoc_phan (ma_lop_hoc_phan, ma_mon_hoc, ma_giang_vien, hoc_ky, nam_hoc, lop_hoc, thu_trong_tuan, tiet_bat_dau, tiet_ket_thuc, phong_hoc) VALUES ('24300851', 'QTKS_2_MH1', 'GV0098', 'HK1', 2024, 'DHTH5', 5, 1, 3, 'A101');
INSERT INTO lop_hoc_phan (ma_lop_hoc_phan, ma_mon_hoc, ma_giang_vien, hoc_ky, nam_hoc, lop_hoc, thu_trong_tuan, tiet_bat_dau, tiet_ket_thuc, phong_hoc) VALUES ('24200852', 'QTKS_2_MH1', 'GV0039', 'HK1', 2024, 'DHTH10', 2, 1, 3, 'A101');
INSERT INTO lop_hoc_phan (ma_lop_hoc_phan, ma_mon_hoc, ma_giang_vien, hoc_ky, nam_hoc, lop_hoc, thu_trong_tuan, tiet_bat_dau, tiet_ket_thuc, phong_hoc) VALUES ('24200853', 'QTKS_2_MH1', 'GV0095', 'HK1', 2024, 'DHTH1', 3, 1, 3, 'A101');
INSERT INTO lop_hoc_phan (ma_lop_hoc_phan, ma_mon_hoc, ma_giang_vien, hoc_ky, nam_hoc, lop_hoc, thu_trong_tuan, tiet_bat_dau, tiet_ket_thuc, phong_hoc) VALUES ('24300854', 'QTKS_2_MH1', 'GV0020', 'HK1', 2024, 'DHTH6', 5, 1, 3, 'A101');
INSERT INTO lop_hoc_phan (ma_lop_hoc_phan, ma_mon_hoc, ma_giang_vien, hoc_ky, nam_hoc, lop_hoc, thu_trong_tuan, tiet_bat_dau, tiet_ket_thuc, phong_hoc) VALUES ('24100855', 'QTKS_2_MH1', 'GV0008', 'HK1', 2024, 'DHTH7', 6, 1, 3, 'A101');
INSERT INTO lop_hoc_phan (ma_lop_hoc_phan, ma_mon_hoc, ma_giang_vien, hoc_ky, nam_hoc, lop_hoc, thu_trong_tuan, tiet_bat_dau, tiet_ket_thuc, phong_hoc) VALUES ('24300856', 'QTKS_2_MH1', 'GV0035', 'HK1', 2024, 'DHTH2', 3, 1, 3, 'A101');
INSERT INTO lop_hoc_phan (ma_lop_hoc_phan, ma_mon_hoc, ma_giang_vien, hoc_ky, nam_hoc, lop_hoc, thu_trong_tuan, tiet_bat_dau, tiet_ket_thuc, phong_hoc) VALUES ('24300857', 'QTKS_2_MH1', 'GV0091', 'HK1', 2024, 'DHTH4', 2, 1, 3, 'A101');
INSERT INTO lop_hoc_phan (ma_lop_hoc_phan, ma_mon_hoc, ma_giang_vien, hoc_ky, nam_hoc, lop_hoc, thu_trong_tuan, tiet_bat_dau, tiet_ket_thuc, phong_hoc) VALUES ('24300858', 'QTKS_2_MH1', 'GV0048', 'HK1', 2024, 'DHTH6', 3, 1, 3, 'A101');
INSERT INTO lop_hoc_phan (ma_lop_hoc_phan, ma_mon_hoc, ma_giang_vien, hoc_ky, nam_hoc, lop_hoc, thu_trong_tuan, tiet_bat_dau, tiet_ket_thuc, phong_hoc) VALUES ('24200859', 'QTKS_2_MH1', 'GV0098', 'HK1', 2024, 'DHTH1', 3, 1, 3, 'A101');
INSERT INTO lop_hoc_phan (ma_lop_hoc_phan, ma_mon_hoc, ma_giang_vien, hoc_ky, nam_hoc, lop_hoc, thu_trong_tuan, tiet_bat_dau, tiet_ket_thuc, phong_hoc) VALUES ('24200860', 'QTKS_2_MH1', 'GV0027', 'HK1', 2024, 'DHTH6', 5, 1, 3, 'A101');
INSERT INTO mon_hoc (ma_mon_hoc, ten_mon_hoc, tin_chi_ly_thuyet, tin_chi_thuc_hanh, loai_mon) VALUES ('QTKS_2_MH2', 'Môn học 2 - QTKS2', 2, 0, 'ly_thuyet');
INSERT INTO mon_hoc_nganh (ma_mon_hoc, ma_nganh, ma_chuyen_nganh, la_chuyen_nganh, nam_ap_dung) VALUES ('QTKS_2_MH2', 'QTKS', 'QTKS2', TRUE, 2024);
INSERT INTO lop_hoc_phan (ma_lop_hoc_phan, ma_mon_hoc, ma_giang_vien, hoc_ky, nam_hoc, lop_hoc, thu_trong_tuan, tiet_bat_dau, tiet_ket_thuc, phong_hoc) VALUES ('24200861', 'QTKS_2_MH2', 'GV0037', 'HK1', 2024, 'DHTH3', 5, 1, 3, 'A101');
INSERT INTO lop_hoc_phan (ma_lop_hoc_phan, ma_mon_hoc, ma_giang_vien, hoc_ky, nam_hoc, lop_hoc, thu_trong_tuan, tiet_bat_dau, tiet_ket_thuc, phong_hoc) VALUES ('24100862', 'QTKS_2_MH2', 'GV0012', 'HK1', 2024, 'DHTH2', 5, 1, 3, 'A101');
INSERT INTO lop_hoc_phan (ma_lop_hoc_phan, ma_mon_hoc, ma_giang_vien, hoc_ky, nam_hoc, lop_hoc, thu_trong_tuan, tiet_bat_dau, tiet_ket_thuc, phong_hoc) VALUES ('24300863', 'QTKS_2_MH2', 'GV0069', 'HK1', 2024, 'DHTH4', 2, 1, 3, 'A101');
INSERT INTO lop_hoc_phan (ma_lop_hoc_phan, ma_mon_hoc, ma_giang_vien, hoc_ky, nam_hoc, lop_hoc, thu_trong_tuan, tiet_bat_dau, tiet_ket_thuc, phong_hoc) VALUES ('24300864', 'QTKS_2_MH2', 'GV0018', 'HK1', 2024, 'DHTH9', 5, 1, 3, 'A101');
INSERT INTO lop_hoc_phan (ma_lop_hoc_phan, ma_mon_hoc, ma_giang_vien, hoc_ky, nam_hoc, lop_hoc, thu_trong_tuan, tiet_bat_dau, tiet_ket_thuc, phong_hoc) VALUES ('24100865', 'QTKS_2_MH2', 'GV0026', 'HK1', 2024, 'DHTH5', 5, 1, 3, 'A101');
INSERT INTO lop_hoc_phan (ma_lop_hoc_phan, ma_mon_hoc, ma_giang_vien, hoc_ky, nam_hoc, lop_hoc, thu_trong_tuan, tiet_bat_dau, tiet_ket_thuc, phong_hoc) VALUES ('24300866', 'QTKS_2_MH2', 'GV0034', 'HK1', 2024, 'DHTH8', 4, 1, 3, 'A101');
INSERT INTO lop_hoc_phan (ma_lop_hoc_phan, ma_mon_hoc, ma_giang_vien, hoc_ky, nam_hoc, lop_hoc, thu_trong_tuan, tiet_bat_dau, tiet_ket_thuc, phong_hoc) VALUES ('24300867', 'QTKS_2_MH2', 'GV0086', 'HK1', 2024, 'DHTH3', 2, 1, 3, 'A101');
INSERT INTO lop_hoc_phan (ma_lop_hoc_phan, ma_mon_hoc, ma_giang_vien, hoc_ky, nam_hoc, lop_hoc, thu_trong_tuan, tiet_bat_dau, tiet_ket_thuc, phong_hoc) VALUES ('24100868', 'QTKS_2_MH2', 'GV0076', 'HK1', 2024, 'DHTH4', 6, 1, 3, 'A101');
INSERT INTO lop_hoc_phan (ma_lop_hoc_phan, ma_mon_hoc, ma_giang_vien, hoc_ky, nam_hoc, lop_hoc, thu_trong_tuan, tiet_bat_dau, tiet_ket_thuc, phong_hoc) VALUES ('24200869', 'QTKS_2_MH2', 'GV0034', 'HK1', 2024, 'DHTH1', 5, 1, 3, 'A101');
INSERT INTO lop_hoc_phan (ma_lop_hoc_phan, ma_mon_hoc, ma_giang_vien, hoc_ky, nam_hoc, lop_hoc, thu_trong_tuan, tiet_bat_dau, tiet_ket_thuc, phong_hoc) VALUES ('24200870', 'QTKS_2_MH2', 'GV0068', 'HK1', 2024, 'DHTH4', 2, 1, 3, 'A101');
INSERT INTO mon_hoc (ma_mon_hoc, ten_mon_hoc, tin_chi_ly_thuyet, tin_chi_thuc_hanh, loai_mon) VALUES ('QTKS_2_MH3', 'Môn học 3 - QTKS2', 2, 0, 'ly_thuyet');
INSERT INTO mon_hoc_nganh (ma_mon_hoc, ma_nganh, ma_chuyen_nganh, la_chuyen_nganh, nam_ap_dung) VALUES ('QTKS_2_MH3', 'QTKS', 'QTKS2', TRUE, 2024);
INSERT INTO lop_hoc_phan (ma_lop_hoc_phan, ma_mon_hoc, ma_giang_vien, hoc_ky, nam_hoc, lop_hoc, thu_trong_tuan, tiet_bat_dau, tiet_ket_thuc, phong_hoc) VALUES ('24200871', 'QTKS_2_MH3', 'GV0005', 'HK1', 2024, 'DHTH9', 3, 1, 3, 'A101');
INSERT INTO lop_hoc_phan (ma_lop_hoc_phan, ma_mon_hoc, ma_giang_vien, hoc_ky, nam_hoc, lop_hoc, thu_trong_tuan, tiet_bat_dau, tiet_ket_thuc, phong_hoc) VALUES ('24100872', 'QTKS_2_MH3', 'GV0057', 'HK1', 2024, 'DHTH8', 3, 1, 3, 'A101');
INSERT INTO lop_hoc_phan (ma_lop_hoc_phan, ma_mon_hoc, ma_giang_vien, hoc_ky, nam_hoc, lop_hoc, thu_trong_tuan, tiet_bat_dau, tiet_ket_thuc, phong_hoc) VALUES ('24300873', 'QTKS_2_MH3', 'GV0089', 'HK1', 2024, 'DHTH9', 2, 1, 3, 'A101');
INSERT INTO lop_hoc_phan (ma_lop_hoc_phan, ma_mon_hoc, ma_giang_vien, hoc_ky, nam_hoc, lop_hoc, thu_trong_tuan, tiet_bat_dau, tiet_ket_thuc, phong_hoc) VALUES ('24100874', 'QTKS_2_MH3', 'GV0076', 'HK1', 2024, 'DHTH6', 3, 1, 3, 'A101');
INSERT INTO lop_hoc_phan (ma_lop_hoc_phan, ma_mon_hoc, ma_giang_vien, hoc_ky, nam_hoc, lop_hoc, thu_trong_tuan, tiet_bat_dau, tiet_ket_thuc, phong_hoc) VALUES ('24300875', 'QTKS_2_MH3', 'GV0060', 'HK1', 2024, 'DHTH10', 3, 1, 3, 'A101');
INSERT INTO lop_hoc_phan (ma_lop_hoc_phan, ma_mon_hoc, ma_giang_vien, hoc_ky, nam_hoc, lop_hoc, thu_trong_tuan, tiet_bat_dau, tiet_ket_thuc, phong_hoc) VALUES ('24100876', 'QTKS_2_MH3', 'GV0051', 'HK1', 2024, 'DHTH7', 6, 1, 3, 'A101');
INSERT INTO lop_hoc_phan (ma_lop_hoc_phan, ma_mon_hoc, ma_giang_vien, hoc_ky, nam_hoc, lop_hoc, thu_trong_tuan, tiet_bat_dau, tiet_ket_thuc, phong_hoc) VALUES ('24100877', 'QTKS_2_MH3', 'GV0048', 'HK1', 2024, 'DHTH3', 6, 1, 3, 'A101');
INSERT INTO lop_hoc_phan (ma_lop_hoc_phan, ma_mon_hoc, ma_giang_vien, hoc_ky, nam_hoc, lop_hoc, thu_trong_tuan, tiet_bat_dau, tiet_ket_thuc, phong_hoc) VALUES ('24100878', 'QTKS_2_MH3', 'GV0063', 'HK1', 2024, 'DHTH7', 3, 1, 3, 'A101');
INSERT INTO lop_hoc_phan (ma_lop_hoc_phan, ma_mon_hoc, ma_giang_vien, hoc_ky, nam_hoc, lop_hoc, thu_trong_tuan, tiet_bat_dau, tiet_ket_thuc, phong_hoc) VALUES ('24200879', 'QTKS_2_MH3', 'GV0048', 'HK1', 2024, 'DHTH4', 5, 1, 3, 'A101');
INSERT INTO lop_hoc_phan (ma_lop_hoc_phan, ma_mon_hoc, ma_giang_vien, hoc_ky, nam_hoc, lop_hoc, thu_trong_tuan, tiet_bat_dau, tiet_ket_thuc, phong_hoc) VALUES ('24100880', 'QTKS_2_MH3', 'GV0094', 'HK1', 2024, 'DHTH8', 2, 1, 3, 'A101');
INSERT INTO mon_hoc (ma_mon_hoc, ten_mon_hoc, tin_chi_ly_thuyet, tin_chi_thuc_hanh, loai_mon) VALUES ('QTKS_2_MH4', 'Môn học 4 - QTKS2', 2, 0, 'ly_thuyet');
INSERT INTO mon_hoc_nganh (ma_mon_hoc, ma_nganh, ma_chuyen_nganh, la_chuyen_nganh, nam_ap_dung) VALUES ('QTKS_2_MH4', 'QTKS', 'QTKS2', TRUE, 2024);
INSERT INTO lop_hoc_phan (ma_lop_hoc_phan, ma_mon_hoc, ma_giang_vien, hoc_ky, nam_hoc, lop_hoc, thu_trong_tuan, tiet_bat_dau, tiet_ket_thuc, phong_hoc) VALUES ('24100881', 'QTKS_2_MH4', 'GV0015', 'HK1', 2024, 'DHTH8', 2, 1, 3, 'A101');
INSERT INTO lop_hoc_phan (ma_lop_hoc_phan, ma_mon_hoc, ma_giang_vien, hoc_ky, nam_hoc, lop_hoc, thu_trong_tuan, tiet_bat_dau, tiet_ket_thuc, phong_hoc) VALUES ('24300882', 'QTKS_2_MH4', 'GV0078', 'HK1', 2024, 'DHTH10', 3, 1, 3, 'A101');
INSERT INTO lop_hoc_phan (ma_lop_hoc_phan, ma_mon_hoc, ma_giang_vien, hoc_ky, nam_hoc, lop_hoc, thu_trong_tuan, tiet_bat_dau, tiet_ket_thuc, phong_hoc) VALUES ('24100883', 'QTKS_2_MH4', 'GV0049', 'HK1', 2024, 'DHTH8', 6, 1, 3, 'A101');
INSERT INTO lop_hoc_phan (ma_lop_hoc_phan, ma_mon_hoc, ma_giang_vien, hoc_ky, nam_hoc, lop_hoc, thu_trong_tuan, tiet_bat_dau, tiet_ket_thuc, phong_hoc) VALUES ('24200884', 'QTKS_2_MH4', 'GV0022', 'HK1', 2024, 'DHTH2', 4, 1, 3, 'A101');
INSERT INTO lop_hoc_phan (ma_lop_hoc_phan, ma_mon_hoc, ma_giang_vien, hoc_ky, nam_hoc, lop_hoc, thu_trong_tuan, tiet_bat_dau, tiet_ket_thuc, phong_hoc) VALUES ('24200885', 'QTKS_2_MH4', 'GV0032', 'HK1', 2024, 'DHTH10', 4, 1, 3, 'A101');
INSERT INTO lop_hoc_phan (ma_lop_hoc_phan, ma_mon_hoc, ma_giang_vien, hoc_ky, nam_hoc, lop_hoc, thu_trong_tuan, tiet_bat_dau, tiet_ket_thuc, phong_hoc) VALUES ('24100886', 'QTKS_2_MH4', 'GV0008', 'HK1', 2024, 'DHTH7', 4, 1, 3, 'A101');
INSERT INTO lop_hoc_phan (ma_lop_hoc_phan, ma_mon_hoc, ma_giang_vien, hoc_ky, nam_hoc, lop_hoc, thu_trong_tuan, tiet_bat_dau, tiet_ket_thuc, phong_hoc) VALUES ('24200887', 'QTKS_2_MH4', 'GV0042', 'HK1', 2024, 'DHTH9', 6, 1, 3, 'A101');
INSERT INTO lop_hoc_phan (ma_lop_hoc_phan, ma_mon_hoc, ma_giang_vien, hoc_ky, nam_hoc, lop_hoc, thu_trong_tuan, tiet_bat_dau, tiet_ket_thuc, phong_hoc) VALUES ('24300888', 'QTKS_2_MH4', 'GV0051', 'HK1', 2024, 'DHTH5', 4, 1, 3, 'A101');
INSERT INTO lop_hoc_phan (ma_lop_hoc_phan, ma_mon_hoc, ma_giang_vien, hoc_ky, nam_hoc, lop_hoc, thu_trong_tuan, tiet_bat_dau, tiet_ket_thuc, phong_hoc) VALUES ('24300889', 'QTKS_2_MH4', 'GV0016', 'HK1', 2024, 'DHTH8', 4, 1, 3, 'A101');
INSERT INTO lop_hoc_phan (ma_lop_hoc_phan, ma_mon_hoc, ma_giang_vien, hoc_ky, nam_hoc, lop_hoc, thu_trong_tuan, tiet_bat_dau, tiet_ket_thuc, phong_hoc) VALUES ('24200890', 'QTKS_2_MH4', 'GV0023', 'HK1', 2024, 'DHTH4', 6, 1, 3, 'A101');
INSERT INTO mon_hoc (ma_mon_hoc, ten_mon_hoc, tin_chi_ly_thuyet, tin_chi_thuc_hanh, loai_mon) VALUES ('QTKS_2_MH5', 'Môn học 5 - QTKS2', 2, 0, 'ly_thuyet');
INSERT INTO mon_hoc_nganh (ma_mon_hoc, ma_nganh, ma_chuyen_nganh, la_chuyen_nganh, nam_ap_dung) VALUES ('QTKS_2_MH5', 'QTKS', 'QTKS2', TRUE, 2024);
INSERT INTO lop_hoc_phan (ma_lop_hoc_phan, ma_mon_hoc, ma_giang_vien, hoc_ky, nam_hoc, lop_hoc, thu_trong_tuan, tiet_bat_dau, tiet_ket_thuc, phong_hoc) VALUES ('24300891', 'QTKS_2_MH5', 'GV0041', 'HK1', 2024, 'DHTH1', 2, 1, 3, 'A101');
INSERT INTO lop_hoc_phan (ma_lop_hoc_phan, ma_mon_hoc, ma_giang_vien, hoc_ky, nam_hoc, lop_hoc, thu_trong_tuan, tiet_bat_dau, tiet_ket_thuc, phong_hoc) VALUES ('24200892', 'QTKS_2_MH5', 'GV0005', 'HK1', 2024, 'DHTH2', 3, 1, 3, 'A101');
INSERT INTO lop_hoc_phan (ma_lop_hoc_phan, ma_mon_hoc, ma_giang_vien, hoc_ky, nam_hoc, lop_hoc, thu_trong_tuan, tiet_bat_dau, tiet_ket_thuc, phong_hoc) VALUES ('24300893', 'QTKS_2_MH5', 'GV0081', 'HK1', 2024, 'DHTH5', 4, 1, 3, 'A101');
INSERT INTO lop_hoc_phan (ma_lop_hoc_phan, ma_mon_hoc, ma_giang_vien, hoc_ky, nam_hoc, lop_hoc, thu_trong_tuan, tiet_bat_dau, tiet_ket_thuc, phong_hoc) VALUES ('24300894', 'QTKS_2_MH5', 'GV0098', 'HK1', 2024, 'DHTH9', 5, 1, 3, 'A101');
INSERT INTO lop_hoc_phan (ma_lop_hoc_phan, ma_mon_hoc, ma_giang_vien, hoc_ky, nam_hoc, lop_hoc, thu_trong_tuan, tiet_bat_dau, tiet_ket_thuc, phong_hoc) VALUES ('24200895', 'QTKS_2_MH5', 'GV0055', 'HK1', 2024, 'DHTH9', 2, 1, 3, 'A101');
INSERT INTO lop_hoc_phan (ma_lop_hoc_phan, ma_mon_hoc, ma_giang_vien, hoc_ky, nam_hoc, lop_hoc, thu_trong_tuan, tiet_bat_dau, tiet_ket_thuc, phong_hoc) VALUES ('24100896', 'QTKS_2_MH5', 'GV0024', 'HK1', 2024, 'DHTH7', 2, 1, 3, 'A101');
INSERT INTO lop_hoc_phan (ma_lop_hoc_phan, ma_mon_hoc, ma_giang_vien, hoc_ky, nam_hoc, lop_hoc, thu_trong_tuan, tiet_bat_dau, tiet_ket_thuc, phong_hoc) VALUES ('24300897', 'QTKS_2_MH5', 'GV0092', 'HK1', 2024, 'DHTH7', 3, 1, 3, 'A101');
INSERT INTO lop_hoc_phan (ma_lop_hoc_phan, ma_mon_hoc, ma_giang_vien, hoc_ky, nam_hoc, lop_hoc, thu_trong_tuan, tiet_bat_dau, tiet_ket_thuc, phong_hoc) VALUES ('24200898', 'QTKS_2_MH5', 'GV0070', 'HK1', 2024, 'DHTH8', 6, 1, 3, 'A101');
INSERT INTO lop_hoc_phan (ma_lop_hoc_phan, ma_mon_hoc, ma_giang_vien, hoc_ky, nam_hoc, lop_hoc, thu_trong_tuan, tiet_bat_dau, tiet_ket_thuc, phong_hoc) VALUES ('24300899', 'QTKS_2_MH5', 'GV0004', 'HK1', 2024, 'DHTH2', 2, 1, 3, 'A101');
INSERT INTO lop_hoc_phan (ma_lop_hoc_phan, ma_mon_hoc, ma_giang_vien, hoc_ky, nam_hoc, lop_hoc, thu_trong_tuan, tiet_bat_dau, tiet_ket_thuc, phong_hoc) VALUES ('24300900', 'QTKS_2_MH5', 'GV0077', 'HK1', 2024, 'DHTH1', 4, 1, 3, 'A101');
INSERT INTO mon_hoc (ma_mon_hoc, ten_mon_hoc, tin_chi_ly_thuyet, tin_chi_thuc_hanh, loai_mon) VALUES ('DPH_1_MH1', 'Môn học 1 - DPH1', 2, 0, 'ly_thuyet');
INSERT INTO mon_hoc_nganh (ma_mon_hoc, ma_nganh, ma_chuyen_nganh, la_chuyen_nganh, nam_ap_dung) VALUES ('DPH_1_MH1', 'DPH', 'DPH1', TRUE, 2024);
INSERT INTO lop_hoc_phan (ma_lop_hoc_phan, ma_mon_hoc, ma_giang_vien, hoc_ky, nam_hoc, lop_hoc, thu_trong_tuan, tiet_bat_dau, tiet_ket_thuc, phong_hoc) VALUES ('24300901', 'DPH_1_MH1', 'GV0071', 'HK1', 2024, 'DHTH9', 2, 1, 3, 'A101');
INSERT INTO lop_hoc_phan (ma_lop_hoc_phan, ma_mon_hoc, ma_giang_vien, hoc_ky, nam_hoc, lop_hoc, thu_trong_tuan, tiet_bat_dau, tiet_ket_thuc, phong_hoc) VALUES ('24100902', 'DPH_1_MH1', 'GV0083', 'HK1', 2024, 'DHTH8', 6, 1, 3, 'A101');
INSERT INTO lop_hoc_phan (ma_lop_hoc_phan, ma_mon_hoc, ma_giang_vien, hoc_ky, nam_hoc, lop_hoc, thu_trong_tuan, tiet_bat_dau, tiet_ket_thuc, phong_hoc) VALUES ('24300903', 'DPH_1_MH1', 'GV0036', 'HK1', 2024, 'DHTH4', 5, 1, 3, 'A101');
INSERT INTO lop_hoc_phan (ma_lop_hoc_phan, ma_mon_hoc, ma_giang_vien, hoc_ky, nam_hoc, lop_hoc, thu_trong_tuan, tiet_bat_dau, tiet_ket_thuc, phong_hoc) VALUES ('24200904', 'DPH_1_MH1', 'GV0081', 'HK1', 2024, 'DHTH3', 5, 1, 3, 'A101');
INSERT INTO lop_hoc_phan (ma_lop_hoc_phan, ma_mon_hoc, ma_giang_vien, hoc_ky, nam_hoc, lop_hoc, thu_trong_tuan, tiet_bat_dau, tiet_ket_thuc, phong_hoc) VALUES ('24200905', 'DPH_1_MH1', 'GV0078', 'HK1', 2024, 'DHTH1', 2, 1, 3, 'A101');
INSERT INTO lop_hoc_phan (ma_lop_hoc_phan, ma_mon_hoc, ma_giang_vien, hoc_ky, nam_hoc, lop_hoc, thu_trong_tuan, tiet_bat_dau, tiet_ket_thuc, phong_hoc) VALUES ('24100906', 'DPH_1_MH1', 'GV0007', 'HK1', 2024, 'DHTH4', 5, 1, 3, 'A101');
INSERT INTO lop_hoc_phan (ma_lop_hoc_phan, ma_mon_hoc, ma_giang_vien, hoc_ky, nam_hoc, lop_hoc, thu_trong_tuan, tiet_bat_dau, tiet_ket_thuc, phong_hoc) VALUES ('24100907', 'DPH_1_MH1', 'GV0043', 'HK1', 2024, 'DHTH2', 6, 1, 3, 'A101');
INSERT INTO lop_hoc_phan (ma_lop_hoc_phan, ma_mon_hoc, ma_giang_vien, hoc_ky, nam_hoc, lop_hoc, thu_trong_tuan, tiet_bat_dau, tiet_ket_thuc, phong_hoc) VALUES ('24300908', 'DPH_1_MH1', 'GV0068', 'HK1', 2024, 'DHTH5', 5, 1, 3, 'A101');
INSERT INTO lop_hoc_phan (ma_lop_hoc_phan, ma_mon_hoc, ma_giang_vien, hoc_ky, nam_hoc, lop_hoc, thu_trong_tuan, tiet_bat_dau, tiet_ket_thuc, phong_hoc) VALUES ('24100909', 'DPH_1_MH1', 'GV0089', 'HK1', 2024, 'DHTH9', 5, 1, 3, 'A101');
INSERT INTO lop_hoc_phan (ma_lop_hoc_phan, ma_mon_hoc, ma_giang_vien, hoc_ky, nam_hoc, lop_hoc, thu_trong_tuan, tiet_bat_dau, tiet_ket_thuc, phong_hoc) VALUES ('24100910', 'DPH_1_MH1', 'GV0033', 'HK1', 2024, 'DHTH8', 2, 1, 3, 'A101');
INSERT INTO mon_hoc (ma_mon_hoc, ten_mon_hoc, tin_chi_ly_thuyet, tin_chi_thuc_hanh, loai_mon) VALUES ('DPH_1_MH2', 'Môn học 2 - DPH1', 2, 0, 'ly_thuyet');
INSERT INTO mon_hoc_nganh (ma_mon_hoc, ma_nganh, ma_chuyen_nganh, la_chuyen_nganh, nam_ap_dung) VALUES ('DPH_1_MH2', 'DPH', 'DPH1', TRUE, 2024);
INSERT INTO lop_hoc_phan (ma_lop_hoc_phan, ma_mon_hoc, ma_giang_vien, hoc_ky, nam_hoc, lop_hoc, thu_trong_tuan, tiet_bat_dau, tiet_ket_thuc, phong_hoc) VALUES ('24100911', 'DPH_1_MH2', 'GV0057', 'HK1', 2024, 'DHTH2', 6, 1, 3, 'A101');
INSERT INTO lop_hoc_phan (ma_lop_hoc_phan, ma_mon_hoc, ma_giang_vien, hoc_ky, nam_hoc, lop_hoc, thu_trong_tuan, tiet_bat_dau, tiet_ket_thuc, phong_hoc) VALUES ('24300912', 'DPH_1_MH2', 'GV0073', 'HK1', 2024, 'DHTH6', 2, 1, 3, 'A101');
INSERT INTO lop_hoc_phan (ma_lop_hoc_phan, ma_mon_hoc, ma_giang_vien, hoc_ky, nam_hoc, lop_hoc, thu_trong_tuan, tiet_bat_dau, tiet_ket_thuc, phong_hoc) VALUES ('24200913', 'DPH_1_MH2', 'GV0096', 'HK1', 2024, 'DHTH3', 4, 1, 3, 'A101');
INSERT INTO lop_hoc_phan (ma_lop_hoc_phan, ma_mon_hoc, ma_giang_vien, hoc_ky, nam_hoc, lop_hoc, thu_trong_tuan, tiet_bat_dau, tiet_ket_thuc, phong_hoc) VALUES ('24300914', 'DPH_1_MH2', 'GV0083', 'HK1', 2024, 'DHTH5', 5, 1, 3, 'A101');
INSERT INTO lop_hoc_phan (ma_lop_hoc_phan, ma_mon_hoc, ma_giang_vien, hoc_ky, nam_hoc, lop_hoc, thu_trong_tuan, tiet_bat_dau, tiet_ket_thuc, phong_hoc) VALUES ('24200915', 'DPH_1_MH2', 'GV0064', 'HK1', 2024, 'DHTH2', 4, 1, 3, 'A101');
INSERT INTO lop_hoc_phan (ma_lop_hoc_phan, ma_mon_hoc, ma_giang_vien, hoc_ky, nam_hoc, lop_hoc, thu_trong_tuan, tiet_bat_dau, tiet_ket_thuc, phong_hoc) VALUES ('24200916', 'DPH_1_MH2', 'GV0066', 'HK1', 2024, 'DHTH10', 5, 1, 3, 'A101');
INSERT INTO lop_hoc_phan (ma_lop_hoc_phan, ma_mon_hoc, ma_giang_vien, hoc_ky, nam_hoc, lop_hoc, thu_trong_tuan, tiet_bat_dau, tiet_ket_thuc, phong_hoc) VALUES ('24100917', 'DPH_1_MH2', 'GV0054', 'HK1', 2024, 'DHTH9', 4, 1, 3, 'A101');
INSERT INTO lop_hoc_phan (ma_lop_hoc_phan, ma_mon_hoc, ma_giang_vien, hoc_ky, nam_hoc, lop_hoc, thu_trong_tuan, tiet_bat_dau, tiet_ket_thuc, phong_hoc) VALUES ('24100918', 'DPH_1_MH2', 'GV0097', 'HK1', 2024, 'DHTH3', 2, 1, 3, 'A101');
INSERT INTO lop_hoc_phan (ma_lop_hoc_phan, ma_mon_hoc, ma_giang_vien, hoc_ky, nam_hoc, lop_hoc, thu_trong_tuan, tiet_bat_dau, tiet_ket_thuc, phong_hoc) VALUES ('24200919', 'DPH_1_MH2', 'GV0080', 'HK1', 2024, 'DHTH8', 5, 1, 3, 'A101');
INSERT INTO lop_hoc_phan (ma_lop_hoc_phan, ma_mon_hoc, ma_giang_vien, hoc_ky, nam_hoc, lop_hoc, thu_trong_tuan, tiet_bat_dau, tiet_ket_thuc, phong_hoc) VALUES ('24200920', 'DPH_1_MH2', 'GV0071', 'HK1', 2024, 'DHTH5', 4, 1, 3, 'A101');
INSERT INTO mon_hoc (ma_mon_hoc, ten_mon_hoc, tin_chi_ly_thuyet, tin_chi_thuc_hanh, loai_mon) VALUES ('DPH_1_MH3', 'Môn học 3 - DPH1', 2, 0, 'ly_thuyet');
INSERT INTO mon_hoc_nganh (ma_mon_hoc, ma_nganh, ma_chuyen_nganh, la_chuyen_nganh, nam_ap_dung) VALUES ('DPH_1_MH3', 'DPH', 'DPH1', TRUE, 2024);
INSERT INTO lop_hoc_phan (ma_lop_hoc_phan, ma_mon_hoc, ma_giang_vien, hoc_ky, nam_hoc, lop_hoc, thu_trong_tuan, tiet_bat_dau, tiet_ket_thuc, phong_hoc) VALUES ('24300921', 'DPH_1_MH3', 'GV0066', 'HK1', 2024, 'DHTH9', 4, 1, 3, 'A101');
INSERT INTO lop_hoc_phan (ma_lop_hoc_phan, ma_mon_hoc, ma_giang_vien, hoc_ky, nam_hoc, lop_hoc, thu_trong_tuan, tiet_bat_dau, tiet_ket_thuc, phong_hoc) VALUES ('24300922', 'DPH_1_MH3', 'GV0099', 'HK1', 2024, 'DHTH8', 5, 1, 3, 'A101');
INSERT INTO lop_hoc_phan (ma_lop_hoc_phan, ma_mon_hoc, ma_giang_vien, hoc_ky, nam_hoc, lop_hoc, thu_trong_tuan, tiet_bat_dau, tiet_ket_thuc, phong_hoc) VALUES ('24100923', 'DPH_1_MH3', 'GV0031', 'HK1', 2024, 'DHTH3', 4, 1, 3, 'A101');
INSERT INTO lop_hoc_phan (ma_lop_hoc_phan, ma_mon_hoc, ma_giang_vien, hoc_ky, nam_hoc, lop_hoc, thu_trong_tuan, tiet_bat_dau, tiet_ket_thuc, phong_hoc) VALUES ('24200924', 'DPH_1_MH3', 'GV0018', 'HK1', 2024, 'DHTH7', 5, 1, 3, 'A101');
INSERT INTO lop_hoc_phan (ma_lop_hoc_phan, ma_mon_hoc, ma_giang_vien, hoc_ky, nam_hoc, lop_hoc, thu_trong_tuan, tiet_bat_dau, tiet_ket_thuc, phong_hoc) VALUES ('24200925', 'DPH_1_MH3', 'GV0005', 'HK1', 2024, 'DHTH2', 6, 1, 3, 'A101');
INSERT INTO lop_hoc_phan (ma_lop_hoc_phan, ma_mon_hoc, ma_giang_vien, hoc_ky, nam_hoc, lop_hoc, thu_trong_tuan, tiet_bat_dau, tiet_ket_thuc, phong_hoc) VALUES ('24300926', 'DPH_1_MH3', 'GV0095', 'HK1', 2024, 'DHTH5', 3, 1, 3, 'A101');
INSERT INTO lop_hoc_phan (ma_lop_hoc_phan, ma_mon_hoc, ma_giang_vien, hoc_ky, nam_hoc, lop_hoc, thu_trong_tuan, tiet_bat_dau, tiet_ket_thuc, phong_hoc) VALUES ('24200927', 'DPH_1_MH3', 'GV0053', 'HK1', 2024, 'DHTH8', 6, 1, 3, 'A101');
INSERT INTO lop_hoc_phan (ma_lop_hoc_phan, ma_mon_hoc, ma_giang_vien, hoc_ky, nam_hoc, lop_hoc, thu_trong_tuan, tiet_bat_dau, tiet_ket_thuc, phong_hoc) VALUES ('24200928', 'DPH_1_MH3', 'GV0054', 'HK1', 2024, 'DHTH3', 2, 1, 3, 'A101');
INSERT INTO lop_hoc_phan (ma_lop_hoc_phan, ma_mon_hoc, ma_giang_vien, hoc_ky, nam_hoc, lop_hoc, thu_trong_tuan, tiet_bat_dau, tiet_ket_thuc, phong_hoc) VALUES ('24100929', 'DPH_1_MH3', 'GV0079', 'HK1', 2024, 'DHTH10', 3, 1, 3, 'A101');
INSERT INTO lop_hoc_phan (ma_lop_hoc_phan, ma_mon_hoc, ma_giang_vien, hoc_ky, nam_hoc, lop_hoc, thu_trong_tuan, tiet_bat_dau, tiet_ket_thuc, phong_hoc) VALUES ('24200930', 'DPH_1_MH3', 'GV0058', 'HK1', 2024, 'DHTH8', 4, 1, 3, 'A101');
INSERT INTO mon_hoc (ma_mon_hoc, ten_mon_hoc, tin_chi_ly_thuyet, tin_chi_thuc_hanh, loai_mon) VALUES ('DPH_1_MH4', 'Môn học 4 - DPH1', 2, 0, 'ly_thuyet');
INSERT INTO mon_hoc_nganh (ma_mon_hoc, ma_nganh, ma_chuyen_nganh, la_chuyen_nganh, nam_ap_dung) VALUES ('DPH_1_MH4', 'DPH', 'DPH1', TRUE, 2024);
INSERT INTO lop_hoc_phan (ma_lop_hoc_phan, ma_mon_hoc, ma_giang_vien, hoc_ky, nam_hoc, lop_hoc, thu_trong_tuan, tiet_bat_dau, tiet_ket_thuc, phong_hoc) VALUES ('24100931', 'DPH_1_MH4', 'GV0095', 'HK1', 2024, 'DHTH3', 6, 1, 3, 'A101');
INSERT INTO lop_hoc_phan (ma_lop_hoc_phan, ma_mon_hoc, ma_giang_vien, hoc_ky, nam_hoc, lop_hoc, thu_trong_tuan, tiet_bat_dau, tiet_ket_thuc, phong_hoc) VALUES ('24100932', 'DPH_1_MH4', 'GV0097', 'HK1', 2024, 'DHTH4', 4, 1, 3, 'A101');
INSERT INTO lop_hoc_phan (ma_lop_hoc_phan, ma_mon_hoc, ma_giang_vien, hoc_ky, nam_hoc, lop_hoc, thu_trong_tuan, tiet_bat_dau, tiet_ket_thuc, phong_hoc) VALUES ('24200933', 'DPH_1_MH4', 'GV0049', 'HK1', 2024, 'DHTH5', 6, 1, 3, 'A101');
INSERT INTO lop_hoc_phan (ma_lop_hoc_phan, ma_mon_hoc, ma_giang_vien, hoc_ky, nam_hoc, lop_hoc, thu_trong_tuan, tiet_bat_dau, tiet_ket_thuc, phong_hoc) VALUES ('24100934', 'DPH_1_MH4', 'GV0047', 'HK1', 2024, 'DHTH3', 5, 1, 3, 'A101');
INSERT INTO lop_hoc_phan (ma_lop_hoc_phan, ma_mon_hoc, ma_giang_vien, hoc_ky, nam_hoc, lop_hoc, thu_trong_tuan, tiet_bat_dau, tiet_ket_thuc, phong_hoc) VALUES ('24200935', 'DPH_1_MH4', 'GV0025', 'HK1', 2024, 'DHTH10', 4, 1, 3, 'A101');
INSERT INTO lop_hoc_phan (ma_lop_hoc_phan, ma_mon_hoc, ma_giang_vien, hoc_ky, nam_hoc, lop_hoc, thu_trong_tuan, tiet_bat_dau, tiet_ket_thuc, phong_hoc) VALUES ('24100936', 'DPH_1_MH4', 'GV0050', 'HK1', 2024, 'DHTH8', 6, 1, 3, 'A101');
INSERT INTO lop_hoc_phan (ma_lop_hoc_phan, ma_mon_hoc, ma_giang_vien, hoc_ky, nam_hoc, lop_hoc, thu_trong_tuan, tiet_bat_dau, tiet_ket_thuc, phong_hoc) VALUES ('24300937', 'DPH_1_MH4', 'GV0011', 'HK1', 2024, 'DHTH1', 6, 1, 3, 'A101');
INSERT INTO lop_hoc_phan (ma_lop_hoc_phan, ma_mon_hoc, ma_giang_vien, hoc_ky, nam_hoc, lop_hoc, thu_trong_tuan, tiet_bat_dau, tiet_ket_thuc, phong_hoc) VALUES ('24200938', 'DPH_1_MH4', 'GV0070', 'HK1', 2024, 'DHTH7', 5, 1, 3, 'A101');
INSERT INTO lop_hoc_phan (ma_lop_hoc_phan, ma_mon_hoc, ma_giang_vien, hoc_ky, nam_hoc, lop_hoc, thu_trong_tuan, tiet_bat_dau, tiet_ket_thuc, phong_hoc) VALUES ('24300939', 'DPH_1_MH4', 'GV0088', 'HK1', 2024, 'DHTH7', 6, 1, 3, 'A101');
INSERT INTO lop_hoc_phan (ma_lop_hoc_phan, ma_mon_hoc, ma_giang_vien, hoc_ky, nam_hoc, lop_hoc, thu_trong_tuan, tiet_bat_dau, tiet_ket_thuc, phong_hoc) VALUES ('24200940', 'DPH_1_MH4', 'GV0020', 'HK1', 2024, 'DHTH3', 6, 1, 3, 'A101');
INSERT INTO mon_hoc (ma_mon_hoc, ten_mon_hoc, tin_chi_ly_thuyet, tin_chi_thuc_hanh, loai_mon) VALUES ('DPH_1_MH5', 'Môn học 5 - DPH1', 2, 0, 'ly_thuyet');
INSERT INTO mon_hoc_nganh (ma_mon_hoc, ma_nganh, ma_chuyen_nganh, la_chuyen_nganh, nam_ap_dung) VALUES ('DPH_1_MH5', 'DPH', 'DPH1', TRUE, 2024);
INSERT INTO lop_hoc_phan (ma_lop_hoc_phan, ma_mon_hoc, ma_giang_vien, hoc_ky, nam_hoc, lop_hoc, thu_trong_tuan, tiet_bat_dau, tiet_ket_thuc, phong_hoc) VALUES ('24100941', 'DPH_1_MH5', 'GV0074', 'HK1', 2024, 'DHTH1', 4, 1, 3, 'A101');
INSERT INTO lop_hoc_phan (ma_lop_hoc_phan, ma_mon_hoc, ma_giang_vien, hoc_ky, nam_hoc, lop_hoc, thu_trong_tuan, tiet_bat_dau, tiet_ket_thuc, phong_hoc) VALUES ('24200942', 'DPH_1_MH5', 'GV0096', 'HK1', 2024, 'DHTH10', 4, 1, 3, 'A101');
INSERT INTO lop_hoc_phan (ma_lop_hoc_phan, ma_mon_hoc, ma_giang_vien, hoc_ky, nam_hoc, lop_hoc, thu_trong_tuan, tiet_bat_dau, tiet_ket_thuc, phong_hoc) VALUES ('24200943', 'DPH_1_MH5', 'GV0089', 'HK1', 2024, 'DHTH4', 2, 1, 3, 'A101');
INSERT INTO lop_hoc_phan (ma_lop_hoc_phan, ma_mon_hoc, ma_giang_vien, hoc_ky, nam_hoc, lop_hoc, thu_trong_tuan, tiet_bat_dau, tiet_ket_thuc, phong_hoc) VALUES ('24300944', 'DPH_1_MH5', 'GV0043', 'HK1', 2024, 'DHTH3', 2, 1, 3, 'A101');
INSERT INTO lop_hoc_phan (ma_lop_hoc_phan, ma_mon_hoc, ma_giang_vien, hoc_ky, nam_hoc, lop_hoc, thu_trong_tuan, tiet_bat_dau, tiet_ket_thuc, phong_hoc) VALUES ('24200945', 'DPH_1_MH5', 'GV0054', 'HK1', 2024, 'DHTH7', 5, 1, 3, 'A101');
INSERT INTO lop_hoc_phan (ma_lop_hoc_phan, ma_mon_hoc, ma_giang_vien, hoc_ky, nam_hoc, lop_hoc, thu_trong_tuan, tiet_bat_dau, tiet_ket_thuc, phong_hoc) VALUES ('24200946', 'DPH_1_MH5', 'GV0081', 'HK1', 2024, 'DHTH3', 3, 1, 3, 'A101');
INSERT INTO lop_hoc_phan (ma_lop_hoc_phan, ma_mon_hoc, ma_giang_vien, hoc_ky, nam_hoc, lop_hoc, thu_trong_tuan, tiet_bat_dau, tiet_ket_thuc, phong_hoc) VALUES ('24100947', 'DPH_1_MH5', 'GV0031', 'HK1', 2024, 'DHTH8', 5, 1, 3, 'A101');
INSERT INTO lop_hoc_phan (ma_lop_hoc_phan, ma_mon_hoc, ma_giang_vien, hoc_ky, nam_hoc, lop_hoc, thu_trong_tuan, tiet_bat_dau, tiet_ket_thuc, phong_hoc) VALUES ('24200948', 'DPH_1_MH5', 'GV0014', 'HK1', 2024, 'DHTH7', 4, 1, 3, 'A101');
INSERT INTO lop_hoc_phan (ma_lop_hoc_phan, ma_mon_hoc, ma_giang_vien, hoc_ky, nam_hoc, lop_hoc, thu_trong_tuan, tiet_bat_dau, tiet_ket_thuc, phong_hoc) VALUES ('24200949', 'DPH_1_MH5', 'GV0001', 'HK1', 2024, 'DHTH8', 2, 1, 3, 'A101');
INSERT INTO lop_hoc_phan (ma_lop_hoc_phan, ma_mon_hoc, ma_giang_vien, hoc_ky, nam_hoc, lop_hoc, thu_trong_tuan, tiet_bat_dau, tiet_ket_thuc, phong_hoc) VALUES ('24200950', 'DPH_1_MH5', 'GV0064', 'HK1', 2024, 'DHTH7', 4, 1, 3, 'A101');
INSERT INTO mon_hoc (ma_mon_hoc, ten_mon_hoc, tin_chi_ly_thuyet, tin_chi_thuc_hanh, loai_mon) VALUES ('DPH_2_MH1', 'Môn học 1 - DPH2', 2, 0, 'ly_thuyet');
INSERT INTO mon_hoc_nganh (ma_mon_hoc, ma_nganh, ma_chuyen_nganh, la_chuyen_nganh, nam_ap_dung) VALUES ('DPH_2_MH1', 'DPH', 'DPH2', TRUE, 2024);
INSERT INTO lop_hoc_phan (ma_lop_hoc_phan, ma_mon_hoc, ma_giang_vien, hoc_ky, nam_hoc, lop_hoc, thu_trong_tuan, tiet_bat_dau, tiet_ket_thuc, phong_hoc) VALUES ('24100951', 'DPH_2_MH1', 'GV0096', 'HK1', 2024, 'DHTH5', 4, 1, 3, 'A101');
INSERT INTO lop_hoc_phan (ma_lop_hoc_phan, ma_mon_hoc, ma_giang_vien, hoc_ky, nam_hoc, lop_hoc, thu_trong_tuan, tiet_bat_dau, tiet_ket_thuc, phong_hoc) VALUES ('24100952', 'DPH_2_MH1', 'GV0006', 'HK1', 2024, 'DHTH9', 5, 1, 3, 'A101');
INSERT INTO lop_hoc_phan (ma_lop_hoc_phan, ma_mon_hoc, ma_giang_vien, hoc_ky, nam_hoc, lop_hoc, thu_trong_tuan, tiet_bat_dau, tiet_ket_thuc, phong_hoc) VALUES ('24300953', 'DPH_2_MH1', 'GV0031', 'HK1', 2024, 'DHTH8', 5, 1, 3, 'A101');
INSERT INTO lop_hoc_phan (ma_lop_hoc_phan, ma_mon_hoc, ma_giang_vien, hoc_ky, nam_hoc, lop_hoc, thu_trong_tuan, tiet_bat_dau, tiet_ket_thuc, phong_hoc) VALUES ('24300954', 'DPH_2_MH1', 'GV0091', 'HK1', 2024, 'DHTH1', 2, 1, 3, 'A101');
INSERT INTO lop_hoc_phan (ma_lop_hoc_phan, ma_mon_hoc, ma_giang_vien, hoc_ky, nam_hoc, lop_hoc, thu_trong_tuan, tiet_bat_dau, tiet_ket_thuc, phong_hoc) VALUES ('24200955', 'DPH_2_MH1', 'GV0088', 'HK1', 2024, 'DHTH6', 2, 1, 3, 'A101');
INSERT INTO lop_hoc_phan (ma_lop_hoc_phan, ma_mon_hoc, ma_giang_vien, hoc_ky, nam_hoc, lop_hoc, thu_trong_tuan, tiet_bat_dau, tiet_ket_thuc, phong_hoc) VALUES ('24100956', 'DPH_2_MH1', 'GV0014', 'HK1', 2024, 'DHTH3', 6, 1, 3, 'A101');
INSERT INTO lop_hoc_phan (ma_lop_hoc_phan, ma_mon_hoc, ma_giang_vien, hoc_ky, nam_hoc, lop_hoc, thu_trong_tuan, tiet_bat_dau, tiet_ket_thuc, phong_hoc) VALUES ('24100957', 'DPH_2_MH1', 'GV0034', 'HK1', 2024, 'DHTH9', 5, 1, 3, 'A101');
INSERT INTO lop_hoc_phan (ma_lop_hoc_phan, ma_mon_hoc, ma_giang_vien, hoc_ky, nam_hoc, lop_hoc, thu_trong_tuan, tiet_bat_dau, tiet_ket_thuc, phong_hoc) VALUES ('24300958', 'DPH_2_MH1', 'GV0038', 'HK1', 2024, 'DHTH8', 6, 1, 3, 'A101');
INSERT INTO lop_hoc_phan (ma_lop_hoc_phan, ma_mon_hoc, ma_giang_vien, hoc_ky, nam_hoc, lop_hoc, thu_trong_tuan, tiet_bat_dau, tiet_ket_thuc, phong_hoc) VALUES ('24300959', 'DPH_2_MH1', 'GV0061', 'HK1', 2024, 'DHTH4', 3, 1, 3, 'A101');
INSERT INTO lop_hoc_phan (ma_lop_hoc_phan, ma_mon_hoc, ma_giang_vien, hoc_ky, nam_hoc, lop_hoc, thu_trong_tuan, tiet_bat_dau, tiet_ket_thuc, phong_hoc) VALUES ('24200960', 'DPH_2_MH1', 'GV0006', 'HK1', 2024, 'DHTH8', 2, 1, 3, 'A101');
INSERT INTO mon_hoc (ma_mon_hoc, ten_mon_hoc, tin_chi_ly_thuyet, tin_chi_thuc_hanh, loai_mon) VALUES ('DPH_2_MH2', 'Môn học 2 - DPH2', 2, 0, 'ly_thuyet');
INSERT INTO mon_hoc_nganh (ma_mon_hoc, ma_nganh, ma_chuyen_nganh, la_chuyen_nganh, nam_ap_dung) VALUES ('DPH_2_MH2', 'DPH', 'DPH2', TRUE, 2024);
INSERT INTO lop_hoc_phan (ma_lop_hoc_phan, ma_mon_hoc, ma_giang_vien, hoc_ky, nam_hoc, lop_hoc, thu_trong_tuan, tiet_bat_dau, tiet_ket_thuc, phong_hoc) VALUES ('24300961', 'DPH_2_MH2', 'GV0009', 'HK1', 2024, 'DHTH6', 3, 1, 3, 'A101');
INSERT INTO lop_hoc_phan (ma_lop_hoc_phan, ma_mon_hoc, ma_giang_vien, hoc_ky, nam_hoc, lop_hoc, thu_trong_tuan, tiet_bat_dau, tiet_ket_thuc, phong_hoc) VALUES ('24200962', 'DPH_2_MH2', 'GV0076', 'HK1', 2024, 'DHTH3', 6, 1, 3, 'A101');
INSERT INTO lop_hoc_phan (ma_lop_hoc_phan, ma_mon_hoc, ma_giang_vien, hoc_ky, nam_hoc, lop_hoc, thu_trong_tuan, tiet_bat_dau, tiet_ket_thuc, phong_hoc) VALUES ('24200963', 'DPH_2_MH2', 'GV0070', 'HK1', 2024, 'DHTH4', 2, 1, 3, 'A101');
INSERT INTO lop_hoc_phan (ma_lop_hoc_phan, ma_mon_hoc, ma_giang_vien, hoc_ky, nam_hoc, lop_hoc, thu_trong_tuan, tiet_bat_dau, tiet_ket_thuc, phong_hoc) VALUES ('24300964', 'DPH_2_MH2', 'GV0027', 'HK1', 2024, 'DHTH8', 2, 1, 3, 'A101');
INSERT INTO lop_hoc_phan (ma_lop_hoc_phan, ma_mon_hoc, ma_giang_vien, hoc_ky, nam_hoc, lop_hoc, thu_trong_tuan, tiet_bat_dau, tiet_ket_thuc, phong_hoc) VALUES ('24300965', 'DPH_2_MH2', 'GV0022', 'HK1', 2024, 'DHTH10', 4, 1, 3, 'A101');
INSERT INTO lop_hoc_phan (ma_lop_hoc_phan, ma_mon_hoc, ma_giang_vien, hoc_ky, nam_hoc, lop_hoc, thu_trong_tuan, tiet_bat_dau, tiet_ket_thuc, phong_hoc) VALUES ('24300966', 'DPH_2_MH2', 'GV0043', 'HK1', 2024, 'DHTH3', 2, 1, 3, 'A101');
INSERT INTO lop_hoc_phan (ma_lop_hoc_phan, ma_mon_hoc, ma_giang_vien, hoc_ky, nam_hoc, lop_hoc, thu_trong_tuan, tiet_bat_dau, tiet_ket_thuc, phong_hoc) VALUES ('24200967', 'DPH_2_MH2', 'GV0083', 'HK1', 2024, 'DHTH1', 6, 1, 3, 'A101');
INSERT INTO lop_hoc_phan (ma_lop_hoc_phan, ma_mon_hoc, ma_giang_vien, hoc_ky, nam_hoc, lop_hoc, thu_trong_tuan, tiet_bat_dau, tiet_ket_thuc, phong_hoc) VALUES ('24100968', 'DPH_2_MH2', 'GV0041', 'HK1', 2024, 'DHTH5', 6, 1, 3, 'A101');
INSERT INTO lop_hoc_phan (ma_lop_hoc_phan, ma_mon_hoc, ma_giang_vien, hoc_ky, nam_hoc, lop_hoc, thu_trong_tuan, tiet_bat_dau, tiet_ket_thuc, phong_hoc) VALUES ('24200969', 'DPH_2_MH2', 'GV0022', 'HK1', 2024, 'DHTH6', 3, 1, 3, 'A101');
INSERT INTO lop_hoc_phan (ma_lop_hoc_phan, ma_mon_hoc, ma_giang_vien, hoc_ky, nam_hoc, lop_hoc, thu_trong_tuan, tiet_bat_dau, tiet_ket_thuc, phong_hoc) VALUES ('24100970', 'DPH_2_MH2', 'GV0040', 'HK1', 2024, 'DHTH10', 5, 1, 3, 'A101');
INSERT INTO mon_hoc (ma_mon_hoc, ten_mon_hoc, tin_chi_ly_thuyet, tin_chi_thuc_hanh, loai_mon) VALUES ('DPH_2_MH3', 'Môn học 3 - DPH2', 2, 0, 'ly_thuyet');
INSERT INTO mon_hoc_nganh (ma_mon_hoc, ma_nganh, ma_chuyen_nganh, la_chuyen_nganh, nam_ap_dung) VALUES ('DPH_2_MH3', 'DPH', 'DPH2', TRUE, 2024);
INSERT INTO lop_hoc_phan (ma_lop_hoc_phan, ma_mon_hoc, ma_giang_vien, hoc_ky, nam_hoc, lop_hoc, thu_trong_tuan, tiet_bat_dau, tiet_ket_thuc, phong_hoc) VALUES ('24100971', 'DPH_2_MH3', 'GV0031', 'HK1', 2024, 'DHTH5', 4, 1, 3, 'A101');
INSERT INTO lop_hoc_phan (ma_lop_hoc_phan, ma_mon_hoc, ma_giang_vien, hoc_ky, nam_hoc, lop_hoc, thu_trong_tuan, tiet_bat_dau, tiet_ket_thuc, phong_hoc) VALUES ('24300972', 'DPH_2_MH3', 'GV0077', 'HK1', 2024, 'DHTH9', 5, 1, 3, 'A101');
INSERT INTO lop_hoc_phan (ma_lop_hoc_phan, ma_mon_hoc, ma_giang_vien, hoc_ky, nam_hoc, lop_hoc, thu_trong_tuan, tiet_bat_dau, tiet_ket_thuc, phong_hoc) VALUES ('24200973', 'DPH_2_MH3', 'GV0043', 'HK1', 2024, 'DHTH3', 4, 1, 3, 'A101');
INSERT INTO lop_hoc_phan (ma_lop_hoc_phan, ma_mon_hoc, ma_giang_vien, hoc_ky, nam_hoc, lop_hoc, thu_trong_tuan, tiet_bat_dau, tiet_ket_thuc, phong_hoc) VALUES ('24300974', 'DPH_2_MH3', 'GV0009', 'HK1', 2024, 'DHTH10', 4, 1, 3, 'A101');
INSERT INTO lop_hoc_phan (ma_lop_hoc_phan, ma_mon_hoc, ma_giang_vien, hoc_ky, nam_hoc, lop_hoc, thu_trong_tuan, tiet_bat_dau, tiet_ket_thuc, phong_hoc) VALUES ('24300975', 'DPH_2_MH3', 'GV0040', 'HK1', 2024, 'DHTH1', 6, 1, 3, 'A101');
INSERT INTO lop_hoc_phan (ma_lop_hoc_phan, ma_mon_hoc, ma_giang_vien, hoc_ky, nam_hoc, lop_hoc, thu_trong_tuan, tiet_bat_dau, tiet_ket_thuc, phong_hoc) VALUES ('24200976', 'DPH_2_MH3', 'GV0046', 'HK1', 2024, 'DHTH10', 2, 1, 3, 'A101');
INSERT INTO lop_hoc_phan (ma_lop_hoc_phan, ma_mon_hoc, ma_giang_vien, hoc_ky, nam_hoc, lop_hoc, thu_trong_tuan, tiet_bat_dau, tiet_ket_thuc, phong_hoc) VALUES ('24100977', 'DPH_2_MH3', 'GV0058', 'HK1', 2024, 'DHTH9', 5, 1, 3, 'A101');
INSERT INTO lop_hoc_phan (ma_lop_hoc_phan, ma_mon_hoc, ma_giang_vien, hoc_ky, nam_hoc, lop_hoc, thu_trong_tuan, tiet_bat_dau, tiet_ket_thuc, phong_hoc) VALUES ('24200978', 'DPH_2_MH3', 'GV0035', 'HK1', 2024, 'DHTH6', 3, 1, 3, 'A101');
INSERT INTO lop_hoc_phan (ma_lop_hoc_phan, ma_mon_hoc, ma_giang_vien, hoc_ky, nam_hoc, lop_hoc, thu_trong_tuan, tiet_bat_dau, tiet_ket_thuc, phong_hoc) VALUES ('24200979', 'DPH_2_MH3', 'GV0055', 'HK1', 2024, 'DHTH6', 5, 1, 3, 'A101');
INSERT INTO lop_hoc_phan (ma_lop_hoc_phan, ma_mon_hoc, ma_giang_vien, hoc_ky, nam_hoc, lop_hoc, thu_trong_tuan, tiet_bat_dau, tiet_ket_thuc, phong_hoc) VALUES ('24300980', 'DPH_2_MH3', 'GV0059', 'HK1', 2024, 'DHTH6', 5, 1, 3, 'A101');
INSERT INTO mon_hoc (ma_mon_hoc, ten_mon_hoc, tin_chi_ly_thuyet, tin_chi_thuc_hanh, loai_mon) VALUES ('DPH_2_MH4', 'Môn học 4 - DPH2', 2, 0, 'ly_thuyet');
INSERT INTO mon_hoc_nganh (ma_mon_hoc, ma_nganh, ma_chuyen_nganh, la_chuyen_nganh, nam_ap_dung) VALUES ('DPH_2_MH4', 'DPH', 'DPH2', TRUE, 2024);
INSERT INTO lop_hoc_phan (ma_lop_hoc_phan, ma_mon_hoc, ma_giang_vien, hoc_ky, nam_hoc, lop_hoc, thu_trong_tuan, tiet_bat_dau, tiet_ket_thuc, phong_hoc) VALUES ('24300981', 'DPH_2_MH4', 'GV0041', 'HK1', 2024, 'DHTH3', 3, 1, 3, 'A101');
INSERT INTO lop_hoc_phan (ma_lop_hoc_phan, ma_mon_hoc, ma_giang_vien, hoc_ky, nam_hoc, lop_hoc, thu_trong_tuan, tiet_bat_dau, tiet_ket_thuc, phong_hoc) VALUES ('24300982', 'DPH_2_MH4', 'GV0032', 'HK1', 2024, 'DHTH9', 3, 1, 3, 'A101');
INSERT INTO lop_hoc_phan (ma_lop_hoc_phan, ma_mon_hoc, ma_giang_vien, hoc_ky, nam_hoc, lop_hoc, thu_trong_tuan, tiet_bat_dau, tiet_ket_thuc, phong_hoc) VALUES ('24300983', 'DPH_2_MH4', 'GV0017', 'HK1', 2024, 'DHTH10', 6, 1, 3, 'A101');
INSERT INTO lop_hoc_phan (ma_lop_hoc_phan, ma_mon_hoc, ma_giang_vien, hoc_ky, nam_hoc, lop_hoc, thu_trong_tuan, tiet_bat_dau, tiet_ket_thuc, phong_hoc) VALUES ('24300984', 'DPH_2_MH4', 'GV0066', 'HK1', 2024, 'DHTH7', 3, 1, 3, 'A101');
INSERT INTO lop_hoc_phan (ma_lop_hoc_phan, ma_mon_hoc, ma_giang_vien, hoc_ky, nam_hoc, lop_hoc, thu_trong_tuan, tiet_bat_dau, tiet_ket_thuc, phong_hoc) VALUES ('24100985', 'DPH_2_MH4', 'GV0008', 'HK1', 2024, 'DHTH3', 4, 1, 3, 'A101');
INSERT INTO lop_hoc_phan (ma_lop_hoc_phan, ma_mon_hoc, ma_giang_vien, hoc_ky, nam_hoc, lop_hoc, thu_trong_tuan, tiet_bat_dau, tiet_ket_thuc, phong_hoc) VALUES ('24100986', 'DPH_2_MH4', 'GV0092', 'HK1', 2024, 'DHTH1', 5, 1, 3, 'A101');
INSERT INTO lop_hoc_phan (ma_lop_hoc_phan, ma_mon_hoc, ma_giang_vien, hoc_ky, nam_hoc, lop_hoc, thu_trong_tuan, tiet_bat_dau, tiet_ket_thuc, phong_hoc) VALUES ('24200987', 'DPH_2_MH4', 'GV0057', 'HK1', 2024, 'DHTH5', 4, 1, 3, 'A101');
INSERT INTO lop_hoc_phan (ma_lop_hoc_phan, ma_mon_hoc, ma_giang_vien, hoc_ky, nam_hoc, lop_hoc, thu_trong_tuan, tiet_bat_dau, tiet_ket_thuc, phong_hoc) VALUES ('24100988', 'DPH_2_MH4', 'GV0089', 'HK1', 2024, 'DHTH2', 6, 1, 3, 'A101');
INSERT INTO lop_hoc_phan (ma_lop_hoc_phan, ma_mon_hoc, ma_giang_vien, hoc_ky, nam_hoc, lop_hoc, thu_trong_tuan, tiet_bat_dau, tiet_ket_thuc, phong_hoc) VALUES ('24300989', 'DPH_2_MH4', 'GV0060', 'HK1', 2024, 'DHTH2', 6, 1, 3, 'A101');
INSERT INTO lop_hoc_phan (ma_lop_hoc_phan, ma_mon_hoc, ma_giang_vien, hoc_ky, nam_hoc, lop_hoc, thu_trong_tuan, tiet_bat_dau, tiet_ket_thuc, phong_hoc) VALUES ('24200990', 'DPH_2_MH4', 'GV0025', 'HK1', 2024, 'DHTH8', 6, 1, 3, 'A101');
INSERT INTO mon_hoc (ma_mon_hoc, ten_mon_hoc, tin_chi_ly_thuyet, tin_chi_thuc_hanh, loai_mon) VALUES ('DPH_2_MH5', 'Môn học 5 - DPH2', 2, 0, 'ly_thuyet');
INSERT INTO mon_hoc_nganh (ma_mon_hoc, ma_nganh, ma_chuyen_nganh, la_chuyen_nganh, nam_ap_dung) VALUES ('DPH_2_MH5', 'DPH', 'DPH2', TRUE, 2024);
INSERT INTO lop_hoc_phan (ma_lop_hoc_phan, ma_mon_hoc, ma_giang_vien, hoc_ky, nam_hoc, lop_hoc, thu_trong_tuan, tiet_bat_dau, tiet_ket_thuc, phong_hoc) VALUES ('24300991', 'DPH_2_MH5', 'GV0052', 'HK1', 2024, 'DHTH10', 6, 1, 3, 'A101');
INSERT INTO lop_hoc_phan (ma_lop_hoc_phan, ma_mon_hoc, ma_giang_vien, hoc_ky, nam_hoc, lop_hoc, thu_trong_tuan, tiet_bat_dau, tiet_ket_thuc, phong_hoc) VALUES ('24200992', 'DPH_2_MH5', 'GV0027', 'HK1', 2024, 'DHTH9', 6, 1, 3, 'A101');
INSERT INTO lop_hoc_phan (ma_lop_hoc_phan, ma_mon_hoc, ma_giang_vien, hoc_ky, nam_hoc, lop_hoc, thu_trong_tuan, tiet_bat_dau, tiet_ket_thuc, phong_hoc) VALUES ('24100993', 'DPH_2_MH5', 'GV0035', 'HK1', 2024, 'DHTH5', 3, 1, 3, 'A101');
INSERT INTO lop_hoc_phan (ma_lop_hoc_phan, ma_mon_hoc, ma_giang_vien, hoc_ky, nam_hoc, lop_hoc, thu_trong_tuan, tiet_bat_dau, tiet_ket_thuc, phong_hoc) VALUES ('24300994', 'DPH_2_MH5', 'GV0040', 'HK1', 2024, 'DHTH6', 6, 1, 3, 'A101');
INSERT INTO lop_hoc_phan (ma_lop_hoc_phan, ma_mon_hoc, ma_giang_vien, hoc_ky, nam_hoc, lop_hoc, thu_trong_tuan, tiet_bat_dau, tiet_ket_thuc, phong_hoc) VALUES ('24100995', 'DPH_2_MH5', 'GV0033', 'HK1', 2024, 'DHTH9', 4, 1, 3, 'A101');
INSERT INTO lop_hoc_phan (ma_lop_hoc_phan, ma_mon_hoc, ma_giang_vien, hoc_ky, nam_hoc, lop_hoc, thu_trong_tuan, tiet_bat_dau, tiet_ket_thuc, phong_hoc) VALUES ('24300996', 'DPH_2_MH5', 'GV0082', 'HK1', 2024, 'DHTH5', 5, 1, 3, 'A101');
INSERT INTO lop_hoc_phan (ma_lop_hoc_phan, ma_mon_hoc, ma_giang_vien, hoc_ky, nam_hoc, lop_hoc, thu_trong_tuan, tiet_bat_dau, tiet_ket_thuc, phong_hoc) VALUES ('24200997', 'DPH_2_MH5', 'GV0055', 'HK1', 2024, 'DHTH9', 3, 1, 3, 'A101');
INSERT INTO lop_hoc_phan (ma_lop_hoc_phan, ma_mon_hoc, ma_giang_vien, hoc_ky, nam_hoc, lop_hoc, thu_trong_tuan, tiet_bat_dau, tiet_ket_thuc, phong_hoc) VALUES ('24300998', 'DPH_2_MH5', 'GV0036', 'HK1', 2024, 'DHTH8', 2, 1, 3, 'A101');
INSERT INTO lop_hoc_phan (ma_lop_hoc_phan, ma_mon_hoc, ma_giang_vien, hoc_ky, nam_hoc, lop_hoc, thu_trong_tuan, tiet_bat_dau, tiet_ket_thuc, phong_hoc) VALUES ('24100999', 'DPH_2_MH5', 'GV0018', 'HK1', 2024, 'DHTH8', 5, 1, 3, 'A101');
INSERT INTO lop_hoc_phan (ma_lop_hoc_phan, ma_mon_hoc, ma_giang_vien, hoc_ky, nam_hoc, lop_hoc, thu_trong_tuan, tiet_bat_dau, tiet_ket_thuc, phong_hoc) VALUES ('24301000', 'DPH_2_MH5', 'GV0064', 'HK1', 2024, 'DHTH3', 6, 1, 3, 'A101');